category,facility_type,name,latitude,longitude,source
안전,cctv,0001-1-모라로46번길_28_모라초등학교,35.189361,128.986056,부산광역시_방범용 CCTV 정보_20251229
안전,cctv,0001-구-모라로46번길_28_모라초등학교_고1,35.189361,128.986056,부산광역시_방범용 CCTV 정보_20251229
안전,cctv,0001-구-모라로46번길_28_모라초등학교_고2,35.189361,128.986056,부산광역시_방범용 CCTV 정보_20251229
안전,cctv,0002-18-새벽로167번길_40_신흥갈비_고1,35.156491,128.981098,부산광역시_방범용 CCTV 정보_20251229
안전,cctv,0002-18-새벽로167번길_40_신흥갈비_고2,35.156491,128.981098,부산광역시_방범용 CCTV 정보_20251229
안전,cctv,0002-1-새벽로167번길_40_신흥갈비,35.156491,128.981098,부산광역시_방범용 CCTV 정보_20251229
안전,cctv,0003-1-진사로24번길_9_다솜공원,35.149326,129.015694,부산광역시_방범용 CCTV 정보_20251229
안전,cctv,0004-1-새벽시장로56번가길_12_삼지공원,35.15481,128.979296,부산광역시_방범용 CCTV 정보_20251229
안전,cctv,0005-1-강선로_13_GS25_사상덕포점,35.168942,128.983509,부산광역시_방범용 CCTV 정보_20251229
안전,cctv,0006-1-강선로22번길_28_사상고등학교_뒤,35.167941,128.985172,부산광역시_방범용 CCTV 정보_20251229
안전,cctv,0007-1-삼락동_29-8_삼락공원_주차장,35.189835,128.978174,부산광역시_방범용 CCTV 정보_20251229
안전,cctv,0008-1-주감로_231_이바구국밥,35.151799,129.011168,부산광역시_방범용 CCTV 정보_20251229
안전,cctv,0008-구-주감로_231_이바구국밥_고1,35.151799,129.011168,부산광역시_방범용 CCTV 정보_20251229
안전,cctv,0008-구-주감로_231_이바구국밥_고2,35.151799,129.011168,부산광역시_방범용 CCTV 정보_20251229
안전,cctv,0009-1-낙동대로_1231_삼락체육공원_삼거리,35.168616,128.975161,부산광역시_방범용 CCTV 정보_20251229
안전,cctv,0010-1-진사로36번길_17_남정탕,35.147717,129.015457,부산광역시_방범용 CCTV 정보_20251229
안전,cctv,0011-2-대동로_205_학장초교앞,35.145537,128.984672,부산광역시_방범용 CCTV 정보_20251229
안전,cctv,0012-2-대동로107번길_9-8_학장연립앞교량,35.140289,128.979076,부산광역시_방범용 CCTV 정보_20251229
안전,cctv,0012-2-대동로107번길_9-8_학장연립앞교량_고1,35.140289,128.979076,부산광역시_방범용 CCTV 정보_20251229
안전,cctv,0012-2-대동로107번길_9-8_학장연립앞교량_고2,35.140289,128.979076,부산광역시_방범용 CCTV 정보_20251229
안전,cctv,0012-2-대동로107번길_9-8_학장연립앞교량_고3,35.140289,128.979076,부산광역시_방범용 CCTV 정보_20251229
안전,cctv,0013-2-삼덕로_24_삼덕초등앞,35.172783,128.979117,부산광역시_방범용 CCTV 정보_20251229
안전,cctv,0013-구-삼덕로_24_삼덕초등앞_고1,35.172783,128.979117,부산광역시_방범용 CCTV 정보_20251229
안전,cctv,0013-구-삼덕로_24_삼덕초등앞_고2,35.172783,128.979117,부산광역시_방범용 CCTV 정보_20251229
안전,cctv,0013-구-삼덕로_24_삼덕초등앞_고3,35.172783,128.979117,부산광역시_방범용 CCTV 정보_20251229
안전,cctv,0014-2-사상로181번길_45_사상부동산_앞_사거리,35.1587,128.98613,부산광역시_방범용 CCTV 정보_20251229
안전,cctv,0015-2-양지로_18_양지2공원,35.154066,129.004984,부산광역시_방범용 CCTV 정보_20251229
안전,cctv,0016-2-운산로_65_사상초교앞,35.16727,128.983633,부산광역시_방범용 CCTV 정보_20251229
안전,cctv,0017-2-삼덕로_83_덕포초교앞,35.173388,128.986512,부산광역시_방범용 CCTV 정보_20251229
안전,cctv,0018-2-사상로_310번길_54_유원APT입구,35.171948,128.986124,부산광역시_방범용 CCTV 정보_20251229
안전,cctv,0019-2-사상로148번길_13_셀프빨래방_앞,35.159592,128.988266,부산광역시_방범용 CCTV 정보_20251229
안전,cctv,0020-2-사상로_194_시외터미널건널목,35.1616717,128.9851427,부산광역시_방범용 CCTV 정보_20251229
안전,cctv,0021-2-사상로_22_롯데캐슬골드스마트,35.15126188,128.9976364,부산광역시_방범용 CCTV 정보_20251229
안전,cctv,0022-2-사상로531번길_24_모라역_동신공구_앞_사거리,35.191689,128.989677,부산광역시_방범용 CCTV 정보_20251229
안전,cctv,0023-폐-사상로310번길_10_중흥S클래스APT입구,35.172355,128.983806,부산광역시_방범용 CCTV 정보_20251229
안전,cctv,0024-폐-모라동_산104-3_운수천공영주차장,35.1859955,129.0103916,부산광역시_방범용 CCTV 정보_20251229
안전,cctv,0024-폐-모라동_산104-3_운수천공영주차장_고1,35.1859955,129.0103916,부산광역시_방범용 CCTV 정보_20251229
안전,cctv,0024-폐-모라동_산104-3_운수천공영주차장_고2,35.1859955,129.0103916,부산광역시_방범용 CCTV 정보_20251229
안전,cctv,0025-폐-괘감로_63_서감초교_사거리,35.158107,128.98158,부산광역시_방범용 CCTV 정보_20251229
안전,cctv,0026-폐-사상로211번길_51_괘법동_투헤븐호텔,35.163983,128.981023,부산광역시_방범용 CCTV 정보_20251229
안전,cctv,0026-폐-사상로211번길_51_괘법동_투헤븐호텔_고1,35.163983,128.981023,부산광역시_방범용 CCTV 정보_20251229
안전,cctv,0026-폐-사상로211번길_51_괘법동_투헤븐호텔_고2,35.163983,128.981023,부산광역시_방범용 CCTV 정보_20251229
안전,cctv,0026-폐-사상로211번길_51_괘법동_투헤븐호텔_고3,35.163983,128.981023,부산광역시_방범용 CCTV 정보_20251229
안전,cctv,0027-폐-사상로519번길_27_다솜빌라_앞,35.19125974,128.9875488,부산광역시_방범용 CCTV 정보_20251229
안전,cctv,0028-폐-사상로310번길_79_유원APT_주변,35.17085,128.986681,부산광역시_방범용 CCTV 정보_20251229
안전,cctv,0029-폐-가야대로255번길_26_주례1동_행정복지센터,35.151365,129.001689,부산광역시_방범용 CCTV 정보_20251229
안전,cctv,0031-폐-양지로42번길_80-27_양지1공원_주변,35.154833,129.003269,부산광역시_방범용 CCTV 정보_20251229
안전,cctv,0032-폐-백양대로500번길_21_백양공원,35.155326,128.998121,부산광역시_방범용 CCTV 정보_20251229
안전,cctv,0033-폐-주례로_142_주례지구대_앞,35.145996,129.000992,부산광역시_방범용 CCTV 정보_20251229
안전,cctv,0034-폐-학장로_203_학장제일교회_주변,35.144046,128.988934,부산광역시_방범용 CCTV 정보_20251229
안전,cctv,0035-폐-학장로216번길_26-3_우리할인마트,35.143113,128.98963,부산광역시_방범용 CCTV 정보_20251229
안전,cctv,0036-폐-모라로51번길_51_우리은행_사거리,35.191924,128.988738,부산광역시_방범용 CCTV 정보_20251229
안전,cctv,0037-3-낙동대로1530번길_27_대흥축산,35.193908,128.986175,부산광역시_방범용 CCTV 정보_20251229
안전,cctv,0038-3-백양대로_952_부산학원근처(철길육교부근),35.191512,128.990365,부산광역시_방범용 CCTV 정보_20251229
안전,cctv,0039-3-모라로110번길_121_모산초_3동행복센터,35.184381,128.995833,부산광역시_방범용 CCTV 정보_20251229
안전,cctv,0039-3-모라로110번길_121_모산초_3동행복센터_고1,35.184381,128.995833,부산광역시_방범용 CCTV 정보_20251229
안전,cctv,0039-3-모라로110번길_121_모산초_3동행복센터_고2,35.184381,128.995833,부산광역시_방범용 CCTV 정보_20251229
안전,cctv,0039-3-모라로110번길_121_모산초_3동행복센터_고3,35.184381,128.995833,부산광역시_방범용 CCTV 정보_20251229
안전,cctv,0040-3-모라로192번길_서당골공원,35.181245,129.000643,부산광역시_방범용 CCTV 정보_20251229
안전,cctv,0041-3-사상로_310번길_55-28_유원APT입구골목길,35.171413,128.987056,부산광역시_방범용 CCTV 정보_20251229
안전,cctv,0042-3-강선로_44_덕포여중삼거리주택가,35.16866,128.986691,부산광역시_방범용 CCTV 정보_20251229
안전,cctv,0043-3-백양대로_703번길_15_경흥빌라앞,35.169766,128.987489,부산광역시_방범용 CCTV 정보_20251229
안전,cctv,0044-3-백양대로700번길50_신라대-신라중학교_삼거리,35.1689645,128.9906899,부산광역시_방범용 CCTV 정보_20251229
안전,cctv,0045-3-덕상로_112_CU편의점_(덕포부원점),35.181466,128.990498,부산광역시_방범용 CCTV 정보_20251229
안전,cctv,0045-3-덕상로_112_CU편의점_(덕포부원점)_고1,35.181466,128.990498,부산광역시_방범용 CCTV 정보_20251229
안전,cctv,0045-3-덕상로_112_CU편의점_(덕포부원점)_고2,35.181466,128.990498,부산광역시_방범용 CCTV 정보_20251229
안전,cctv,0045-3-덕상로_112_CU편의점_(덕포부원점)_고3,35.181466,128.990498,부산광역시_방범용 CCTV 정보_20251229
안전,cctv,0046-3-덕상로_26-10_덕포가족산책공원입구,35.173703,128.990208,부산광역시_방범용 CCTV 정보_20251229
안전,cctv,0047-3-광장로_103번길_34_괘법주택재개발조합앞,35.164424,128.987798,부산광역시_방범용 CCTV 정보_20251229
안전,cctv,0048-3-광장로105번길_41_경남빌라밑굴다리,35.164196,128.988807,부산광역시_방범용 CCTV 정보_20251229
안전,cctv,0048-구-광장로105번길_41_경남빌라밑굴다리_고1,35.164196,128.988807,부산광역시_방범용 CCTV 정보_20251229
안전,cctv,0048-구-광장로105번길_41_경남빌라밑굴다리_고2,35.164196,128.988807,부산광역시_방범용 CCTV 정보_20251229
안전,cctv,0049-3-광장로13번길_63_우신하이츠빌라앞(창진초교),35.166056,128.978638,부산광역시_방범용 CCTV 정보_20251229
안전,cctv,0050-3-백양대로_561번길_21_번지_화목빌라앞,35.157398,128.992241,부산광역시_방범용 CCTV 정보_20251229
안전,cctv,0051-3-사상로_96-19_반야정사앞삼거리,35.156421,128.991803,부산광역시_방범용 CCTV 정보_20251229
안전,cctv,0052-3-백양대로_445번길_118_온골굴다리(경남유통),35.153099,128.996928,부산광역시_방범용 CCTV 정보_20251229
안전,cctv,0053-3-사상로277번가길_23-1_현대슈퍼앞,35.170828,128.980296,부산광역시_방범용 CCTV 정보_20251229
안전,cctv,0054-3-주례로_45_경남정보대학정문주변,35.146834,129.012997,부산광역시_방범용 CCTV 정보_20251229
안전,cctv,0054-구-주례로_45_경남정보대학정문주변_고1,35.146834,129.012997,부산광역시_방범용 CCTV 정보_20251229
안전,cctv,0054-구-주례로_45_경남정보대학정문주변_고2,35.146834,129.012997,부산광역시_방범용 CCTV 정보_20251229
안전,cctv,0055-3-가야대로_306번길_62_주례성당앞(동주초교),35.147671,129.006286,부산광역시_방범용 CCTV 정보_20251229
안전,cctv,0055-구-가야대로306번길_62_주례성당앞(동주초)_고1,35.147671,129.006286,부산광역시_방범용 CCTV 정보_20251229
안전,cctv,0055-구-가야대로306번길_62_주례성당앞(동주초)_고2,35.147671,129.006286,부산광역시_방범용 CCTV 정보_20251229
안전,cctv,0056-18-동주로_16번길_47_고운어린이집앞_고1,35.147869,128.998862,부산광역시_방범용 CCTV 정보_20251229
안전,cctv,0056-18-동주로_16번길_47_고운어린이집앞_고2,35.147869,128.998862,부산광역시_방범용 CCTV 정보_20251229
안전,cctv,0056-18-동주로_16번길_47_고운어린이집앞_고3,35.147869,128.998862,부산광역시_방범용 CCTV 정보_20251229
안전,cctv,0056-3-동주로_16번길_47_고운어린이집앞,35.147869,128.998862,부산광역시_방범용 CCTV 정보_20251229
안전,cctv,0057-3-학감대로_49번길_28-39_학장사회복지관입구,35.138627,128.989633,부산광역시_방범용 CCTV 정보_20251229
안전,cctv,0058-18-학장로_216번길_26-11_럭키슈퍼앞_고1,35.143552,128.989202,부산광역시_방범용 CCTV 정보_20251229
안전,cctv,0058-18-학장로_216번길_26-11_럭키슈퍼앞_고2,35.143552,128.989202,부산광역시_방범용 CCTV 정보_20251229
안전,cctv,0058-18-학장로_216번길_26-11_럭키슈퍼앞_고3,35.143552,128.989202,부산광역시_방범용 CCTV 정보_20251229
안전,cctv,0058-3-학장로_216번길_26-11_럭키슈퍼앞,35.143552,128.989202,부산광역시_방범용 CCTV 정보_20251229
안전,cctv,0059-3-가야대로_405_경부선_철로_육교아래쪽,35.152671,129.016402,부산광역시_방범용 CCTV 정보_20251229
안전,cctv,0060-3-주감로_257_주례2동_철길마을_21통_지역,35.152266,129.015243,부산광역시_방범용 CCTV 정보_20251229
안전,cctv,0061-3-주감로_243_주례2동_철길마을_20통_지역,35.151857,129.012657,부산광역시_방범용 CCTV 정보_20251229
안전,cctv,0062-4-모라로_129번길_모동초등학교_정문_맞은편,35.18471,129.001326,부산광역시_방범용 CCTV 정보_20251229
안전,cctv,0063-4-삼덕로_45번길_14_낙동빌라_앞,35.174775,128.981988,부산광역시_방범용 CCTV 정보_20251229
안전,cctv,0064-4-백양대로_469_고집불통_뒷길,35.152505,129.000472,부산광역시_방범용 CCTV 정보_20251229
안전,cctv,0065-4-백양대로_437번길9_산포슈퍼앞,35.151798,129.003993,부산광역시_방범용 CCTV 정보_20251229
안전,cctv,0066-4-양지로_48_주례1동_주감초_정문앞,35.153754,129.00163,부산광역시_방범용 CCTV 정보_20251229
안전,cctv,0066-4-양지로_48_주례1동_주감초_정문앞_고1,35.153754,129.00163,부산광역시_방범용 CCTV 정보_20251229
안전,cctv,0066-4-양지로_48_주례1동_주감초_정문앞_고2,35.153754,129.00163,부산광역시_방범용 CCTV 정보_20251229
안전,cctv,0066-4-양지로_48_주례1동_주감초_정문앞_고3,35.153754,129.00163,부산광역시_방범용 CCTV 정보_20251229
안전,cctv,0067-4-사상로386번길_42_덕포공원,35.178561,128.987818,부산광역시_방범용 CCTV 정보_20251229
안전,cctv,0068-4-삼덕로99번길38_벽산블루밍_뒤_경로당,35.174839,128.98781,부산광역시_방범용 CCTV 정보_20251229
안전,cctv,0069-4-사상로_104번길28_동남씨앤씨,35.157328,128.990231,부산광역시_방범용 CCTV 정보_20251229
안전,cctv,0070-4-백양대로_950번가길68_부산우유사거리,35.193779,128.993716,부산광역시_방범용 CCTV 정보_20251229
안전,cctv,0071-4-백양대로_950번나길94_야시곡공원,35.19479,128.994699,부산광역시_방범용 CCTV 정보_20251229
안전,cctv,0072-4-사상로_433번길_38_어울림공원,35.1836291,128.9840714,부산광역시_방범용 CCTV 정보_20251229
안전,cctv,0073-4-엄궁로_179번길13_엄궁초등학교_뒤,35.128862,128.97482,부산광역시_방범용 CCTV 정보_20251229
안전,cctv,0073-구-엄궁로_179번길13_엄궁초등학교_뒤_고1,35.128862,128.97482,부산광역시_방범용 CCTV 정보_20251229
안전,cctv,0073-구-엄궁로_179번길13_엄궁초등학교_뒤_고2,35.128862,128.97482,부산광역시_방범용 CCTV 정보_20251229
안전,cctv,0074-4-학감대로_267번길43_감전초등학교앞,35.155107,128.988575,부산광역시_방범용 CCTV 정보_20251229
안전,cctv,0074-구-학감대로_267번길43_감전초등학교앞_고1,35.155107,128.988575,부산광역시_방범용 CCTV 정보_20251229
안전,cctv,0074-구-학감대로_267번길43_감전초등학교앞_고2,35.155107,128.988575,부산광역시_방범용 CCTV 정보_20251229
안전,cctv,0075-4-삼덕로_73번길13_덕포초교_뒷문교차로,35.174489,128.985013,부산광역시_방범용 CCTV 정보_20251229
안전,cctv,0076-4-학감대로_49_구학초등학교_입구,35.137072,128.993039,부산광역시_방범용 CCTV 정보_20251229
안전,cctv,0077-4-덕상로_39_덕상초등학교_아래_사거리,35.175189,128.989826,부산광역시_방범용 CCTV 정보_20251229
안전,cctv,0078-4-대동로_34-16_학진초등학교_부근,35.1341,128.974113,부산광역시_방범용 CCTV 정보_20251229
안전,cctv,0079-4-삼덕로5번길171_부산솔빛학교,35.181646,128.979126,부산광역시_방범용 CCTV 정보_20251229
안전,cctv,0080-4-엄궁로70-7_동궁초등학교_아래,35.122946,128.972966,부산광역시_방범용 CCTV 정보_20251229
안전,cctv,0080-구-엄궁로70-7_동궁초등학교_아래_고1,35.122946,128.972966,부산광역시_방범용 CCTV 정보_20251229
안전,cctv,0080-구-엄궁로70-7_동궁초등학교_아래_고2,35.122946,128.972966,부산광역시_방범용 CCTV 정보_20251229
안전,cctv,0081-4-백양대로_902번길32-3_벧엘유치원,35.1868608,128.9924498,부산광역시_방범용 CCTV 정보_20251229
안전,cctv,0082-4-백양대로_700번길_18-8_마이빌_5호동_앞,35.168752,128.989154,부산광역시_방범용 CCTV 정보_20251229
안전,cctv,0083-4-사상로331_덕포역_부근,35.174127,128.983992,부산광역시_방범용 CCTV 정보_20251229
안전,cctv,0084-4-백양대로_804번길42-55_대덕여고_입구,35.17888,128.992227,부산광역시_방범용 CCTV 정보_20251229
안전,cctv,0085-4-새벽로_202번길_25_갈매기포차,35.1648148,128.981115,부산광역시_방범용 CCTV 정보_20251229
안전,cctv,0086-4-주례동_294_창신공원,35.15621,129.004878,부산광역시_방범용 CCTV 정보_20251229
안전,cctv,0087-4-주례동_221-2_주양초등학교,35.1533458,129.0110205,부산광역시_방범용 CCTV 정보_20251229
안전,cctv,0088-4-엄궁남로22_엄궁쌈지작은도서관,35.125145,128.970375,부산광역시_방범용 CCTV 정보_20251229
안전,cctv,0089-4-사상로_277번길_50_현대골든빌라앞,35.1706,128.979788,부산광역시_방범용 CCTV 정보_20251229
안전,cctv,0090-4-백양대로646번가길8_괘법그린빌라_부근,35.164729,128.990068,부산광역시_방범용 CCTV 정보_20251229
안전,cctv,0090-구-백양대로646번가길8_괘법그린빌라_부근_고1,35.164729,128.990068,부산광역시_방범용 CCTV 정보_20251229
안전,cctv,0090-구-백양대로646번가길8_괘법그린빌라_부근_고2,35.164729,128.990068,부산광역시_방범용 CCTV 정보_20251229
안전,cctv,0091-4-사상로_238번길7_CU_앞_(시골대패삼겹살),35.166132,128.983633,부산광역시_방범용 CCTV 정보_20251229
안전,cctv,0092-4-낙동대로915번길26_유창벤딩앞,35.142221,128.968091,부산광역시_방범용 CCTV 정보_20251229
안전,cctv,0093-4-가야대로277번길30_선도아트빌_앞_굴다리,35.152309,129.003339,부산광역시_방범용 CCTV 정보_20251229
안전,cctv,0094-4-주례로10번길132_주례럭키APT_7동옆_삼거리,35.149274,129.00423,부산광역시_방범용 CCTV 정보_20251229
안전,cctv,0095-0-4-감전동_205_감전지하철역_사거리_회전,35.155811,128.990987,부산광역시_방범용 CCTV 정보_20251229
안전,cctv,0095-1-4-감전동_205_감전지하철역_사거리_고1,35.155811,128.990987,부산광역시_방범용 CCTV 정보_20251229
안전,cctv,0095-2-4-감전동_205_감전지하철역_사거리_고2,35.155811,128.990987,부산광역시_방범용 CCTV 정보_20251229
안전,cctv,0095-3-4-감전동_205_감전지하철역_사거리_고3,35.155811,128.990987,부산광역시_방범용 CCTV 정보_20251229
안전,cctv,0096-5-사상로500번길_15_진각종_보불심인당_굴다리,35.1887404,128.9894136,부산광역시_방범용 CCTV 정보_20251229
안전,cctv,0096-구-사상로500번길15_진각종보불심인당굴다리고1,35.1887404,128.9894136,부산광역시_방범용 CCTV 정보_20251229
안전,cctv,0096-구-사상로500번길15_진각종보불심인당굴다리고2,35.1887404,128.9894136,부산광역시_방범용 CCTV 정보_20251229
안전,cctv,0096-구-사상로500번길15_진각종보불심인당굴다리고3,35.1887404,128.9894136,부산광역시_방범용 CCTV 정보_20251229
안전,cctv,0097-5-광장로87번길_97_극동세탁,35.16665,128.984236,부산광역시_방범용 CCTV 정보_20251229
안전,cctv,0098-5-가야대로318번길_59_주례여중뒤_창신APT,35.147736,129.007761,부산광역시_방범용 CCTV 정보_20251229
안전,cctv,0099-5-주례로93_현대무지개APT상가,35.146442,129.00601,부산광역시_방범용 CCTV 정보_20251229
안전,cctv,0100-5-학감대로133번길_43_학장천_승학교앞,35.142086,128.985488,부산광역시_방범용 CCTV 정보_20251229
안전,cctv,0101-5-엄궁북로4번가길_88_부산축복교회주변,35.1254482,128.972225,부산광역시_방범용 CCTV 정보_20251229
안전,cctv,0101-구-엄궁북로4번가길_88_부산축복교회주변_고1,35.1254482,128.972225,부산광역시_방범용 CCTV 정보_20251229
안전,cctv,0101-구-엄궁북로4번가길_88_부산축복교회주변_고2,35.1254482,128.972225,부산광역시_방범용 CCTV 정보_20251229
안전,cctv,0102-5-엄궁중로15_당산나무부근,35.126826,128.970627,부산광역시_방범용 CCTV 정보_20251229
안전,cctv,0102-구-엄궁중로15_당산나무부근_고1,35.126826,128.970627,부산광역시_방범용 CCTV 정보_20251229
안전,cctv,0102-구-엄궁중로15_당산나무부근_고2,35.126826,128.970627,부산광역시_방범용 CCTV 정보_20251229
안전,cctv,0102-구-엄궁중로15_당산나무부근_고3,35.126826,128.970627,부산광역시_방범용 CCTV 정보_20251229
안전,cctv,0103-5-낙동대로776번길_19_동산약국,35.130028,128.97127,부산광역시_방범용 CCTV 정보_20251229
안전,cctv,0103-구-낙동대로776번길_19_동산약국_고1,35.130028,128.97127,부산광역시_방범용 CCTV 정보_20251229
안전,cctv,0104-5-덕상로72번길_22_국제화센터부근,35.177135,128.990799,부산광역시_방범용 CCTV 정보_20251229
안전,cctv,0105-5-백양대로907번길_9-3_부산하이츠빌라,35.1871205,128.9902261,부산광역시_방범용 CCTV 정보_20251229
안전,cctv,0106-5-대동로34-16_학진빌라인근,35.13242,128.974752,부산광역시_방범용 CCTV 정보_20251229
안전,cctv,0107-5-가야대로344번길_90_동서대정문옆_주택가,35.14673974,129.0105389,부산광역시_방범용 CCTV 정보_20251229
안전,cctv,0108-5-낙동대로1510번길_34_대영빌라입구,35.192611,128.985443,부산광역시_방범용 CCTV 정보_20251229
안전,cctv,0109-5-사상로478번길_26_(구)모라회전교차로_수백당,35.186699,128.988889,부산광역시_방범용 CCTV 정보_20251229
안전,cctv,0110-5-백양대로646번나길_21_괘내마을행복센터,35.163566,128.989428,부산광역시_방범용 CCTV 정보_20251229
안전,cctv,0110-구-백양대로646번나길_21_괘내마을행복센터_고1,35.163566,128.989428,부산광역시_방범용 CCTV 정보_20251229
안전,cctv,0110-구-백양대로646번나길_21_괘내마을행복센터_고2,35.163566,128.989428,부산광역시_방범용 CCTV 정보_20251229
안전,cctv,0111-5-사상로368번길_52_다성ENG앞,35.176801,128.987866,부산광역시_방범용 CCTV 정보_20251229
안전,cctv,0112-5-낙동대로1254_매승전기(동일자동차공업사),35.172396,128.977,부산광역시_방범용 CCTV 정보_20251229
안전,cctv,0113-5-새벽시장로46_럭키마트_앞_사거리,35.155504,128.978791,부산광역시_방범용 CCTV 정보_20251229
안전,cctv,0114-5-사상로146번길_38_명진전기앞,35.15882287,128.9899438,부산광역시_방범용 CCTV 정보_20251229
안전,cctv,0115-5-양지로8번길_29_보훈병원후문_주거지주차장앞,35.154273,129.005384,부산광역시_방범용 CCTV 정보_20251229
안전,cctv,0116-5-백양대로455번길_15_동남빌라앞_철길육교,35.15177,129.00176,부산광역시_방범용 CCTV 정보_20251229
안전,cctv,0117-5-가야대로330번길_16_삼선병원옆_학성경로당,35.150022,129.008788,부산광역시_방범용 CCTV 정보_20251229
안전,cctv,0118-5-가야대로306번길_29_조양맨션입구_사거리,35.148925,129.006202,부산광역시_방범용 CCTV 정보_20251229
안전,cctv,0119-5-대동로131번길_23_학장천_신천교앞,35.141037,128.980879,부산광역시_방범용 CCTV 정보_20251229
안전,cctv,0120-5-사상로277번길_55_낙원탕앞,35.170114,128.979348,부산광역시_방범용 CCTV 정보_20251229
안전,cctv,0121-5-백양대로_955-9_모라곡상골공원앞,35.191694,128.991327,부산광역시_방범용 CCTV 정보_20251229
안전,cctv,0122-5-사상로263-13_우체국뒤_골목,35.168685,128.9813,부산광역시_방범용 CCTV 정보_20251229
안전,cctv,0123-5-사상로148번길_48_은하하우스_APT,35.159346,128.989734,부산광역시_방범용 CCTV 정보_20251229
안전,cctv,0124-5-백양대로501번길13_둥지빌라부근_주택가,35.153376,128.997492,부산광역시_방범용 CCTV 정보_20251229
안전,cctv,0124-5-백양대로501번길13_둥지빌라부근_주택가_고1,35.153376,128.997492,부산광역시_방범용 CCTV 정보_20251229
안전,cctv,0124-5-백양대로501번길13_둥지빌라부근_주택가_고2,35.153376,128.997492,부산광역시_방범용 CCTV 정보_20251229
안전,cctv,0124-5-백양대로501번길13_둥지빌라부근_주택가_고3,35.153376,128.997492,부산광역시_방범용 CCTV 정보_20251229
안전,cctv,0125-5-주감로205_창우블루빌부근,35.151516,129.008068,부산광역시_방범용 CCTV 정보_20251229
안전,cctv,0126-5-냉정로3-2_주례3동_행정복지센터_앞,35.147425,129.000859,부산광역시_방범용 CCTV 정보_20251229
안전,cctv,0127-18-학장로_236번길3_동양APT입구_삼거리_고1,35.144857,128.992215,부산광역시_방범용 CCTV 정보_20251229
안전,cctv,0127-18-학장로_236번길3_동양APT입구_삼거리_고2,35.144857,128.992215,부산광역시_방범용 CCTV 정보_20251229
안전,cctv,0127-18-학장로_236번길3_동양APT입구_삼거리_고3,35.144857,128.992215,부산광역시_방범용 CCTV 정보_20251229
안전,cctv,0127-5-학장로_236번길3_동양APT입구_삼거리,35.144857,128.992215,부산광역시_방범용 CCTV 정보_20251229
안전,cctv,0128-5-삼덕로46번길_80_덕포시장_통영횟집앞,35.170472,128.980836,부산광역시_방범용 CCTV 정보_20251229
안전,cctv,0129-5-백양대로703번길_55_굴다리부근_주택가,35.168113,128.987347,부산광역시_방범용 CCTV 정보_20251229
안전,cctv,0130-5-사상로405_모덕역3번출구,35.180985,128.985681,부산광역시_방범용 CCTV 정보_20251229
안전,cctv,0131-5-사상로194_사상역_4번출구,35.162533,128.9846254,부산광역시_방범용 CCTV 정보_20251229
안전,cctv,0132-5-학감대로_149-10_학감대로지하보도_옆_골목,35.144668,128.987539,부산광역시_방범용 CCTV 정보_20251229
안전,cctv,0133-6-백양대로768번길_21_국공립아이숲_어린이집,35.173697,128.989565,부산광역시_방범용 CCTV 정보_20251229
안전,cctv,0134-6-사상로_163번길_23_CU사상역_1번출구점,35.160308,128.985316,부산광역시_방범용 CCTV 정보_20251229
안전,cctv,0135-6-백양대로_527_사상구종합사회복지관,35.155092,128.994818,부산광역시_방범용 CCTV 정보_20251229
안전,cctv,0136-6-새벽시장로57번길_7-22_큰나무어린이집,35.155735,128.980078,부산광역시_방범용 CCTV 정보_20251229
안전,cctv,0137-18-학장로216번길_3_명성유치원_고1,35.144012,128.990145,부산광역시_방범용 CCTV 정보_20251229
안전,cctv,0137-18-학장로216번길_3_명성유치원_고2,35.144012,128.990145,부산광역시_방범용 CCTV 정보_20251229
안전,cctv,0137-18-학장로216번길_3_명성유치원_고3,35.144012,128.990145,부산광역시_방범용 CCTV 정보_20251229
안전,cctv,0137-6-학장로216번길_3_명성유치원,35.144012,128.990145,부산광역시_방범용 CCTV 정보_20251229
안전,cctv,0138-6-엄궁남로_17_(주)대구상사,35.125417,128.969151,부산광역시_방범용 CCTV 정보_20251229
안전,cctv,0139-6-주례로_127_동성럭키유치원(동주중학교_주변),35.146164,129.002576,부산광역시_방범용 CCTV 정보_20251229
안전,cctv,0140-6-사상로_475-10_한주엔젤빌,35.186803,128.986394,부산광역시_방범용 CCTV 정보_20251229
안전,cctv,0141-6-운산로_77-1_아이비어린이집,35.167499,128.984649,부산광역시_방범용 CCTV 정보_20251229
안전,cctv,0142-6-주례로_34번길_25_해피빌,35.147966,129.010081,부산광역시_방범용 CCTV 정보_20251229
안전,cctv,0143-6-낙동대로_1234번길_24_삼락고물상,35.170298,128.978538,부산광역시_방범용 CCTV 정보_20251229
안전,cctv,0144-6-괘감로_132_현대모비스_앞_사거리,35.156487,128.987382,부산광역시_방범용 CCTV 정보_20251229
안전,cctv,0145-6-모라로_110번길_60_신모라회전교차로_고1,35.184337,128.994115,부산광역시_방범용 CCTV 정보_20251229
안전,cctv,0145-6-모라로_110번길_60_신모라회전교차로_고2,35.184337,128.994115,부산광역시_방범용 CCTV 정보_20251229
안전,cctv,0145-6-모라로_110번길_60_신모라회전교차로_고3,35.184337,128.994115,부산광역시_방범용 CCTV 정보_20251229
안전,cctv,0145-6-모라로_110번길_60_신모라회전교차로_회전,35.184337,128.994115,부산광역시_방범용 CCTV 정보_20251229
안전,cctv,0146-6-대동로_87_반도프라자_맞은편,35.137812,128.977748,부산광역시_방범용 CCTV 정보_20251229
안전,cctv,0147-6-사상로_223번길_100_대성학원앞,35.167192,128.979579,부산광역시_방범용 CCTV 정보_20251229
안전,cctv,0148-6-백양대로_768번길63-6_부산산업학교,35.174394,128.991204,부산광역시_방범용 CCTV 정보_20251229
안전,cctv,0149-6-대동로_69_무학APT_앞_삼거리,35.136389,128.975887,부산광역시_방범용 CCTV 정보_20251229
안전,cctv,0150-6-엄궁로_99번길8_엄궁쌍용APT_정문_앞,35.124827,128.975658,부산광역시_방범용 CCTV 정보_20251229
안전,cctv,0150-구-엄궁로_99번길8_엄궁쌍용APT_정문_앞_고1,35.124827,128.975658,부산광역시_방범용 CCTV 정보_20251229
안전,cctv,0150-구-엄궁로_99번길8_엄궁쌍용APT_정문_앞_고2,35.124827,128.975658,부산광역시_방범용 CCTV 정보_20251229
안전,cctv,0150-구-엄궁로_99번길8_엄궁쌍용APT_정문_앞_고3,35.124827,128.975658,부산광역시_방범용 CCTV 정보_20251229
안전,cctv,0151-6-광장로_87번길_30_창날공원,35.1641,128.985995,부산광역시_방범용 CCTV 정보_20251229
안전,cctv,0151-6-광장로_87번길_30_창날공원_고1,35.1641,128.985995,부산광역시_방범용 CCTV 정보_20251229
안전,cctv,0151-6-광장로_87번길_30_창날공원_고2,35.1641,128.985995,부산광역시_방범용 CCTV 정보_20251229
안전,cctv,0151-6-광장로_87번길_30_창날공원_고3,35.1641,128.985995,부산광역시_방범용 CCTV 정보_20251229
안전,cctv,0152-6-백양대로431-1_월남마을,35.152465,129.004478,부산광역시_방범용 CCTV 정보_20251229
안전,cctv,0153-6-엄궁로_190_엄궁초등학교,35.129906,128.974203,부산광역시_방범용 CCTV 정보_20251229
안전,cctv,0153-구-엄궁로_190_엄궁초등학교_고1,35.129906,128.974203,부산광역시_방범용 CCTV 정보_20251229
안전,cctv,0153-구-엄궁로_190_엄궁초등학교_고2,35.129906,128.974203,부산광역시_방범용 CCTV 정보_20251229
안전,cctv,0154-6-모라로_192번길_136_모라백양공원,35.182083,129.001984,부산광역시_방범용 CCTV 정보_20251229
안전,cctv,0155-6-학감대로_89_구덕공원,35.139381,128.990905,부산광역시_방범용 CCTV 정보_20251229
안전,cctv,0156-6-엄궁로_146-11_엄궁제2호공원(절골공원),35.128013,128.980051,부산광역시_방범용 CCTV 정보_20251229
안전,cctv,0157-6-백양대로_778번길_덕포체육공원,35.17816,128.988895,부산광역시_방범용 CCTV 정보_20251229
안전,cctv,0158-6-백양대로_442_대성APT_입구,35.152876,129.003462,부산광역시_방범용 CCTV 정보_20251229
안전,cctv,0159-6-새벽시장로56번길30_꽃동산어린이집앞_놀이터,35.153902,128.979331,부산광역시_방범용 CCTV 정보_20251229
안전,cctv,0160-6-학감대로_49번길_54-16_승학공원,35.135783,128.99175,부산광역시_방범용 CCTV 정보_20251229
안전,cctv,0160-6-학감대로_49번길_54-16_승학공원_고1,35.135783,128.99175,부산광역시_방범용 CCTV 정보_20251229
안전,cctv,0160-6-학감대로_49번길_54-16_승학공원_고2,35.135783,128.99175,부산광역시_방범용 CCTV 정보_20251229
안전,cctv,0161-6-사상로_309번길_39_덕포숯불갈비,35.172476,128.981318,부산광역시_방범용 CCTV 정보_20251229
안전,cctv,0161-구-사상로_309번길_39_덕포숯불갈비_고1,35.172476,128.981318,부산광역시_방범용 CCTV 정보_20251229
안전,cctv,0161-구-사상로_309번길_39_덕포숯불갈비_고2,35.172476,128.981318,부산광역시_방범용 CCTV 정보_20251229
안전,cctv,0161-구-사상로_309번길_39_덕포숯불갈비_고3,35.172476,128.981318,부산광역시_방범용 CCTV 정보_20251229
안전,cctv,0162-6-사상로_342번길_파네토네_앞_(벽산입구),35.174884,128.985775,부산광역시_방범용 CCTV 정보_20251229
안전,cctv,0163-6-사상로_565번길_15_동화푸드_앞_사거리,35.194638,128.989464,부산광역시_방범용 CCTV 정보_20251229
안전,cctv,0164-6-모라로_192번길20-21_운수공원,35.183684,129.000961,부산광역시_방범용 CCTV 정보_20251229
안전,cctv,0165-6-양지로_18_양백경로당,35.154059,129.004295,부산광역시_방범용 CCTV 정보_20251229
안전,cctv,0166-6-학감대로_39번길_67-2_현대오일뱅크,35.138988,128.992179,부산광역시_방범용 CCTV 정보_20251229
안전,cctv,0167-6-사상로_289-5_해강축산마트_앞,35.170408,128.982225,부산광역시_방범용 CCTV 정보_20251229
안전,cctv,0168-6-백양대로_950번나길36_벽산APT입구(모라),35.192308,128.993508,부산광역시_방범용 CCTV 정보_20251229
안전,cctv,0169-6-사상로_224번길_10_더반호텔_앞,35.165276,128.9839748,부산광역시_방범용 CCTV 정보_20251229
안전,cctv,0169-구-사상로_224번길_10_더반호텔_앞_고1,35.165276,128.9839748,부산광역시_방범용 CCTV 정보_20251229
안전,cctv,0169-구-사상로_224번길_10_더반호텔_앞_고2,35.165276,128.9839748,부산광역시_방범용 CCTV 정보_20251229
안전,cctv,0169-구-사상로_224번길_10_더반호텔_앞_고3,35.165276,128.9839748,부산광역시_방범용 CCTV 정보_20251229
안전,cctv,0170-7-사상로223번길_62_창진초등학교(이마트뒤쪽),35.165048,128.979538,부산광역시_방범용 CCTV 정보_20251229
안전,cctv,0171-7-운산로112_함께작은도서관,35.1669159,128.9881438,부산광역시_방범용 CCTV 정보_20251229
안전,cctv,0171-구-운산로112_함께작은도서관_고1,35.1669159,128.9881438,부산광역시_방범용 CCTV 정보_20251229
안전,cctv,0171-구-운산로112_함께작은도서관_고2,35.1669159,128.9881438,부산광역시_방범용 CCTV 정보_20251229
안전,cctv,0171-구-운산로112_함께작은도서관_고3,35.1669159,128.9881438,부산광역시_방범용 CCTV 정보_20251229
안전,cctv,0172-7-새벽로187_우성전기상사,35.157785,128.983801,부산광역시_방범용 CCTV 정보_20251229
안전,cctv,0173-7-사상로268_중부산농협,35.168774,128.982328,부산광역시_방범용 CCTV 정보_20251229
안전,cctv,0174-7-백양대로934번길20_삼정그린코아,35.189235,128.99251,부산광역시_방범용 CCTV 정보_20251229
안전,cctv,0175-7-강선로56-1_운산로_굴다리_위,35.1676198,128.9872012,부산광역시_방범용 CCTV 정보_20251229
안전,cctv,0176-7-낙동대로776번길_42_엄궁초등학교입구,35.128814,128.973319,부산광역시_방범용 CCTV 정보_20251229
안전,cctv,0176-구-낙동대로776번길_42_엄궁초등학교입구_고1,35.128814,128.973319,부산광역시_방범용 CCTV 정보_20251229
안전,cctv,0176-구-낙동대로776번길_42_엄궁초등학교입구_고2,35.128814,128.973319,부산광역시_방범용 CCTV 정보_20251229
안전,cctv,0177-7-삼덕로74_덕포초등학교주변,35.173713,128.984833,부산광역시_방범용 CCTV 정보_20251229
안전,cctv,0178-7-모덕로84_한솔어린이집,35.181259,128.985241,부산광역시_방범용 CCTV 정보_20251229
안전,cctv,0179-7-백양대로934번길52-29_하늘나리_어린이집,35.190502,128.995302,부산광역시_방범용 CCTV 정보_20251229
안전,cctv,0180-7-감전동_318_사상근린공원,35.158496,128.993713,부산광역시_방범용 CCTV 정보_20251229
안전,cctv,0181-7-감전동_318_사상근린공원_입구,35.159058,128.992465,부산광역시_방범용 CCTV 정보_20251229
안전,cctv,0182-7-엄궁동_726-2_나라어린이공원,35.127322,128.977764,부산광역시_방범용 CCTV 정보_20251229
안전,cctv,0182-구-엄궁동_726-2_나라어린이공원_고1,35.127322,128.977764,부산광역시_방범용 CCTV 정보_20251229
안전,cctv,0182-구-엄궁동_726-2_나라어린이공원_고2,35.127322,128.977764,부산광역시_방범용 CCTV 정보_20251229
안전,cctv,0183-7-가야대로282번길1_주례역옆쌈지공원,35.150112,129.003606,부산광역시_방범용 CCTV 정보_20251229
안전,cctv,0184-7-엄궁동_669-1_엄궁제1호공원(장밭갓공원),35.129526,128.976399,부산광역시_방범용 CCTV 정보_20251229
안전,cctv,0185-7-엄궁동_674-2_엄궁제3호공원(다온공원),35.126373,128.977398,부산광역시_방범용 CCTV 정보_20251229
안전,cctv,0185-구-엄궁동_674-2_엄궁제3호공원(다온공원)_고1,35.126373,128.977398,부산광역시_방범용 CCTV 정보_20251229
안전,cctv,0185-구-엄궁동_674-2_엄궁제3호공원(다온공원)_고2,35.126373,128.977398,부산광역시_방범용 CCTV 정보_20251229
안전,cctv,0185-구-엄궁동_674-2_엄궁제3호공원(다온공원)_고3,35.126373,128.977398,부산광역시_방범용 CCTV 정보_20251229
안전,cctv,0186-7-엄궁동684-2_엄궁제4호공원,35.123369,128.972631,부산광역시_방범용 CCTV 정보_20251229
안전,cctv,0187-7-덕상로_129_모라지구공원,35.182687,128.99024,부산광역시_방범용 CCTV 정보_20251229
안전,cctv,0187-7-덕상로_129_모라지구공원_고1,35.182687,128.99024,부산광역시_방범용 CCTV 정보_20251229
안전,cctv,0188-7-엄궁동_652-16_해름소공원,35.124601,128.965443,부산광역시_방범용 CCTV 정보_20251229
안전,cctv,0189-7-주례2동_54-238_학송경로당_옆_놀이터,35.149041,129.014387,부산광역시_방범용 CCTV 정보_20251229
안전,cctv,0190-7-낙동대로1548번길_28_한남슈퍼,35.194833,128.987712,부산광역시_방범용 CCTV 정보_20251229
안전,cctv,0191-7-모라로192번길_51_모동중학교,35.1846065,129.0023817,부산광역시_방범용 CCTV 정보_20251229
안전,cctv,0192-7-가야대로176번길15_동화약품입구_삼거리,35.148323,128.991446,부산광역시_방범용 CCTV 정보_20251229
안전,cctv,0193-7-엄궁동25-110_엄궁럭키APT101동뒤_공원,35.134254,128.976173,부산광역시_방범용 CCTV 정보_20251229
안전,cctv,0194-7-냉정로82-1_크레용어린이집,35.149183,129.008839,부산광역시_방범용 CCTV 정보_20251229
안전,cctv,0195-7-양지로42번길_40_청구APT후문(112동),35.155596,129.001672,부산광역시_방범용 CCTV 정보_20251229
안전,cctv,0196-7-모라로110번길_40-131_충성교회_뒤,35.182617,128.992969,부산광역시_방범용 CCTV 정보_20251229
안전,cctv,0197-7-모라로_88번길_17_동원APT_옆_쌈지공원,35.182617,128.992969,부산광역시_방범용 CCTV 정보_20251229
안전,cctv,0198-7-모라로_85-52_진각종굴다리옆_쌈지공원,35.185695,128.988952,부산광역시_방범용 CCTV 정보_20251229
안전,cctv,0198-구-모라로_85-52_진각종굴다리옆_쌈지공원_고1,35.185695,128.988952,부산광역시_방범용 CCTV 정보_20251229
안전,cctv,0198-구-모라로_85-52_진각종굴다리옆_쌈지공원_고2,35.185695,128.988952,부산광역시_방범용 CCTV 정보_20251229
안전,cctv,0198-구-모라로_85-52_진각종굴다리옆_쌈지공원_고3,35.185695,128.988952,부산광역시_방범용 CCTV 정보_20251229
안전,cctv,0199-7-낙동대로1210번길_33_괘법한신유치원,35.1886617,128.9896539,부산광역시_방범용 CCTV 정보_20251229
안전,cctv,0200-7-광장로38번길_29_부산산업용품유통단지북문,35.132574,128.974013,부산광역시_방범용 CCTV 정보_20251229
안전,cctv,0201-7-사상로162번길_7_괘법초등학교옆대로변,35.160823,128.980292,부산광역시_방범용 CCTV 정보_20251229
안전,cctv,0201-구-사상로162번길_7_괘법초등학교옆대로변_고1,35.160823,128.980292,부산광역시_방범용 CCTV 정보_20251229
안전,cctv,0201-구-사상로162번길_7_괘법초등학교옆대로변_고2,35.160823,128.980292,부산광역시_방범용 CCTV 정보_20251229
안전,cctv,0201-구-사상로162번길_7_괘법초등학교옆대로변_고3,35.160823,128.980292,부산광역시_방범용 CCTV 정보_20251229
안전,cctv,0202-7-새벽로154_감전S-OIL주유소,35.160275,128.986646,부산광역시_방범용 CCTV 정보_20251229
안전,cctv,0203-7-사상로43-1_형제기공옆,35.154785,128.983048,부산광역시_방범용 CCTV 정보_20251229
안전,cctv,0204-7-학감대로49번길_28-7_구학경로당옆,35.152574,128.995311,부산광역시_방범용 CCTV 정보_20251229
안전,cctv,0205-7-백양대로_572번길_17-8_하늘향기어린이집,35.137694,128.991031,부산광역시_방범용 CCTV 정보_20251229
안전,cctv,0206-7-새벽시장로103번길_46_백양새마을금고1지점,35.157946,128.991563,부산광역시_방범용 CCTV 정보_20251229
안전,cctv,0207-7-백양대로804번길_13_대덕서점_맞은편,35.156456,128.985544,부산광역시_방범용 CCTV 정보_20251229
안전,cctv,0208-7-사상로525번길_22_모라APT_사거리,35.178578,128.989245,부산광역시_방범용 CCTV 정보_20251229
안전,cctv,0209-7-강선로22번길_30-20_사상고등학교뒤주택가,35.191913,128.987325,부산광역시_방범용 CCTV 정보_20251229
안전,cctv,0210-7-모라로110번길37-4_옥다방골목,35.166788,128.987101,부산광역시_방범용 CCTV 정보_20251229
안전,cctv,0211-7-백양대로504번길39_백양공원뒤주택가,35.184996,128.993206,부산광역시_방범용 CCTV 정보_20251229
안전,cctv,0212-7-백양대로357번길_59_일신경로당,35.156185,128.998211,부산광역시_방범용 CCTV 정보_20251229
안전,cctv,0213-7-동주로1-24_주례쌈지공원산책로입구,35.153245,129.016002,부산광역시_방범용 CCTV 정보_20251229
안전,cctv,0214-7-주례로248_숙명예능어린이집(동양11동),35.148479,129.000974,부산광역시_방범용 CCTV 정보_20251229
안전,cctv,0215-7-사상로212번길48_연화헤어_앞_사거리,35.143094,128.990364,부산광역시_방범용 CCTV 정보_20251229
안전,cctv,0216-8-덕상로_26-10_덕포가족산책공원,35.164836,128.986312,부산광역시_방범용 CCTV 정보_20251229
안전,cctv,0217-8-엄궁남로_35_테리애견샵,35.173702,128.99052,부산광역시_방범용 CCTV 정보_20251229
안전,cctv,0217-구-엄궁남로_35_테리애견샵_고1,35.173702,128.99052,부산광역시_방범용 CCTV 정보_20251229
안전,cctv,0217-구-엄궁남로_35_테리애견샵_고2,35.173702,128.99052,부산광역시_방범용 CCTV 정보_20251229
안전,cctv,0217-구-엄궁남로_35_테리애견샵_고3,35.173702,128.99052,부산광역시_방범용 CCTV 정보_20251229
안전,cctv,0218-8-엄궁로_173_신흥동백APT_앞(엄궁초),35.124769,128.971718,부산광역시_방범용 CCTV 정보_20251229
안전,cctv,0218-구-엄궁로_173_신흥동백APT_앞(엄궁초)_고1,35.124769,128.971718,부산광역시_방범용 CCTV 정보_20251229
안전,cctv,0218-구-엄궁로_173_신흥동백APT_앞(엄궁초)_고2,35.124769,128.971718,부산광역시_방범용 CCTV 정보_20251229
안전,cctv,0219-8-엄궁남로_26-17_한신2차APT_앞,35.1292191,128.976192,부산광역시_방범용 CCTV 정보_20251229
안전,cctv,0219-구-엄궁남로_26-17_한신2차APT_앞_고1,35.1292191,128.976192,부산광역시_방범용 CCTV 정보_20251229
안전,cctv,0219-구-엄궁남로_26-17_한신2차APT_앞_고2,35.1292191,128.976192,부산광역시_방범용 CCTV 정보_20251229
안전,cctv,0219-구-엄궁남로_26-17_한신2차APT_앞_고3,35.1292191,128.976192,부산광역시_방범용 CCTV 정보_20251229
안전,cctv,0220-8-대동로_116_한국농수산식품유통공사,35.144278,128.991641,부산광역시_방범용 CCTV 정보_20251229
안전,cctv,0221-8-학감대로_123번길_89_큰솔병원,35.139314,128.980066,부산광역시_방범용 CCTV 정보_20251229
안전,cctv,0221-구-학감대로_123번길_89_큰솔병원_고1,35.139314,128.980066,부산광역시_방범용 CCTV 정보_20251229
안전,cctv,0221-구-학감대로_123번길_89_큰솔병원_고2,35.139314,128.980066,부산광역시_방범용 CCTV 정보_20251229
안전,cctv,0221-구-학감대로_123번길_89_큰솔병원_고3,35.139314,128.980066,부산광역시_방범용 CCTV 정보_20251229
안전,cctv,0222-8-동주로16번길_23_모닝힐빌_부근,35.1407144,128.9832667,부산광역시_방범용 CCTV 정보_20251229
안전,cctv,0223-8-주례로139번길_50_동주중학교_뒤,35.146803,128.998796,부산광역시_방범용 CCTV 정보_20251229
안전,cctv,0224-8-주례동_166-20_주례당산목쌈지공원,35.145239,129.00322,부산광역시_방범용 CCTV 정보_20251229
안전,cctv,0225-8-주감로_168_주례돌탑일원쉼터,35.147272,129.010898,부산광역시_방범용 CCTV 정보_20251229
안전,cctv,0226-8-가야대로378번길_67_주례중학교,35.151273,129.004128,부산광역시_방범용 CCTV 정보_20251229
안전,cctv,0227-8-백양대로342번길_22_신주례LG_APT,35.148208,129.014383,부산광역시_방범용 CCTV 정보_20251229
안전,cctv,0228-8-양지로42번길_71_동유네이처,35.154223,129.014372,부산광역시_방범용 CCTV 정보_20251229
안전,cctv,0229-8-양지로30번길_84_양지어린이집,35.156062,129.002663,부산광역시_방범용 CCTV 정보_20251229
안전,cctv,0230-8-백양대로_497_동일1차APT(주감초),35.12762,128.971642,부산광역시_방범용 CCTV 정보_20251229
안전,cctv,0230-구-백양대로_497_동일1차APT(주감초)_고1,35.12762,128.971642,부산광역시_방범용 CCTV 정보_20251229
안전,cctv,0230-구-백양대로_497_동일1차APT(주감초)_고2,35.12762,128.971642,부산광역시_방범용 CCTV 정보_20251229
안전,cctv,0231-8-백양대로506번길70_무량사_입구,35.153698,128.998138,부산광역시_방범용 CCTV 정보_20251229
안전,cctv,0232-8-백양대로561번길_30_감전본동쌈지공원,35.1568917,128.9987175,부산광역시_방범용 CCTV 정보_20251229
안전,cctv,0233-8-낙동대로1210번길_17_육아종합지원센터,35.156828,128.992002,부산광역시_방범용 CCTV 정보_20251229
안전,cctv,0234-8-광장로_103-1_한라돈이익는마을애,35.167975,128.977631,부산광역시_방범용 CCTV 정보_20251229
안전,cctv,0235-8-백양대로_660_위드한빛APT등산로,35.162879,128.987801,부산광역시_방범용 CCTV 정보_20251229
안전,cctv,0236-8-백양대로686번길12_미향파크빌라,35.1662643,128.990134,부산광역시_방범용 CCTV 정보_20251229
안전,cctv,0237-8-백양대로_768번길_96-10_항공고등학교,35.168075,128.989258,부산광역시_방범용 CCTV 정보_20251229
안전,cctv,0238-8-가야대로196번길_63_다누림센타,35.17335,128.991903,부산광역시_방범용 CCTV 정보_20251229
안전,cctv,0239-8-백양대로_768번길_29-20_수산골드빌라,35.14683,128.994306,부산광역시_방범용 CCTV 정보_20251229
안전,cctv,0240-8-모라동75-5_모라백양공원_입구,35.127561,128.971561,부산광역시_방범용 CCTV 정보_20251229
안전,cctv,0241-8-사상로456번길_12_모라교회근처_사거리,35.182421,129.002146,부산광역시_방범용 CCTV 정보_20251229
안전,cctv,0242-8-새벽로_64_삼화프라스틱,35.185232,128.987552,부산광역시_방범용 CCTV 정보_20251229
안전,cctv,0242-구-새벽로_64_삼화프라스틱_고1,35.185232,128.987552,부산광역시_방범용 CCTV 정보_20251229
안전,cctv,0242-구-새벽로_64_삼화프라스틱_고2,35.185232,128.987552,부산광역시_방범용 CCTV 정보_20251229
안전,cctv,0243-8-백양대로979번길_31_오즈어린이집,35.146898,128.981082,부산광역시_방범용 CCTV 정보_20251229
안전,cctv,0244-8-낙동대로_1348번길_45_동서체인,35.193713,128.991198,부산광역시_방범용 CCTV 정보_20251229
안전,cctv,0245-8-삼덕로_21_삼덕초등학교,35.1801,128.97874,부산광역시_방범용 CCTV 정보_20251229
안전,cctv,0246-8-모라로_61_모라지하철역,35.174164,128.979397,부산광역시_방범용 CCTV 정보_20251229
안전,cctv,0246-구-모라로_61_모라지하철역_고1,35.174164,128.979397,부산광역시_방범용 CCTV 정보_20251229
안전,cctv,0246-구-모라로_61_모라지하철역_고2,35.174164,128.979397,부산광역시_방범용 CCTV 정보_20251229
안전,cctv,0246-구-모라로_61_모라지하철역_고3,35.174164,128.979397,부산광역시_방범용 CCTV 정보_20251229
안전,cctv,0247-8-주감로_11-1_중앙빌라,35.1887262,128.988115,부산광역시_방범용 CCTV 정보_20251229
안전,cctv,0248-8-모라로_16_롯데정비검사소,35.158138,128.990297,부산광역시_방범용 CCTV 정보_20251229
안전,cctv,0249-8-대동로_303_부산디지털밸리,35.191588,128.98476,부산광역시_방범용 CCTV 정보_20251229
안전,cctv,0249-구-대동로_303_부산디지털밸리_고1,35.191588,128.98476,부산광역시_방범용 CCTV 정보_20251229
안전,cctv,0249-구-대동로_303_부산디지털밸리_고2,35.191588,128.98476,부산광역시_방범용 CCTV 정보_20251229
안전,cctv,0250-8-낙동대로882번길_40_대종창고앞,35.14010564,128.9913022,부산광역시_방범용 CCTV 정보_20251229
안전,cctv,0251-8-사상로469번길_35_모라한진맨션,35.139536,128.973021,부산광역시_방범용 CCTV 정보_20251229
안전,cctv,0252-9-엄궁로_70-7_동궁초등학교,35.186914,128.984855,부산광역시_방범용 CCTV 정보_20251229
안전,cctv,0252-구-엄궁로_70-7_동궁초등학교_고1,35.186914,128.984855,부산광역시_방범용 CCTV 정보_20251229
안전,cctv,0252-구-엄궁로_70-7_동궁초등학교_고2,35.186914,128.984855,부산광역시_방범용 CCTV 정보_20251229
안전,cctv,0253-9-사상로310번길_110_덕포여중,35.12317,128.975442,부산광역시_방범용 CCTV 정보_20251229
안전,cctv,0254-9-사상구_사상로_249_부산근로복지공단어린이집,35.1695,128.986824,부산광역시_방범용 CCTV 정보_20251229
안전,cctv,0255-9-주례로_9_(주례2동)_GS편의점,35.1670181,128.9822295,부산광역시_방범용 CCTV 정보_20251229
안전,cctv,0256-9-광장로_2(괘법동)_괘법교,35.150255,129.011556,부산광역시_방범용 CCTV 정보_20251229
안전,cctv,0257-9-낙동대로1330번길_41(삼락)_사상중앙병원,35.162783,128.976597,부산광역시_방범용 CCTV 정보_20251229
안전,cctv,0258-9-사상로147번길_29(감전)_한아름슈퍼,35.178531,128.978479,부산광역시_방범용 CCTV 정보_20251229
안전,cctv,0259-9-새벽로194번길_23(괘법동)_일자맨션옆_사거리,35.157818,128.987121,부산광역시_방범용 CCTV 정보_20251229
안전,cctv,0260-9-학감대로49번길_49_구덕대림APT상가,35.144701,128.991007,부산광역시_방범용 CCTV 정보_20251229
안전,cctv,0261-9-백양대로762번길_6-29_모덕어린이집_뒤편,35.135943,128.99285,부산광역시_방범용 CCTV 정보_20251229
안전,cctv,0262-9-모덕로67번길_148_(모라1)_모라초(금화정밀),35.1736045,128.9887354,부산광역시_방범용 CCTV 정보_20251229
안전,cctv,0263-9-새벽로131_새벽시장,35.188224,128.985227,부산광역시_방범용 CCTV 정보_20251229
안전,cctv,0264-9-모덕로27번길_8_(삼락)_미진씰_앞,35.1533899,128.9825271,부산광역시_방범용 CCTV 정보_20251229
안전,cctv,0265-9-낙동대로1446번길_66_삼화스틸,35.183012,128.979464,부산광역시_방범용 CCTV 정보_20251229
안전,cctv,0266-9-가야대로330번길_47_럭키슈퍼마켓,35.187313,128.98262,부산광역시_방범용 CCTV 정보_20251229
안전,cctv,0267-9-강선로_23_사상고등학교,35.148539,129.009092,부산광역시_방범용 CCTV 정보_20251229
안전,cctv,0268-9-엄궁로99번길_30_코오롱APT후문,35.168945,128.984689,부산광역시_방범용 CCTV 정보_20251229
안전,cctv,0269-9-엄궁북로_70_코오롱APT_정문입구,35.12558,128.976701,부산광역시_방범용 CCTV 정보_20251229
안전,cctv,0270-9-학감대로123번길_17_꿈동산어린이집,35.163168,128.979059,부산광역시_방범용 CCTV 정보_20251229
안전,cctv,0271-9-장인로77번길_52_한국특강,35.141201,128.986676,부산광역시_방범용 CCTV 정보_20251229
안전,cctv,0272-9-사상로310번길88_대하APT앞,35.144521,128.978199,부산광역시_방범용 CCTV 정보_20251229
안전,cctv,0273-9-백양대로372-8(주례2동)_유앤아이_회전교차로,35.170268,128.986849,부산광역시_방범용 CCTV 정보_20251229
안전,cctv,0274-9-냉정로128(주례2동)_동서그린빌,35.153963,129.011019,부산광역시_방범용 CCTV 정보_20251229
안전,cctv,0275-9-백양대로762번길_17(덕포2)_덕포백양공원,35.14977,129.013906,부산광역시_방범용 CCTV 정보_20251229
안전,cctv,0276-9-강변대로532번길_71_엄궁유수지,35.174818,128.989382,부산광역시_방범용 CCTV 정보_20251229
안전,cctv,0277-9-감전동318_사상근린공원,35.132434,128.968527,부산광역시_방범용 CCTV 정보_20251229
안전,cctv,0278-9-백양대로_954-8(모라1동)_모라중학교,35.159594,128.992876,부산광역시_방범용 CCTV 정보_20251229
안전,cctv,0279-9-삼덕로393번길_35(덕포2동)_㈜소프렌,35.190707,128.99273,부산광역시_방범용 CCTV 정보_20251229
안전,cctv,0280-9-삼덕로45번길_56_북부산운전면허시험장,35.152923,128.977722,부산광역시_방범용 CCTV 정보_20251229
안전,cctv,0281-9-모덕로_48_골프존,35.176787,128.982498,부산광역시_방범용 CCTV 정보_20251229
안전,cctv,0282-9-주감로_162(주례1동)_늘채움빌라,35.182181,128.981367,부산광역시_방범용 CCTV 정보_20251229
안전,cctv,0283-9-학장로216번길_50_붉은디마을,35.151143,129.003516,부산광역시_방범용 CCTV 정보_20251229
안전,cctv,0284-9-가야대로_279(주례1동)_주례지하철역,35.141749,128.989791,부산광역시_방범용 CCTV 정보_20251229
안전,cctv,0285-9-백양대로950번나길_94(모라1동)_야시곡공원,35.150637,129.002967,부산광역시_방범용 CCTV 정보_20251229
안전,cctv,0286-9-양지로42번길_80-20(주례1동)_양지1공원,35.194363,128.994551,부산광역시_방범용 CCTV 정보_20251229
안전,cctv,0287-9-백양대로907번다길_6(모라1동)_고동바위공원,35.15486,129.002897,부산광역시_방범용 CCTV 정보_20251229
안전,cctv,0288-10-덕상로120(모라동)_우신APT_후문,35.18818,128.990355,부산광역시_방범용 CCTV 정보_20251229
안전,cctv,0289-10-백양대로701-1(덕포동)_덕포청구APT입구,35.183003,128.990627,부산광역시_방범용 CCTV 정보_20251229
안전,cctv,0290-10-주례로223(학장동)_동양APT입구_삼거리,35.16553,128.988233,부산광역시_방범용 CCTV 정보_20251229
안전,cctv,0291-10-가야대로310번길20(주례동)_백천탕,35.14412,128.992944,부산광역시_방범용 CCTV 정보_20251229
안전,cctv,0292-10-사상로90번길15-17(감전동)_보훈회관,35.149863,129.006968,부산광역시_방범용 CCTV 정보_20251229
안전,cctv,0293-10-낙동대로722번길26(엄궁동)_유림빌라,35.156032,128.991225,부산광역시_방범용 CCTV 정보_20251229
안전,cctv,0293-구-낙동대로722번길26(엄궁동)_유림빌라_고1,35.156032,128.991225,부산광역시_방범용 CCTV 정보_20251229
안전,cctv,0293-구-낙동대로722번길26(엄궁동)_유림빌라_고2,35.156032,128.991225,부산광역시_방범용 CCTV 정보_20251229
안전,cctv,0293-구-낙동대로722번길26(엄궁동)_유림빌라_고3,35.156032,128.991225,부산광역시_방범용 CCTV 정보_20251229
안전,cctv,0294-11-엄궁북로4번안길78(엄궁동)_롯데캐슬후문,35.126568,128.969181,부산광역시_방범용 CCTV 정보_20251229
안전,cctv,0295-11-백양대로893(모라1동)_신모라사거리주변,35.126315,128.974234,부산광역시_방범용 CCTV 정보_20251229
안전,cctv,0295-11-백양대로893(모라1동)_신모라사거리주변_고1,35.126315,128.974234,부산광역시_방범용 CCTV 정보_20251229
안전,cctv,0295-11-백양대로893(모라1동)_신모라사거리주변_고2,35.126315,128.974234,부산광역시_방범용 CCTV 정보_20251229
안전,cctv,0295-11-백양대로893(모라1동)_신모라사거리주변_고3,35.126315,128.974234,부산광역시_방범용 CCTV 정보_20251229
안전,cctv,0296-11-광장로105번길64(괘법동)_큰별빌라,35.1860087,128.9909276,부산광역시_방범용 CCTV 정보_20251229
안전,cctv,0296-구-광장로105번길_64(괘법동)_큰별빌라_고1,35.1860087,128.9909276,부산광역시_방범용 CCTV 정보_20251229
안전,cctv,0296-구-광장로105번길_64(괘법동)_큰별빌라_고2,35.1860087,128.9909276,부산광역시_방범용 CCTV 정보_20251229
안전,cctv,0297-11-학장로216번길58-11(학장동)_(주)TH산업,35.165116,128.9889753,부산광역시_방범용 CCTV 정보_20251229
안전,cctv,0298-11-가야대로248(주례3동)_주례교차로,35.1415496,128.9894715,부산광역시_방범용 CCTV 정보_20251229
안전,cctv,0298-11-가야대로248(주례3동)_주례교차로_고1,35.1415496,128.9894715,부산광역시_방범용 CCTV 정보_20251229
안전,cctv,0298-11-가야대로248(주례3동)_주례교차로_고2,35.1415496,128.9894715,부산광역시_방범용 CCTV 정보_20251229
안전,cctv,0298-11-가야대로248(주례3동)_주례교차로_고3,35.1415496,128.9894715,부산광역시_방범용 CCTV 정보_20251229
안전,cctv,0299-11-가야대로213번길9(주례1동)_에스피엔지,35.1500762,129.0000215,부산광역시_방범용 CCTV 정보_20251229
안전,cctv,0299-11-가야대로213번길9(주례1동)_에스피엔지_고1,35.1500762,129.0000215,부산광역시_방범용 CCTV 정보_20251229
안전,cctv,0299-11-가야대로213번길9(주례1동)_에스피엔지_고2,35.1500762,129.0000215,부산광역시_방범용 CCTV 정보_20251229
안전,cctv,0299-11-가야대로213번길9(주례1동)_에스피엔지_고3,35.1500762,129.0000215,부산광역시_방범용 CCTV 정보_20251229
안전,cctv,0300-11-학감대로222번길70(주례1동)_기승기계,35.155619,128.998257,부산광역시_방범용 CCTV 정보_20251229
안전,cctv,0300-11-학감대로222번길70(주례1동)_기승기계_고1,35.155619,128.998257,부산광역시_방범용 CCTV 정보_20251229
안전,cctv,0300-11-학감대로222번길70(주례1동)_기승기계_고2,35.155619,128.998257,부산광역시_방범용 CCTV 정보_20251229
안전,cctv,0300-11-학감대로222번길70(주례1동)_기승기계_고3,35.155619,128.998257,부산광역시_방범용 CCTV 정보_20251229
안전,cctv,0301-11-광장로104번길17(괘법동)_S-CLASS,35.1510982,128.9938123,부산광역시_방범용 CCTV 정보_20251229
안전,cctv,0301-11-광장로104번길17(괘법동)_S-CLASS_고1,35.1510982,128.9938123,부산광역시_방범용 CCTV 정보_20251229
안전,cctv,0301-11-광장로104번길17(괘법동)_S-CLASS_고2,35.1510982,128.9938123,부산광역시_방범용 CCTV 정보_20251229
안전,cctv,0301-11-광장로104번길17(괘법동)_S-CLASS_고3,35.1510982,128.9938123,부산광역시_방범용 CCTV 정보_20251229
안전,cctv,0302-11-운산로11(괘법동)_퍼스트부동산,35.1612362,128.988193,부산광역시_방범용 CCTV 정보_20251229
안전,cctv,0302-11-운산로11(괘법동)_퍼스트부동산_고1,35.1612362,128.988193,부산광역시_방범용 CCTV 정보_20251229
안전,cctv,0302-11-운산로11(괘법동)_퍼스트부동산_고2,35.1612362,128.988193,부산광역시_방범용 CCTV 정보_20251229
안전,cctv,0302-11-운산로11(괘법동)_퍼스트부동산_고3,35.1612362,128.988193,부산광역시_방범용 CCTV 정보_20251229
안전,cctv,0303-11-새벽시장로103번길21(감전동)_하나마트,35.1695628,128.9783824,부산광역시_방범용 CCTV 정보_20251229
안전,cctv,0303-11-새벽시장로103번길21(감전동)_하나마트_고1,35.1695628,128.9783824,부산광역시_방범용 CCTV 정보_20251229
안전,cctv,0303-11-새벽시장로103번길21(감전동)_하나마트_고2,35.1695628,128.9783824,부산광역시_방범용 CCTV 정보_20251229
안전,cctv,0303-11-새벽시장로103번길21(감전동)_하나마트_고3,35.1695628,128.9783824,부산광역시_방범용 CCTV 정보_20251229
안전,cctv,0304-11-삼락동29-35_낙동강제방뚝길_중앙출입로,35.1556817,128.9853522,부산광역시_방범용 CCTV 정보_20251229
안전,cctv,0304-11-삼락동29-35_낙동강제방뚝길_중앙출입로_고1,35.1556817,128.9853522,부산광역시_방범용 CCTV 정보_20251229
안전,cctv,0304-11-삼락동29-35_낙동강제방뚝길_중앙출입로_고2,35.1556817,128.9853522,부산광역시_방범용 CCTV 정보_20251229
안전,cctv,0304-11-삼락동29-35_낙동강제방뚝길_중앙출입로_고3,35.1556817,128.9853522,부산광역시_방범용 CCTV 정보_20251229
안전,cctv,0305-12-사상로202번길12(괘법동)_GS괘법중앙점,35.1691835,128.9766283,부산광역시_방범용 CCTV 정보_20251229
안전,cctv,0305-12-사상로202번길12(괘법동)_GS괘법중앙점_고1,35.1691835,128.9766283,부산광역시_방범용 CCTV 정보_20251229
안전,cctv,0305-12-사상로202번길12(괘법동)_GS괘법중앙점_고2,35.1691835,128.9766283,부산광역시_방범용 CCTV 정보_20251229
안전,cctv,0305-12-사상로202번길12(괘법동)_GS괘법중앙점_고3,35.1691835,128.9766283,부산광역시_방범용 CCTV 정보_20251229
안전,cctv,0306-12-감전동287_화목빌리지_나동_사거리,35.1633797,128.9849361,부산광역시_방범용 CCTV 정보_20251229
안전,cctv,0306-12-감전동287_화목빌리지_나동_사거리_고1,35.1633797,128.9849361,부산광역시_방범용 CCTV 정보_20251229
안전,cctv,0306-구-감전동287_화목빌리지_나동_사거리_고2,35.1633797,128.9849361,부산광역시_방범용 CCTV 정보_20251229
안전,cctv,0306-구-감전동287_화목빌리지_나동_사거리_고3,35.1633797,128.9849361,부산광역시_방범용 CCTV 정보_20251229
안전,cctv,0307-12-강변대로532번길71_엄궁유수지공원,35.15765489,128.9925456,부산광역시_방범용 CCTV 정보_20251229
안전,cctv,0307-12-강변대로532번길71_엄궁유수지공원_고1,35.15765489,128.9925456,부산광역시_방범용 CCTV 정보_20251229
안전,cctv,0308-12-감전동41-8_사상근린공원_숲속체험장,35.1330344,128.9699639,부산광역시_방범용 CCTV 정보_20251229
안전,cctv,0308-12-감전동41-8_사상근린공원_숲속체험장_고1,35.1330344,128.9699639,부산광역시_방범용 CCTV 정보_20251229
안전,cctv,0309-12-가야대로229-13_송민장여관,35.1599903,128.9938961,부산광역시_방범용 CCTV 정보_20251229
안전,cctv,0309-12-가야대로229-13_송민장여관_고1,35.1599903,128.9938961,부산광역시_방범용 CCTV 정보_20251229
안전,cctv,0309-12-가야대로229-13_송민장여관_고2,35.1599903,128.9938961,부산광역시_방범용 CCTV 정보_20251229
안전,cctv,0310-13-사상로202번길48_괘법윈저빌타운_앞,35.1410401,128.9830342,부산광역시_방범용 CCTV 정보_20251229
안전,cctv,0310-13-사상로202번길48_괘법윈저빌타운_앞_고1,35.1410401,128.9830342,부산광역시_방범용 CCTV 정보_20251229
안전,cctv,0310-13-사상로202번길48_괘법윈저빌타운_앞_고2,35.1410401,128.9830342,부산광역시_방범용 CCTV 정보_20251229
안전,cctv,0310-13-사상로202번길48_괘법윈저빌타운_앞_고3,35.1410401,128.9830342,부산광역시_방범용 CCTV 정보_20251229
안전,cctv,0311-13-광장로93번길16-8_괘법동행정복지센터,35.16416021,128.9869554,부산광역시_방범용 CCTV 정보_20251229
안전,cctv,0311-13-광장로93번길16-8_괘법동행정복지센터_고1,35.16416021,128.9869554,부산광역시_방범용 CCTV 정보_20251229
안전,cctv,0311-13-광장로93번길16-8_괘법동행정복지센터_고2,35.16416021,128.9869554,부산광역시_방범용 CCTV 정보_20251229
안전,cctv,0312-13-가야대로318번길79_보성실버센터_앞,35.16351183,128.987018,부산광역시_방범용 CCTV 정보_20251229
안전,cctv,0312-13-가야대로318번길79_보성실버센터_앞_고1,35.16351183,128.987018,부산광역시_방범용 CCTV 정보_20251229
안전,cctv,0312-13-가야대로318번길79_보성실버센터_앞_고2,35.16351183,128.987018,부산광역시_방범용 CCTV 정보_20251229
안전,cctv,0312-13-가야대로318번길79_보성실버센터_앞_고3,35.16351183,128.987018,부산광역시_방범용 CCTV 정보_20251229
안전,cctv,0313-13-가야대로330번길89_동서대_CU2호점,35.1472657,129.0077603,부산광역시_방범용 CCTV 정보_20251229
안전,cctv,0313-13-가야대로330번길89_동서대_CU2호점_고1,35.1472657,129.0077603,부산광역시_방범용 CCTV 정보_20251229
안전,cctv,0313-13-가야대로330번길89_동서대_CU2호점_고2,35.1472657,129.0077603,부산광역시_방범용 CCTV 정보_20251229
안전,cctv,0314-13-가야대로388번길38_한샘부엌가구_앞,35.14677081,129.0094039,부산광역시_방범용 CCTV 정보_20251229
안전,cctv,0314-13-가야대로388번길38_한샘부엌가구_앞_고1,35.14677081,129.0094039,부산광역시_방범용 CCTV 정보_20251229
안전,cctv,0314-13-가야대로388번길38_한샘부엌가구_앞_고2,35.14677081,129.0094039,부산광역시_방범용 CCTV 정보_20251229
안전,cctv,0314-13-가야대로388번길38_한샘부엌가구_앞_고3,35.14677081,129.0094039,부산광역시_방범용 CCTV 정보_20251229
안전,cctv,0315-13-가야대로306번길14_주례맨션11동_뒤편,35.1496634,129.0152451,부산광역시_방범용 CCTV 정보_20251229
안전,cctv,0315-13-가야대로306번길14_주례맨션11동_뒤편_고1,35.1496634,129.0152451,부산광역시_방범용 CCTV 정보_20251229
안전,cctv,0315-13-가야대로306번길14_주례맨션11동_뒤편_고2,35.1496634,129.0152451,부산광역시_방범용 CCTV 정보_20251229
안전,cctv,0315-13-가야대로306번길14_주례맨션11동_뒤편_고3,35.1496634,129.0152451,부산광역시_방범용 CCTV 정보_20251229
안전,cctv,0316-13-백양대로537_감전LH_앞_굴다리,35.14989325,129.0060053,부산광역시_방범용 CCTV 정보_20251229
안전,cctv,0316-13-백양대로537_감전LH_앞_굴다리_고1,35.14989325,129.0060053,부산광역시_방범용 CCTV 정보_20251229
안전,cctv,0316-13-백양대로537_감전LH_앞_굴다리_고2,35.14989325,129.0060053,부산광역시_방범용 CCTV 정보_20251229
안전,cctv,0317-13-괘법동375_네일헤현_옆_골목,35.156709,128.992249,부산광역시_방범용 CCTV 정보_20251229
안전,cctv,0317-13-괘법동375_네일헤현_옆_골목_고1,35.156709,128.992249,부산광역시_방범용 CCTV 정보_20251229
안전,cctv,0317-13-괘법동375_네일헤현_옆_골목_고2,35.156709,128.992249,부산광역시_방범용 CCTV 정보_20251229
안전,cctv,0317-13-괘법동375_네일헤현_옆_골목_고3,35.156709,128.992249,부산광역시_방범용 CCTV 정보_20251229
안전,cctv,0318-14-엄궁남로11번길12_소망빌라_앞,35.16551638,128.9864788,부산광역시_방범용 CCTV 정보_20251229
안전,cctv,0318-14-엄궁남로11번길12_소망빌라_앞_고1,35.16551638,128.9864788,부산광역시_방범용 CCTV 정보_20251229
안전,cctv,0318-14-엄궁남로11번길12_소망빌라_앞_고2,35.16551638,128.9864788,부산광역시_방범용 CCTV 정보_20251229
안전,cctv,0318-14-엄궁남로11번길12_소망빌라_앞_고3,35.16551638,128.9864788,부산광역시_방범용 CCTV 정보_20251229
안전,cctv,0319-14-낙동대로1258번길36_생활사박물관_앞,35.12597287,128.9696084,부산광역시_방범용 CCTV 정보_20251229
안전,cctv,0319-14-낙동대로1258번길36_생활사박물관_앞_고1,35.12597287,128.9696084,부산광역시_방범용 CCTV 정보_20251229
안전,cctv,0319-14-낙동대로1258번길36_생활사박물관_앞_고2,35.12597287,128.9696084,부산광역시_방범용 CCTV 정보_20251229
안전,cctv,0319-14-낙동대로1258번길36_생활사박물관_앞_고3,35.12597287,128.9696084,부산광역시_방범용 CCTV 정보_20251229
안전,cctv,0320-14-백양대로494번길37_주례청구APT_앞,35.148747,129.004659,부산광역시_방범용 CCTV 정보_20251229
안전,cctv,0320-14-백양대로494번길37_주례청구APT_앞_고1,35.148747,129.004659,부산광역시_방범용 CCTV 정보_20251229
안전,cctv,0320-14-백양대로494번길37_주례청구APT_앞_고2,35.148747,129.004659,부산광역시_방범용 CCTV 정보_20251229
안전,cctv,0321-14-백양대로445번길92_철길옆_주택가,35.155268,128.999052,부산광역시_방범용 CCTV 정보_20251229
안전,cctv,0321-14-백양대로445번길92_철길옆_주택가_고1,35.155268,128.999052,부산광역시_방범용 CCTV 정보_20251229
안전,cctv,0321-14-백양대로445번길92_철길옆_주택가_고2,35.155268,128.999052,부산광역시_방범용 CCTV 정보_20251229
안전,cctv,0322-15-냉정로70_대양종합건축설비_앞,35.15263316,128.9983373,부산광역시_방범용 CCTV 정보_20251229
안전,cctv,0322-15-냉정로70_대양종합건축설비_앞_고1,35.15263316,128.9983373,부산광역시_방범용 CCTV 정보_20251229
안전,cctv,0322-15-냉정로70_대양종합건축설비_앞_고2,35.15263316,128.9983373,부산광역시_방범용 CCTV 정보_20251229
안전,cctv,0322-15-냉정로70_대양종합건축설비_앞_고3,35.15263316,128.9983373,부산광역시_방범용 CCTV 정보_20251229
안전,cctv,0323-15-사상로147번길10_한약재도소매_앞,35.14896722,129.0075066,부산광역시_방범용 CCTV 정보_20251229
안전,cctv,0323-15-사상로147번길10_한약재도소매_앞_고1,35.14896722,129.0075066,부산광역시_방범용 CCTV 정보_20251229
안전,cctv,0323-15-사상로147번길10_한약재도소매_앞_고2,35.14896722,129.0075066,부산광역시_방범용 CCTV 정보_20251229
안전,cctv,0324-15-학감대로_156_삼성골프_앞,35.15852307,128.9872621,부산광역시_방범용 CCTV 정보_20251229
안전,cctv,0324-15-학감대로_156_삼성골프_앞_고1,35.15852307,128.9872621,부산광역시_방범용 CCTV 정보_20251229
안전,cctv,0324-15-학감대로_156_삼성골프_앞_고2,35.15852307,128.9872621,부산광역시_방범용 CCTV 정보_20251229
안전,cctv,0325-15-덕상로_116-38_용운사,35.14496484,128.9884423,부산광역시_방범용 CCTV 정보_20251229
안전,cctv,0325-15-덕상로_116-38_용운사_고1,35.14496484,128.9884423,부산광역시_방범용 CCTV 정보_20251229
안전,cctv,0326-17-사상로46번길_주감초앞_사거리,35.18186376,128.9921087,부산광역시_방범용 CCTV 정보_20251229
안전,cctv,0326-17-사상로46번길_주감초앞_사거리_고1,35.18186376,128.9921087,부산광역시_방범용 CCTV 정보_20251229
안전,cctv,0326-17-사상로46번길_주감초앞_사거리_고2,35.18186376,128.9921087,부산광역시_방범용 CCTV 정보_20251229
안전,cctv,0326-17-사상로46번길_주감초앞_사거리_고3,35.18186376,128.9921087,부산광역시_방범용 CCTV 정보_20251229
안전,cctv,001-구-엄궁로176번길_16-18_도성암앞,35.12638785,128.9729418,부산광역시_방범용 CCTV 정보_20251229
안전,cctv,001-구-엄궁로176번길_16-18_도성암앞_고1,35.12638785,128.9729418,부산광역시_방범용 CCTV 정보_20251229
안전,cctv,001-구-엄궁로176번길_16-18_도성암앞_고2,35.12638785,128.9729418,부산광역시_방범용 CCTV 정보_20251229
안전,cctv,002-구-가야대로352_냉정샘_앞,35.15063741,129.0110342,부산광역시_방범용 CCTV 정보_20251229
안전,cctv,002-구-가야대로352_냉정샘_앞_고1,35.15063741,129.0110342,부산광역시_방범용 CCTV 정보_20251229
안전,cctv,002-구-가야대로352_냉정샘_앞_고2,35.15063741,129.0110342,부산광역시_방범용 CCTV 정보_20251229
안전,cctv,002-구-가야대로352_냉정샘_앞_고3,35.15063741,129.0110342,부산광역시_방범용 CCTV 정보_20251229
안전,cctv,003-구-낙동대로761-4_엄궁복국집,35.129166,128.970272,부산광역시_방범용 CCTV 정보_20251229
안전,cctv,004-구-운산로100번길_10-2_사상성당,35.1666091,128.9861072,부산광역시_방범용 CCTV 정보_20251229
안전,cctv,004-구-운산로100번길_10-2_사상성당_고1,35.1666091,128.9861072,부산광역시_방범용 CCTV 정보_20251229
안전,cctv,004-구-운산로100번길_10-2_사상성당_고2,35.1666091,128.9861072,부산광역시_방범용 CCTV 정보_20251229
안전,cctv,005-구-사상로212번길_68_88석유,35.16527219,128.9873335,부산광역시_방범용 CCTV 정보_20251229
안전,cctv,005-구-사상로212번길_68_88석유_고1,35.16527219,128.9873335,부산광역시_방범용 CCTV 정보_20251229
안전,cctv,005-구-사상로212번길_68_88석유_고2,35.16527219,128.9873335,부산광역시_방범용 CCTV 정보_20251229
안전,cctv,006-구-광장로81번길_34_게임랜드,35.1642491,128.9845776,부산광역시_방범용 CCTV 정보_20251229
안전,cctv,006-구-광장로81번길_34_게임랜드_고1,35.1642491,128.9845776,부산광역시_방범용 CCTV 정보_20251229
안전,cctv,006-구-광장로81번길_34_게임랜드_고2,35.1642491,128.9845776,부산광역시_방범용 CCTV 정보_20251229
안전,cctv,006-구-광장로81번길_34_게임랜드_고3,35.1642491,128.9845776,부산광역시_방범용 CCTV 정보_20251229
안전,cctv,007-구-사상로557_아림골든빌라,35.193583,128.989337,부산광역시_방범용 CCTV 정보_20251229
안전,cctv,007-구-사상로557_아림골든빌라_고1,35.193583,128.989337,부산광역시_방범용 CCTV 정보_20251229
안전,cctv,007-구-사상로557_아림골든빌라_고2,35.193583,128.989337,부산광역시_방범용 CCTV 정보_20251229
안전,cctv,007-구-사상로557_아림골든빌라_고3,35.193583,128.989337,부산광역시_방범용 CCTV 정보_20251229
안전,cctv,008-구-백양대로907번다길_6_고동바위_놀이터,35.18867572,128.9905807,부산광역시_방범용 CCTV 정보_20251229
안전,cctv,008-구-백양대로907번다길_6_고동바위_놀이터_고1,35.18867572,128.9905807,부산광역시_방범용 CCTV 정보_20251229
안전,cctv,008-구-백양대로907번다길_6_고동바위_놀이터_고2,35.18867572,128.9905807,부산광역시_방범용 CCTV 정보_20251229
안전,cctv,008-구-백양대로907번다길_6_고동바위_놀이터_고3,35.18867572,128.9905807,부산광역시_방범용 CCTV 정보_20251229
안전,cctv,009-구-백양대로969-5_이세현헤어,35.192694,128.992208,부산광역시_방범용 CCTV 정보_20251229
안전,cctv,009-구-백양대로969-5_이세현헤어_고1,35.192694,128.992208,부산광역시_방범용 CCTV 정보_20251229
안전,cctv,009-구-백양대로969-5_이세현헤어_고2,35.192694,128.992208,부산광역시_방범용 CCTV 정보_20251229
안전,cctv,009-구-백양대로969-5_이세현헤어_고3,35.192694,128.992208,부산광역시_방범용 CCTV 정보_20251229
안전,cctv,010-구-덕상로_69_덕포체육공원앞_사거리,35.177728,128.989296,부산광역시_방범용 CCTV 정보_20251229
안전,cctv,010-구-덕상로_69_덕포체육공원앞_사거리_고1,35.177728,128.989296,부산광역시_방범용 CCTV 정보_20251229
안전,cctv,010-구-덕상로_69_덕포체육공원앞_사거리_고2,35.177728,128.989296,부산광역시_방범용 CCTV 정보_20251229
안전,cctv,010-구-덕상로_69_덕포체육공원앞_사거리_고3,35.177728,128.989296,부산광역시_방범용 CCTV 정보_20251229
안전,cctv,011-구-백양대로762번길_12_한샘유치원,35.17478,128.989221,부산광역시_방범용 CCTV 정보_20251229
안전,cctv,011-구-백양대로762번길_12_한샘유치원_고1,35.17478,128.989221,부산광역시_방범용 CCTV 정보_20251229
안전,cctv,011-구-백양대로762번길_12_한샘유치원_고2,35.17478,128.989221,부산광역시_방범용 CCTV 정보_20251229
안전,cctv,011-구-백양대로762번길_12_한샘유치원_고3,35.17478,128.989221,부산광역시_방범용 CCTV 정보_20251229
안전,cctv,012-구-주감로268_주례동_희망디딤돌방범1,35.152079,129.015159,부산광역시_방범용 CCTV 정보_20251229
안전,cctv,013-구-주감로256_희망디딤돌방범2,35.151954,129.013847,부산광역시_방범용 CCTV 정보_20251229
안전,cctv,014-구-주감로229번길_60-1_희망디딤돌방범3,35.1523,129.014067,부산광역시_방범용 CCTV 정보_20251229
안전,cctv,015-구-강선로18번길48_덕포여중뒤_담벼락,35.16960485,128.9861064,부산광역시_방범용 CCTV 정보_20251229
안전,cctv,015-구-강선로18번길48_덕포여중뒤_담벼락_고1,35.16960485,128.9861064,부산광역시_방범용 CCTV 정보_20251229
안전,cctv,015-구-강선로18번길48_덕포여중뒤_담벼락_고2,35.16960485,128.9861064,부산광역시_방범용 CCTV 정보_20251229
안전,cctv,016-구-덕상로129_모라공원,35.18295294,128.9897114,부산광역시_방범용 CCTV 정보_20251229
안전,cctv,017-구-가야대로366번길_146_주례여고_옆,35.145636,129.014185,부산광역시_방범용 CCTV 정보_20251229
안전,cctv,018-구-엄궁중로55_대동APT_뒤,35.145636,129.014185,부산광역시_방범용 CCTV 정보_20251229
안전,cctv,018-구-엄궁중로55_대동APT_뒤_고1,35.145636,129.014185,부산광역시_방범용 CCTV 정보_20251229
안전,cctv,018-구-엄궁중로55_대동APT_뒤_고2,35.145636,129.014185,부산광역시_방범용 CCTV 정보_20251229
안전,cctv,019-구-대동로22번길_15_은혜로교회뒤,35.1687001,128.9803611,부산광역시_방범용 CCTV 정보_20251229
안전,cctv,020-구-운산로102번길_25-6_괘법셉테드마을,35.167899,128.98625,부산광역시_방범용 CCTV 정보_20251229
안전,cctv,021-구-학장로224번길_22_학장행복마을,35.124177,128.971002,부산광역시_방범용 CCTV 정보_20251229
안전,cctv,021-구-학장로224번길_22_학장행복마을_고1,35.124177,128.971002,부산광역시_방범용 CCTV 정보_20251229
안전,cctv,021-구-학장로224번길_22_학장행복마을_고2,35.124177,128.971002,부산광역시_방범용 CCTV 정보_20251229
안전,cctv,022-구-엄궁북로4번길_32_엄궁쌈지공원입구,35.157218,129.005078,부산광역시_방범용 CCTV 정보_20251229
안전,cctv,022-구-엄궁북로4번길_32_엄궁쌈지공원입구_고1,35.157218,129.005078,부산광역시_방범용 CCTV 정보_20251229
안전,cctv,022-구-엄궁북로4번길_32_엄궁쌈지공원입구_고2,35.157218,129.005078,부산광역시_방범용 CCTV 정보_20251229
안전,cctv,023-구-엄궁북로4번길_32-10_엄궁쌈지공원_내,35.176229,128.990431,부산광역시_방범용 CCTV 정보_20251229
안전,cctv,024-구-학감대로_88_용호산업(렉서스뒷골목),35.154046,128.986601,부산광역시_방범용 CCTV 정보_20251229
안전,cctv,025-구-학장동_산129-3_학장슈퍼_앞,35.158139,128.985143,부산광역시_방범용 CCTV 정보_20251229
안전,cctv,025-구-학장동_산129-3_학장슈퍼_앞_고1,35.158139,128.985143,부산광역시_방범용 CCTV 정보_20251229
안전,cctv,025-구-학장동_산129-3_학장슈퍼_앞_고2,35.158139,128.985143,부산광역시_방범용 CCTV 정보_20251229
안전,cctv,025-구-학장동_산129-3_학장슈퍼_앞_고3,35.158139,128.985143,부산광역시_방범용 CCTV 정보_20251229
안전,cctv,026-구-광장로17_이마트앞_고1,35.127669,128.978326,부산광역시_방범용 CCTV 정보_20251229
안전,cctv,026-구-광장로17_이마트앞_고2,35.127669,128.978326,부산광역시_방범용 CCTV 정보_20251229
안전,cctv,026-구-광장로17_이마트앞_회전,35.127669,128.978326,부산광역시_방범용 CCTV 정보_20251229
안전,cctv,027-구-새벽로121번길_86_(주)동양고압호스,35.179956,128.983286,부산광역시_방범용 CCTV 정보_20251229
안전,cctv,028-구-광장로105번길_39-22_경남파크빌라_고1,35.169547,128.988477,부산광역시_방범용 CCTV 정보_20251229
안전,cctv,028-구-광장로105번길_39-22_경남파크빌라_고2,35.169547,128.988477,부산광역시_방범용 CCTV 정보_20251229
안전,cctv,028-구-광장로105번길_39-22_경남파크빌라_회전,35.169547,128.988477,부산광역시_방범용 CCTV 정보_20251229
안전,cctv,029-구-백양대로494번길_59-14_백양마을주택가_회전,35.1506859,128.9958025,부산광역시_방범용 CCTV 정보_20251229
안전,cctv,030-구-대동로_147-8_신사동왕족발_고1,35.15077756,128.997618,부산광역시_방범용 CCTV 정보_20251229
안전,cctv,030-구-대동로_147-8_신사동왕족발_고2,35.15077756,128.997618,부산광역시_방범용 CCTV 정보_20251229
안전,cctv,030-구-대동로_147-8_신사동왕족발_회전,35.15077756,128.997618,부산광역시_방범용 CCTV 정보_20251229
안전,cctv,031-구-냉정로_41_럭키APT_8동앞_사거리_고1,35.17213056,128.9788812,부산광역시_방범용 CCTV 정보_20251229
안전,cctv,031-구-냉정로_41_럭키APT_8동앞_사거리_고2,35.17213056,128.9788812,부산광역시_방범용 CCTV 정보_20251229
안전,cctv,031-구-냉정로_41_럭키APT_8동앞_사거리_고3,35.17213056,128.9788812,부산광역시_방범용 CCTV 정보_20251229
안전,cctv,031-구-냉정로_41_럭키APT_8동앞_사거리_회전,35.17213056,128.9788812,부산광역시_방범용 CCTV 정보_20251229
안전,cctv,032-구-주례로_25_해마루감자탕_고1,35.152911,129.001397,부산광역시_방범용 CCTV 정보_20251229
안전,cctv,032-구-주례로_25_해마루감자탕_고2,35.152911,129.001397,부산광역시_방범용 CCTV 정보_20251229
안전,cctv,032-구-주례로_25_해마루감자탕_고3,35.152911,129.001397,부산광역시_방범용 CCTV 정보_20251229
안전,cctv,032-구-주례로_25_해마루감자탕_회전,35.152911,129.001397,부산광역시_방범용 CCTV 정보_20251229
안전,cctv,033-구-새벽시장로_25_감전중천주차장_고1,35.148663,129.011654,부산광역시_방범용 CCTV 정보_20251229
안전,cctv,033-구-새벽시장로_25_감전중천주차장_고2,35.148663,129.011654,부산광역시_방범용 CCTV 정보_20251229
안전,cctv,033-구-새벽시장로_25_감전중천주차장_고3,35.148663,129.011654,부산광역시_방범용 CCTV 정보_20251229
안전,cctv,033-구-새벽시장로_25_감전중천주차장_회전,35.148663,129.011654,부산광역시_방범용 CCTV 정보_20251229
안전,cctv,034-구-사상로233번길_29_사상꼬리집_고1,35.155871,128.976987,부산광역시_방범용 CCTV 정보_20251229
안전,cctv,034-구-사상로233번길_29_사상꼬리집_고2,35.155871,128.976987,부산광역시_방범용 CCTV 정보_20251229
안전,cctv,034-구-사상로233번길_29_사상꼬리집_회전,35.155871,128.976987,부산광역시_방범용 CCTV 정보_20251229
안전,cctv,035-구-백양대로_933-14_고동바위공영주차장_고1,35.165708,128.980973,부산광역시_방범용 CCTV 정보_20251229
안전,cctv,035-구-백양대로_933-14_고동바위공영주차장_고2,35.165708,128.980973,부산광역시_방범용 CCTV 정보_20251229
안전,cctv,035-구-백양대로_933-14_고동바위공영주차장_회전,35.165708,128.980973,부산광역시_방범용 CCTV 정보_20251229
안전,cctv,036-구-사상로426번길_10_모라스테이모텔_고1,35.189746,128.990722,부산광역시_방범용 CCTV 정보_20251229
안전,cctv,036-구-사상로426번길_10_모라스테이모텔_고2,35.189746,128.990722,부산광역시_방범용 CCTV 정보_20251229
안전,cctv,036-구-사상로426번길_10_모라스테이모텔_회전,35.189746,128.990722,부산광역시_방범용 CCTV 정보_20251229
안전,cctv,037-구-사상로386번길_16_대진정기(주)_고1,35.182382,128.986857,부산광역시_방범용 CCTV 정보_20251229
안전,cctv,037-구-사상로386번길_16_대진정기(주)_고2,35.182382,128.986857,부산광역시_방범용 CCTV 정보_20251229
안전,cctv,037-구-사상로386번길_16_대진정기(주)_회전,35.182382,128.986857,부산광역시_방범용 CCTV 정보_20251229
안전,cctv,038-구-냉정로_120_경동윈츠빌_고1,35.178852,128.986006,부산광역시_방범용 CCTV 정보_20251229
안전,cctv,038-구-냉정로_120_경동윈츠빌_고2,35.178852,128.986006,부산광역시_방범용 CCTV 정보_20251229
안전,cctv,038-구-냉정로_120_경동윈츠빌_고3,35.178852,128.986006,부산광역시_방범용 CCTV 정보_20251229
안전,cctv,038-구-냉정로_120_경동윈츠빌_회전,35.178852,128.986006,부산광역시_방범용 CCTV 정보_20251229
안전,cctv,039-구-광장로_96-12_SH하우스_고1,35.14952,129.012849,부산광역시_방범용 CCTV 정보_20251229
안전,cctv,039-구-광장로_96-12_SH하우스_고2,35.14952,129.012849,부산광역시_방범용 CCTV 정보_20251229
안전,cctv,039-구-광장로_96-12_SH하우스_회전,35.14952,129.012849,부산광역시_방범용 CCTV 정보_20251229
안전,cctv,040-구-괘감로_46_부산산업유통단지_고1,35.161389,128.987131,부산광역시_방범용 CCTV 정보_20251229
안전,cctv,040-구-괘감로_46_부산산업유통단지_고2,35.161389,128.987131,부산광역시_방범용 CCTV 정보_20251229
안전,cctv,040-구-괘감로_46_부산산업유통단지_고3,35.161389,128.987131,부산광역시_방범용 CCTV 정보_20251229
안전,cctv,040-구-괘감로_46_부산산업유통단지_회전,35.161389,128.987131,부산광역시_방범용 CCTV 정보_20251229
안전,cctv,041-구-낙동대로881번길_23_동진테크_고1,35.158446,128.979504,부산광역시_방범용 CCTV 정보_20251229
안전,cctv,041-구-낙동대로881번길_23_동진테크_고2,35.158446,128.979504,부산광역시_방범용 CCTV 정보_20251229
안전,cctv,041-구-낙동대로881번길_23_동진테크_회전,35.158446,128.979504,부산광역시_방범용 CCTV 정보_20251229
안전,cctv,042-구-가야대로388번길_16_일산맨션_고1,35.139131,128.96899,부산광역시_방범용 CCTV 정보_20251229
안전,cctv,042-구-가야대로388번길_16_일산맨션_고2,35.139131,128.96899,부산광역시_방범용 CCTV 정보_20251229
안전,cctv,042-구-가야대로388번길_16_일산맨션_회전,35.139131,128.96899,부산광역시_방범용 CCTV 정보_20251229
안전,cctv,043-구-학감대로39번길_67_좋은부산요양병원_고1,35.15059,129.01511,부산광역시_방범용 CCTV 정보_20251229
안전,cctv,043-구-학감대로39번길_67_좋은부산요양병원_회전,35.15059,129.01511,부산광역시_방범용 CCTV 정보_20251229
안전,cctv,044-구-낙동대로1540번길_14_영산식품,35.133175,128.996217,부산광역시_방범용 CCTV 정보_20251229
안전,cctv,045-구-감전동873-14_감전교차로(공원_입구),35.194658,128.986465,부산광역시_방범용 CCTV 정보_20251229
안전,cctv,045-구-감전동873-14_감전교차로(공원_입구)_고1,35.194658,128.986465,부산광역시_방범용 CCTV 정보_20251229
안전,cctv,045-구-감전동873-14_감전교차로(공원_입구)_고2,35.194658,128.986465,부산광역시_방범용 CCTV 정보_20251229
안전,cctv,045-구-감전동873-14_감전교차로(공원_입구)_고3,35.194658,128.986465,부산광역시_방범용 CCTV 정보_20251229
안전,cctv,046-구-삼락동_816_삼락실외수영장01,35.1451864,128.9690288,부산광역시_방범용 CCTV 정보_20251229
안전,cctv,046-구-삼락동_816_삼락실외수영장02,35.1451864,128.9690288,부산광역시_방범용 CCTV 정보_20251229
안전,cctv,046-구-삼락동_816_삼락실외수영장03,35.1451864,128.9690288,부산광역시_방범용 CCTV 정보_20251229
안전,cctv,046-구-삼락동_816_삼락실외수영장04,35.1451864,128.9690288,부산광역시_방범용 CCTV 정보_20251229
안전,cctv,046-구-삼락동_816_삼락실외수영장05,35.1451864,128.9690288,부산광역시_방범용 CCTV 정보_20251229
안전,cctv,047-구-사상로310번길_75-5_덕포동쌈지공원_고정,35.157877,128.970323,부산광역시_방범용 CCTV 정보_20251229
안전,cctv,047-구-사상로310번길_75-5_덕포동쌈지공원_회전,35.157877,128.970323,부산광역시_방범용 CCTV 정보_20251229
안전,cctv,048-구-학장동_새뜰마을1(대동로131번길14),35.171321,128.986649,부산광역시_방범용 CCTV 정보_20251229
안전,cctv,049-구-학장동_새뜰마을2(대동로115번길55),35.140595,128.981453,부산광역시_방범용 CCTV 정보_20251229
안전,cctv,050-구-학장동_새뜰마을3(대동로131번길6),35.140591,128.981103,부산광역시_방범용 CCTV 정보_20251229
안전,cctv,051-구-주례동_주감로229번길14_냉정역쌈지공원,35.140655,128.980586,부산광역시_방범용 CCTV 정보_20251229
안전,cctv,051-구-주례동_주감로229번길14_냉정역쌈지공원_고1,35.140655,128.980586,부산광역시_방범용 CCTV 정보_20251229
안전,cctv,051-구-주례동_주감로229번길14_냉정역쌈지공원_고2,35.140655,128.980586,부산광역시_방범용 CCTV 정보_20251229
안전,cctv,052-구-주례동_주례로139번길19_보광빌라,35.152011,129.011492,부산광역시_방범용 CCTV 정보_20251229
안전,cctv,052-구-주례동_주례로139번길19_보광빌라_고1,35.152011,129.011492,부산광역시_방범용 CCTV 정보_20251229
안전,cctv,052-구-주례동_주례로139번길19_보광빌라_고2,35.152011,129.011492,부산광역시_방범용 CCTV 정보_20251229
안전,cctv,053-구-주례동_동성하이츠빌라(주례동617-26),35.145479,129.001786,부산광역시_방범용 CCTV 정보_20251229
안전,cctv,053-구-주례동_동성하이츠빌라(주례동617-26)_고1,35.145479,129.001786,부산광역시_방범용 CCTV 정보_20251229
안전,cctv,053-구-주례동_동성하이츠빌라(주례동617-26)_고2,35.145479,129.001786,부산광역시_방범용 CCTV 정보_20251229
안전,cctv,053-구-주례동_동성하이츠빌라(주례동617-26)_고3,35.145479,129.001786,부산광역시_방범용 CCTV 정보_20251229
안전,cctv,054-구_모라동_사상로455번길12_모라쌈지공원,35.145078,128.999706,부산광역시_방범용 CCTV 정보_20251229
안전,cctv,054-구_모라동_사상로455번길12_모라쌈지공원_고1,35.145078,128.999706,부산광역시_방범용 CCTV 정보_20251229
안전,cctv,054-구_모라동_사상로455번길12_모라쌈지공원_고2,35.145078,128.999706,부산광역시_방범용 CCTV 정보_20251229
안전,cctv,055-구-감전동_중앙빌라_고정형(사상로137번길34),35.185364,128.986351,부산광역시_방범용 CCTV 정보_20251229
안전,cctv,055-구-감전동_중앙빌라_회전형(사상로137번길34),35.185364,128.986351,부산광역시_방범용 CCTV 정보_20251229
안전,cctv,056-구_감전동_사상로161번길45_대성타일,35.156813,128.98795,부산광역시_방범용 CCTV 정보_20251229
안전,cctv,056-구_감전동_사상로161번길45_대성타일_고1,35.156813,128.98795,부산광역시_방범용 CCTV 정보_20251229
안전,cctv,056-구_감전동_사상로161번길45_대성타일_고2,35.156813,128.98795,부산광역시_방범용 CCTV 정보_20251229
안전,cctv,056-구_감전동_사상로161번길45_대성타일_고3,35.156813,128.98795,부산광역시_방범용 CCTV 정보_20251229
안전,cctv,057-구_모라동_사상로453_육일부동산앞_사거리,35.157977,128.98594,부산광역시_방범용 CCTV 정보_20251229
안전,cctv,057-구_모라동_사상로453_육일부동산앞_사거리_고1,35.157977,128.98594,부산광역시_방범용 CCTV 정보_20251229
안전,cctv,057-구_모라동_사상로453_육일부동산앞_사거리_고2,35.157977,128.98594,부산광역시_방범용 CCTV 정보_20251229
안전,cctv,057-구_모라동_사상로453_육일부동산앞_사거리_고3,35.157977,128.98594,부산광역시_방범용 CCTV 정보_20251229
안전,cctv,058-구-주례동_가야대로277번길23_왕굴다리보행로,35.185226,128.986719,부산광역시_방범용 CCTV 정보_20251229
안전,cctv,058-구-주례동_가야대로277번길23왕굴다리보행로_고1,35.185226,128.986719,부산광역시_방범용 CCTV 정보_20251229
안전,cctv,058-구-주례동_가야대로277번길23왕굴다리보행로_고2,35.185226,128.986719,부산광역시_방범용 CCTV 정보_20251229
안전,cctv,058-구-주례동_가야대로277번길23왕굴다리보행로_고3,35.185226,128.986719,부산광역시_방범용 CCTV 정보_20251229
안전,cctv,059-구-가야대로405_개금_경계_대로변_고정,35.151738,129.003046,부산광역시_방범용 CCTV 정보_20251229
안전,cctv,059-구-가야대로405_개금_경계_대로변_회전,35.151738,129.003046,부산광역시_방범용 CCTV 정보_20251229
안전,cctv,060-구_주감로277_주례_철길마을_쌈지공원_고1,35.1519933,129.0166699,부산광역시_방범용 CCTV 정보_20251229
안전,cctv,060-구_주감로277_주례_철길마을_쌈지공원_고2,35.1519933,129.0166699,부산광역시_방범용 CCTV 정보_20251229
안전,cctv,060-구-주감로277_주례_철길마을_쌈지공원,35.1519933,129.0166699,부산광역시_방범용 CCTV 정보_20251229
안전,cctv,061-구-삼락동29-3_삼락생태공원_진출입로_고1,35.1524723,129.0160432,부산광역시_방범용 CCTV 정보_20251229
안전,cctv,061-구-삼락동29-3_삼락생태공원_진출입로_고2,35.1524723,129.0160432,부산광역시_방범용 CCTV 정보_20251229
안전,cctv,061-구-삼락동29-3_삼락생태공원_진출입로_회전,35.1524723,129.0160432,부산광역시_방범용 CCTV 정보_20251229
안전,cctv,062-구-가야대로366-1_냉정지하철역,35.1927635,128.9820433,부산광역시_방범용 CCTV 정보_20251229
안전,cctv,062-구-가야대로366-1_냉정지하철역_고1,35.1927635,128.9820433,부산광역시_방범용 CCTV 정보_20251229
안전,cctv,062-구-가야대로366-1_냉정지하철역_고2,35.1927635,128.9820433,부산광역시_방범용 CCTV 정보_20251229
안전,cctv,062-구-가야대로366-1_냉정지하철역_고3,35.1927635,128.9820433,부산광역시_방범용 CCTV 정보_20251229
안전,cctv,063-구-운산로100번길_10_청수탕_뒤_골목,35.1511487,129.0125726,부산광역시_방범용 CCTV 정보_20251229
안전,cctv,063-구-운산로100번길_10_청수탕_뒤_골목_고1,35.1511487,129.0125726,부산광역시_방범용 CCTV 정보_20251229
안전,cctv,063-구-운산로100번길_10_청수탕_뒤_골목_고2,35.1511487,129.0125726,부산광역시_방범용 CCTV 정보_20251229
안전,cctv,064-구-모라로46번길_60-3_모래내행복_쌈지공원_고1,35.1674002,128.9865795,부산광역시_방범용 CCTV 정보_20251229
안전,cctv,064-구-모라로46번길_60-3_모래내행복_쌈지공원_고2,35.1674002,128.9865795,부산광역시_방범용 CCTV 정보_20251229
안전,cctv,064-구-모라로46번길_60-3_모래내행복_쌈지공원_고3,35.1674002,128.9865795,부산광역시_방범용 CCTV 정보_20251229
안전,cctv,064-구-모라로46번길_60-3_모래내행복_쌈지공원_회전,35.1674002,128.9865795,부산광역시_방범용 CCTV 정보_20251229
안전,cctv,065-구-양지로22번길_30_창신공원_밑_주택가_고1,35.1875223,128.9859293,부산광역시_방범용 CCTV 정보_20251229
안전,cctv,065-구-양지로22번길_30_창신공원_밑_주택가_고2,35.1875223,128.9859293,부산광역시_방범용 CCTV 정보_20251229
안전,cctv,065-구-양지로22번길_30_창신공원_밑_주택가_고3,35.1875223,128.9859293,부산광역시_방범용 CCTV 정보_20251229
안전,cctv,065-구-양지로22번길_30_창신공원_밑_주택가_회전,35.1875223,128.9859293,부산광역시_방범용 CCTV 정보_20251229
안전,cctv,066-구-새벽시장로63번길20_굿모닝음악미술학원_고1,35.1552157,129.0046711,부산광역시_방범용 CCTV 정보_20251229
안전,cctv,066-구-새벽시장로63번길20_굿모닝음악미술학원_고2,35.1552157,129.0046711,부산광역시_방범용 CCTV 정보_20251229
안전,cctv,066-구-새벽시장로63번길20_굿모닝음악미술학원_회전,35.1552157,129.0046711,부산광역시_방범용 CCTV 정보_20251229
안전,cctv,067-구-사상로509번길_16_모라삼일교회_고1,35.155978,128.9811219,부산광역시_방범용 CCTV 정보_20251229
안전,cctv,067-구-사상로509번길_16_모라삼일교회_고2,35.155978,128.9811219,부산광역시_방범용 CCTV 정보_20251229
안전,cctv,067-구-사상로509번길_16_모라삼일교회_고3,35.155978,128.9811219,부산광역시_방범용 CCTV 정보_20251229
안전,cctv,067-구-사상로509번길_16_모라삼일교회_회전,35.155978,128.9811219,부산광역시_방범용 CCTV 정보_20251229
안전,cctv,068-구-농산물시장로_40-7_외식1번가_뒤_공원_고1,35.1901476,128.9878659,부산광역시_방범용 CCTV 정보_20251229
안전,cctv,068-구-농산물시장로_40-7_외식1번가_뒤_공원_고2,35.1901476,128.9878659,부산광역시_방범용 CCTV 정보_20251229
안전,cctv,068-구-농산물시장로_40-7_외식1번가_뒤_공원_회전,35.1901476,128.9878659,부산광역시_방범용 CCTV 정보_20251229
안전,cctv,069-구-대동로140번길_60_학장중학교,35.1262616,128.9669862,부산광역시_방범용 CCTV 정보_20251229
안전,cctv,069-구-대동로140번길_60_학장중학교_고1,35.1262616,128.9669862,부산광역시_방범용 CCTV 정보_20251229
안전,cctv,069-구-대동로140번길_60_학장중학교_고2,35.1262616,128.9669862,부산광역시_방범용 CCTV 정보_20251229
안전,cctv,070-구_모라동_모라틔움공원,35.1385007,128.9834528,부산광역시_방범용 CCTV 정보_20251229
안전,cctv,070-구_모라동_모라틔움공원_고1,35.1385007,128.9834528,부산광역시_방범용 CCTV 정보_20251229
안전,cctv,070-구-모라동_모라틔움공원_고2,35.1385007,128.9834528,부산광역시_방범용 CCTV 정보_20251229
안전,cctv,070-구-모라동_모라틔움공원_고3,35.1385007,128.9834528,부산광역시_방범용 CCTV 정보_20251229
안전,cctv,071-구_괘법동_산17-5_괘내마을_윗길_고1,35.19221788,128.9954638,부산광역시_방범용 CCTV 정보_20251229
안전,cctv,071-구_괘법동_산17-5_괘내마을_윗길_고2,35.19221788,128.9954638,부산광역시_방범용 CCTV 정보_20251229
안전,cctv,071-구_괘법동_산17-5_괘내마을_윗길_회전,35.19221788,128.9954638,부산광역시_방범용 CCTV 정보_20251229
안전,cctv,072-구_감전동_831-1번지_서감마을_쌈지공원_고정,35.1639502,128.9908399,부산광역시_방범용 CCTV 정보_20251229
안전,cctv,072-구_감전동_831-1번지_서감마을_쌈지공원_회전,35.1639502,128.9908399,부산광역시_방범용 CCTV 정보_20251229
안전,cctv,073-구-괘법동_443_철길옆_삼거리,35.1534937,128.9779092,부산광역시_방범용 CCTV 정보_20251229
안전,cctv,073-구-괘법동_443_철길옆_삼거리_고1,35.1534937,128.9779092,부산광역시_방범용 CCTV 정보_20251229
안전,cctv,073-구-괘법동_443_철길옆_삼거리_고2,35.1534937,128.9779092,부산광역시_방범용 CCTV 정보_20251229
안전,cctv,074-구-괘법동_465-3_진원파크빌_옆,35.16396166,128.9887492,부산광역시_방범용 CCTV 정보_20251229
안전,cctv,074-구-괘법동_465-3_진원파크빌_옆_고1,35.16396166,128.9887492,부산광역시_방범용 CCTV 정보_20251229
안전,cctv,074-구-괘법동_465-3_진원파크빌_옆_고2,35.16396166,128.9887492,부산광역시_방범용 CCTV 정보_20251229
안전,cctv,075-구-괘법동_159-1_괘법그린빌라,35.16433543,128.9893133,부산광역시_방범용 CCTV 정보_20251229
안전,cctv,075-구-괘법동_159-1_괘법그린빌라_고1,35.16433543,128.9893133,부산광역시_방범용 CCTV 정보_20251229
안전,cctv,075-구-괘법동_159-1_괘법그린빌라_고2,35.16433543,128.9893133,부산광역시_방범용 CCTV 정보_20251229
안전,cctv,076-구-괘법동_468-4_오아시스_공영주차장,35.16440796,128.9898984,부산광역시_방범용 CCTV 정보_20251229
안전,cctv,076-구-괘법동_468-4_오아시스_공영주차장_고1,35.16440796,128.9898984,부산광역시_방범용 CCTV 정보_20251229
안전,cctv,076-구-괘법동_468-4_오아시스_공영주차장_고2,35.16440796,128.9898984,부산광역시_방범용 CCTV 정보_20251229
안전,cctv,077-구-괘법동471-1_괘내마을행복센터_뒷편정자,35.16306265,128.9897543,부산광역시_방범용 CCTV 정보_20251229
안전,cctv,077-구-괘법동471-1_괘내마을행복센터_뒷편정자_고1,35.16306265,128.9897543,부산광역시_방범용 CCTV 정보_20251229
안전,cctv,077-구-괘법동471-1_괘내마을행복센터_뒷편정자_고2,35.16306265,128.9897543,부산광역시_방범용 CCTV 정보_20251229
안전,cctv,078-구-괘법동_97-1_산책로_정자_옆,35.16333482,128.9890112,부산광역시_방범용 CCTV 정보_20251229
안전,cctv,078-구-괘법동_97-1_산책로_정자_옆_고1,35.16333482,128.9890112,부산광역시_방범용 CCTV 정보_20251229
안전,cctv,078-구-괘법동_97-1_산책로_정자_옆_고2,35.16333482,128.9890112,부산광역시_방범용 CCTV 정보_20251229
안전,cctv,079-구-괘법동_95-1_폐공가_옆_도로,35.16094771,128.9898746,부산광역시_방범용 CCTV 정보_20251229
안전,cctv,079-구-괘법동_95-1_폐공가_옆_도로_고1,35.16094771,128.9898746,부산광역시_방범용 CCTV 정보_20251229
안전,cctv,079-구-괘법동_95-1_폐공가_옆_도로_고2,35.16094771,128.9898746,부산광역시_방범용 CCTV 정보_20251229
안전,cctv,080-구-엄궁동_512-2_명성오리불고기_앞,35.16112706,128.9898885,부산광역시_방범용 CCTV 정보_20251229
안전,cctv,080-구-엄궁동_512-2_명성오리불고기_앞_고1,35.16112706,128.9898885,부산광역시_방범용 CCTV 정보_20251229
안전,cctv,080-구-엄궁동_512-2_명성오리불고기_앞_고2,35.16112706,128.9898885,부산광역시_방범용 CCTV 정보_20251229
안전,cctv,080-구-엄궁동_512-2_명성오리불고기_앞_고3,35.16112706,128.9898885,부산광역시_방범용 CCTV 정보_20251229
안전,cctv,081-구-엄궁동_567-5_엄궁APT앞_사거리,35.1294546,128.9724951,부산광역시_방범용 CCTV 정보_20251229
안전,cctv,081-구-엄궁동_567-5_엄궁APT앞_사거리_고1,35.1294546,128.9724951,부산광역시_방범용 CCTV 정보_20251229
안전,cctv,081-구-엄궁동_567-5_엄궁APT앞_사거리_고2,35.1294546,128.9724951,부산광역시_방범용 CCTV 정보_20251229
안전,cctv,081-구-엄궁동_567-5_엄궁APT앞_사거리_고3,35.1294546,128.9724951,부산광역시_방범용 CCTV 정보_20251229
안전,cctv,082-구-학장동_392-5_학장교차로_쌈지공원,35.13040793,128.9733626,부산광역시_방범용 CCTV 정보_20251229
안전,cctv,082-구-학장동_392-5_학장교차로_쌈지공원_고1,35.13040793,128.9733626,부산광역시_방범용 CCTV 정보_20251229
안전,cctv,082-구-학장동_392-5_학장교차로_쌈지공원_고2,35.13040793,128.9733626,부산광역시_방범용 CCTV 정보_20251229
안전,cctv,082-구-학장동_392-5_학장교차로_쌈지공원_고3,35.13040793,128.9733626,부산광역시_방범용 CCTV 정보_20251229
안전,cctv,083-구-학장동_426-3_학장교_옆_산책로,35.14320501,128.9884566,부산광역시_방범용 CCTV 정보_20251229
안전,cctv,083-구-학장동_426-3_학장교_옆_산책로_고1,35.14320501,128.9884566,부산광역시_방범용 CCTV 정보_20251229
안전,cctv,083-구-학장동_426-3_학장교_옆_산책로_고2,35.14320501,128.9884566,부산광역시_방범용 CCTV 정보_20251229
안전,cctv,083-구-학장동_426-3_학장교_옆_산책로_고3,35.14320501,128.9884566,부산광역시_방범용 CCTV 정보_20251229
안전,cctv,084-구-모라동_1375-1모라_CU_베스티움_앞,35.14213579,128.9840257,부산광역시_방범용 CCTV 정보_20251229
안전,cctv,084-구-모라동_1375-1모라_CU_베스티움_앞_고1,35.14213579,128.9840257,부산광역시_방범용 CCTV 정보_20251229
안전,cctv,084-구-모라동_1375-1모라_CU_베스티움_앞_고2,35.14213579,128.9840257,부산광역시_방범용 CCTV 정보_20251229
안전,cctv,084-구-모라동_1375-1모라_CU_베스티움_앞_고3,35.14213579,128.9840257,부산광역시_방범용 CCTV 정보_20251229
안전,cctv,085-구-새벽시장로56번길10_감전당산공원,35.1904121,128.9836381,부산광역시_방범용 CCTV 정보_20251229
안전,cctv,085-구-새벽시장로56번길10_감전당산공원_고1,35.1904121,128.9836381,부산광역시_방범용 CCTV 정보_20251229
안전,cctv,085-구-새벽시장로56번길10_감전당산공원_고2,35.1904121,128.9836381,부산광역시_방범용 CCTV 정보_20251229
안전,cctv,086-구-사상로319번길38_CU_삼락공단점_앞,35.15455267,128.9795692,부산광역시_방범용 CCTV 정보_20251229
안전,cctv,086-구-사상로319번길38_CU_삼락공단점_앞_고1,35.15455267,128.9795692,부산광역시_방범용 CCTV 정보_20251229
안전,cctv,086-구-사상로319번길38_CU_삼락공단점_앞_고2,35.15455267,128.9795692,부산광역시_방범용 CCTV 정보_20251229
안전,cctv,086-구-사상로319번길38_CU_삼락공단점_앞_고3,35.15455267,128.9795692,부산광역시_방범용 CCTV 정보_20251229
안전,cctv,087-구-모라로192번길186-12_산림공원_입구,35.17334899,128.9815322,부산광역시_방범용 CCTV 정보_20251229
안전,cctv,087-구-모라로192번길186-12_산림공원_입구_고1,35.17334899,128.9815322,부산광역시_방범용 CCTV 정보_20251229
안전,cctv,088-구-낙동대로1210번길78_GS25괘법_LH점,35.18101682,128.9989276,부산광역시_방범용 CCTV 정보_20251229
안전,cctv,088-구-낙동대로1210번길78_GS25괘법_LH점_고1,35.18101682,128.9989276,부산광역시_방범용 CCTV 정보_20251229
안전,cctv,088-구-낙동대로1210번길78_GS25괘법_LH점_고2,35.18101682,128.9989276,부산광역시_방범용 CCTV 정보_20251229
안전,cctv,089-구-새벽시장로45번길7-8_호정탕_앞,35.16709324,128.9808612,부산광역시_방범용 CCTV 정보_20251229
안전,cctv,089-구-새벽시장로45번길7-8_호정탕_앞_고1,35.16709324,128.9808612,부산광역시_방범용 CCTV 정보_20251229
안전,cctv,089-구-새벽시장로45번길7-8_호정탕_앞_고2,35.16709324,128.9808612,부산광역시_방범용 CCTV 정보_20251229
안전,cctv,089-구-새벽시장로45번길7-8_호정탕_앞_고3,35.16709324,128.9808612,부산광역시_방범용 CCTV 정보_20251229
안전,cctv,090-구-사상로212번길35_원영주차장_앞_사거리,35.15600251,128.9784211,부산광역시_방범용 CCTV 정보_20251229
안전,cctv,090-구-사상로212번길35_원영주차장_앞_사거리_고1,35.15600251,128.9784211,부산광역시_방범용 CCTV 정보_20251229
안전,cctv,090-구-사상로212번길35_원영주차장_앞_사거리_고2,35.15600251,128.9784211,부산광역시_방범용 CCTV 정보_20251229
안전,cctv,090-구-사상로212번길35_원영주차장_앞_사거리_고3,35.15600251,128.9784211,부산광역시_방범용 CCTV 정보_20251229
안전,cctv,091-구-사상로161번길15_괘법초등학교_정문_앞,35.16471434,128.9856356,부산광역시_방범용 CCTV 정보_20251229
안전,cctv,091-구-사상로161번길15_괘법초등학교_정문_앞_고1,35.16471434,128.9856356,부산광역시_방범용 CCTV 정보_20251229
안전,cctv,092-구-사상로469번길14_아람빌II_앞_삼거리,35.15931465,128.9864113,부산광역시_방범용 CCTV 정보_20251229
안전,cctv,092-구-사상로469번길14_아람빌II_앞_삼거리_고1,35.15931465,128.9864113,부산광역시_방범용 CCTV 정보_20251229
안전,cctv,092-구-사상로469번길14_아람빌II_앞_삼거리_고2,35.15931465,128.9864113,부산광역시_방범용 CCTV 정보_20251229
안전,cctv,092-구-사상로469번길14_아람빌II_앞_삼거리_고3,35.15931465,128.9864113,부산광역시_방범용 CCTV 정보_20251229
안전,cctv,093-구-덕상로56_그린공조_앞,35.1865882,128.9862163,부산광역시_방범용 CCTV 정보_20251229
안전,cctv,093-구-덕상로56_그린공조_앞_고1,35.1865882,128.9862163,부산광역시_방범용 CCTV 정보_20251229
안전,cctv,093-구-덕상로56_그린공조_앞_고2,35.1865882,128.9862163,부산광역시_방범용 CCTV 정보_20251229
안전,cctv,094-구-학감대로164번길35_차이쿡_앞_삼거리,35.17641924,128.9899036,부산광역시_방범용 CCTV 정보_20251229
안전,cctv,094-구-학감대로164번길35_차이쿡_앞_삼거리_고1,35.17641924,128.9899036,부산광역시_방범용 CCTV 정보_20251229
안전,cctv,094-구-학감대로164번길35_차이쿡_앞_삼거리_고2,35.17641924,128.9899036,부산광역시_방범용 CCTV 정보_20251229
안전,cctv,094-구-학감대로164번길35_차이쿡_앞_삼거리_고3,35.17641924,128.9899036,부산광역시_방범용 CCTV 정보_20251229
안전,cctv,095-구-진사로36번길36_합성슈퍼마켓_앞,35.14478762,128.990443,부산광역시_방범용 CCTV 정보_20251229
안전,cctv,095-구-진사로36번길36_합성슈퍼마켓_앞_고1,35.14478762,128.990443,부산광역시_방범용 CCTV 정보_20251229
안전,cctv,095-구-진사로36번길36_합성슈퍼마켓_앞_고2,35.14478762,128.990443,부산광역시_방범용 CCTV 정보_20251229
안전,cctv,095-구-진사로36번길36_합성슈퍼마켓_앞_고3,35.14478762,128.990443,부산광역시_방범용 CCTV 정보_20251229
안전,cctv,096-구-사상로470번길27_코리아시티빌,35.14733228,129.0146408,부산광역시_방범용 CCTV 정보_20251229
안전,cctv,096-구-사상로470번길27_코리아시티빌_고1,35.14733228,129.0146408,부산광역시_방범용 CCTV 정보_20251229
안전,cctv,096-구-사상로470번길27_코리아시티빌_고2,35.14733228,129.0146408,부산광역시_방범용 CCTV 정보_20251229
안전,cctv,097-구-백양대로907번길11_시티요양병원_앞,35.18577982,128.9885587,부산광역시_방범용 CCTV 정보_20251229
안전,cctv,097-구-백양대로907번길11_시티요양병원_앞_고1,35.18577982,128.9885587,부산광역시_방범용 CCTV 정보_20251229
안전,cctv,097-구-백양대로907번길11_시티요양병원_앞_고2,35.18577982,128.9885587,부산광역시_방범용 CCTV 정보_20251229
안전,cctv,097-구-백양대로907번길11_시티요양병원_앞_고3,35.18577982,128.9885587,부산광역시_방범용 CCTV 정보_20251229
안전,cctv,097-구-백양대로907번길11_시티요양병원_앞_고4,35.18577982,128.9885587,부산광역시_방범용 CCTV 정보_20251229
안전,cctv,098-구-덕포동_791_덕상어린이집_앞_삼거리,35.1874641,128.9903082,부산광역시_방범용 CCTV 정보_20251229
안전,cctv,098-구-덕포동_791_덕상어린이집_앞_삼거리_고1,35.1874641,128.9903082,부산광역시_방범용 CCTV 정보_20251229
안전,cctv,098-구-덕포동_791_덕상어린이집_앞_삼거리_고2,35.1874641,128.9903082,부산광역시_방범용 CCTV 정보_20251229
안전,cctv,099-구-주례동_993-2_주감공원,35.17515409,128.9905653,부산광역시_방범용 CCTV 정보_20251229
안전,cctv,099-구-주례동_993-2_주감공원_고1,35.17515409,128.9905653,부산광역시_방범용 CCTV 정보_20251229
안전,cctv,099-구-주례동_993-2_주감공원_고2,35.17515409,128.9905653,부산광역시_방범용 CCTV 정보_20251229
안전,cctv,099-구-주례동_993-2_주감공원_고3,35.17515409,128.9905653,부산광역시_방범용 CCTV 정보_20251229
안전,cctv,099-구-주례동_993-2_주감공원_고4,35.17515409,128.9905653,부산광역시_방범용 CCTV 정보_20251229
안전,cctv,100-구-주례동1262-6_주례3동행정복지센터골목,35.15549112,128.9954692,부산광역시_방범용 CCTV 정보_20251229
안전,cctv,100-구-주례동1262-6_주례3동행정복지센터골목_고1,35.15549112,128.9954692,부산광역시_방범용 CCTV 정보_20251229
안전,cctv,101-구-괘법동_굴다리_앞(괘법동185),35.14687305,129.0020336,부산광역시_방범용 CCTV 정보_20251229
안전,cctv,101-구-괘법동_굴다리_앞(괘법동185)_고1,35.14687305,129.0020336,부산광역시_방범용 CCTV 정보_20251229
안전,cctv,101-구-괘법동_굴다리_앞(괘법동185)_고2,35.14687305,129.0020336,부산광역시_방범용 CCTV 정보_20251229
안전,cctv,101-구-괘법동_굴다리_앞(괘법동185)_고3,35.14687305,129.0020336,부산광역시_방범용 CCTV 정보_20251229
안전,cctv,102-구-낙동대로1231_삼락체육공원_광장,35.16482259,128.9909617,부산광역시_방범용 CCTV 정보_20251229
안전,cctv,102-구-낙동대로1231_삼락체육공원_광장_고1,35.16482259,128.9909617,부산광역시_방범용 CCTV 정보_20251229
안전,cctv,102-구-낙동대로1231_삼락체육공원_광장_고2,35.16482259,128.9909617,부산광역시_방범용 CCTV 정보_20251229
안전,cctv,103-구-백양대로969-19_오즈어린이집_앞_사거리_고1,35.16877727,128.974338,부산광역시_방범용 CCTV 정보_20251229
안전,cctv,103-구-백양대로969-19_오즈어린이집_앞_사거리_고2,35.16877727,128.974338,부산광역시_방범용 CCTV 정보_20251229
안전,cctv,103-구-백양대로969-19_오즈어린이집_앞_사거리_고3,35.16877727,128.974338,부산광역시_방범용 CCTV 정보_20251229
안전,cctv,103-구-백양대로969-19_오즈어린이집_앞_사거리_고4,35.16877727,128.974338,부산광역시_방범용 CCTV 정보_20251229
안전,cctv,104-구-양지로8_GS25보훈병원점_앞,35.19290157,128.9914385,부산광역시_방범용 CCTV 정보_20251229
안전,cctv,104-구-양지로8_GS25보훈병원점_앞_고1,35.19290157,128.9914385,부산광역시_방범용 CCTV 정보_20251229
안전,cctv,104-구-양지로8_GS25보훈병원점_앞_고2,35.19290157,128.9914385,부산광역시_방범용 CCTV 정보_20251229
안전,cctv,105-구-백양대로455번길14_동남빌라_옆_골목길_고1,35.15324097,129.0053937,부산광역시_방범용 CCTV 정보_20251229
안전,cctv,105-구-백양대로455번길14_동남빌라_옆_골목길_고2,35.15324097,129.0053937,부산광역시_방범용 CCTV 정보_20251229
안전,cctv,106-구-사상로558번길26_남양슈퍼_앞,35.15210123,129.0015547,부산광역시_방범용 CCTV 정보_20251229
안전,cctv,106-구-사상로558번길26_남양슈퍼_앞_고1,35.15210123,129.0015547,부산광역시_방범용 CCTV 정보_20251229
안전,cctv,106-구-사상로558번길26_남양슈퍼_앞_고2,35.15210123,129.0015547,부산광역시_방범용 CCTV 정보_20251229
안전,cctv,107-구-사상로455번길46_모라농심공장앞_사거리,35.19413879,128.9919545,부산광역시_방범용 CCTV 정보_20251229
안전,cctv,107-구-사상로455번길46_모라농심공장앞_사거리_고1,35.19413879,128.9919545,부산광역시_방범용 CCTV 정보_20251229
안전,cctv,107-구-사상로455번길46_모라농심공장앞_사거리_고2,35.19413879,128.9919545,부산광역시_방범용 CCTV 정보_20251229
안전,cctv,107-구-사상로455번길46_모라농심공장앞_사거리_고3,35.19413879,128.9919545,부산광역시_방범용 CCTV 정보_20251229
안전,cctv,108-구-엄궁로203번길17_굴다리뒤쪽_주거지주차,35.18563095,128.9846037,부산광역시_방범용 CCTV 정보_20251229
안전,cctv,108-구-엄궁로203번길17_굴다리뒤쪽_주거지주차_고1,35.18563095,128.9846037,부산광역시_방범용 CCTV 정보_20251229
안전,cctv,108-구-엄궁로203번길17_굴다리뒤쪽_주거지주차_고2,35.18563095,128.9846037,부산광역시_방범용 CCTV 정보_20251229
안전,cctv,109-구-주례동866-8_온골지하차도_골목_고1,35.12999246,128.9729183,부산광역시_방범용 CCTV 정보_20251229
안전,cctv,109-구-주례동866-8_온골지하차도_골목_고2,35.12999246,128.9729183,부산광역시_방범용 CCTV 정보_20251229
안전,cctv,109-구-주례동866-8_온골지하차도_골목_고3,35.12999246,128.9729183,부산광역시_방범용 CCTV 정보_20251229
안전,cctv,110-구-삼덕로89번길24_덕포초_후문_앞,35.15321589,128.9967745,부산광역시_방범용 CCTV 정보_20251229
안전,cctv,110-구-삼덕로89번길24_덕포초_후문_앞_고1,35.15321589,128.9967745,부산광역시_방범용 CCTV 정보_20251229
안전,cctv,110-구-삼덕로89번길24_덕포초_후문_앞_고2,35.15321589,128.9967745,부산광역시_방범용 CCTV 정보_20251229
안전,cctv,110-구-삼덕로89번길24_덕포초_후문_앞_고3,35.15321589,128.9967745,부산광역시_방범용 CCTV 정보_20251229
안전,cctv,111-구-백양대로832_상수도사업본부_앞,35.17434844,128.986673,부산광역시_방범용 CCTV 정보_20251229
안전,cctv,111-구-백양대로832_상수도사업본부_앞_고1,35.17434844,128.986673,부산광역시_방범용 CCTV 정보_20251229
안전,cctv,111-구-백양대로832_상수도사업본부_앞_고2,35.17434844,128.986673,부산광역시_방범용 CCTV 정보_20251229
안전,cctv,112-구-광장로108_사상국철역_앞,35.18177377,128.9883799,부산광역시_방범용 CCTV 정보_20251229
안전,cctv,112-구-광장로108_사상국철역_앞_고1,35.18177377,128.9883799,부산광역시_방범용 CCTV 정보_20251229
안전,cctv,112-구-광장로108_사상국철역_앞_고2,35.18177377,128.9883799,부산광역시_방범용 CCTV 정보_20251229
안전,cctv,113-구-사상로285번길24-10_덕포시장(보리밥집)_고1,35.16216884,128.9884384,부산광역시_방범용 CCTV 정보_20251229
안전,cctv,113-구-사상로285번길24-10_덕포시장(보리밥집)_고2,35.16216884,128.9884384,부산광역시_방범용 CCTV 정보_20251229
안전,cctv,114-구-진사로36번길46_늘푸른빌라_앞,35.171013,128.98145,부산광역시_방범용 CCTV 정보_20251229
안전,cctv,114-구-진사로36번길46_늘푸른빌라_앞_고1,35.171013,128.98145,부산광역시_방범용 CCTV 정보_20251229
안전,cctv,114-구-진사로36번길46_늘푸른빌라_앞_고2,35.171013,128.98145,부산광역시_방범용 CCTV 정보_20251229
안전,cctv,115-구-가야대로318번길_88_CU동서대3호점_앞,35.14687006,129.0138887,부산광역시_방범용 CCTV 정보_20251229
안전,cctv,115-구-가야대로318번길_88_CU동서대3호점_앞_고1,35.14687006,129.0138887,부산광역시_방범용 CCTV 정보_20251229
안전,cctv,115-구-가야대로318번길_88_CU동서대3호점_앞_고2,35.14687006,129.0138887,부산광역시_방범용 CCTV 정보_20251229
안전,cctv,116-구-주례로139번길40-3_권용빌라_앞,35.14665837,129.0079196,부산광역시_방범용 CCTV 정보_20251229
안전,cctv,116-구-주례로139번길40-3_권용빌라_앞_고1,35.14665837,129.0079196,부산광역시_방범용 CCTV 정보_20251229
안전,cctv,116-구-주례로139번길40-3_권용빌라_앞_고2,35.14665837,129.0079196,부산광역시_방범용 CCTV 정보_20251229
안전,cctv,117-구-가야대로344번길39_마이빌오피스텔_앞,35.14531662,129.0028017,부산광역시_방범용 CCTV 정보_20251229
안전,cctv,117-구-가야대로344번길39_마이빌오피스텔_앞_고1,35.14531662,129.0028017,부산광역시_방범용 CCTV 정보_20251229
안전,cctv,117-구-가야대로344번길39_마이빌오피스텔_앞_고2,35.14531662,129.0028017,부산광역시_방범용 CCTV 정보_20251229
안전,cctv,117-구-가야대로344번길39_마이빌오피스텔_앞_고3,35.14531662,129.0028017,부산광역시_방범용 CCTV 정보_20251229
안전,cctv,118-구-양지로30번길30_양지1공원_앞_주택가,35.14927062,129.0103099,부산광역시_방범용 CCTV 정보_20251229
안전,cctv,118-구-양지로30번길30_양지1공원_앞_주택가_고1,35.14927062,129.0103099,부산광역시_방범용 CCTV 정보_20251229
안전,cctv,118-구-양지로30번길30_양지1공원_앞_주택가_고2,35.14927062,129.0103099,부산광역시_방범용 CCTV 정보_20251229
안전,cctv,118-구-양지로30번길30_양지1공원_앞_주택가_고3,35.14927062,129.0103099,부산광역시_방범용 CCTV 정보_20251229
안전,cctv,119-구-엄궁동689_화엄사_입구_등산로,35.15522507,129.0039018,부산광역시_방범용 CCTV 정보_20251229
안전,cctv,119-구-엄궁동689_화엄사_입구_등산로_고1,35.15522507,129.0039018,부산광역시_방범용 CCTV 정보_20251229
안전,cctv,120-구-모라동1370-2_우신APT_옆_화단,35.12295772,128.9743127,부산광역시_방범용 CCTV 정보_20251229
안전,cctv,120-구-모라동1370-2_우신APT_옆_화단_고1,35.12295772,128.9743127,부산광역시_방범용 CCTV 정보_20251229
안전,cctv,120-구-모라동1370-2_우신APT_옆_화단_고2,35.12295772,128.9743127,부산광역시_방범용 CCTV 정보_20251229
안전,cctv,121-구-백양대로744_덕포백양체육공원1,35.184834,128.99279,부산광역시_방범용 CCTV 정보_20251229
안전,cctv,121-구-백양대로744_덕포백양체육공원1_고1,35.184834,128.99279,부산광역시_방범용 CCTV 정보_20251229
안전,cctv,121-구-백양대로744_덕포백양체육공원1_고2,35.184834,128.99279,부산광역시_방범용 CCTV 정보_20251229
안전,cctv,122-구-백양대로744_덕포백양체육공원2,35.17329801,128.9883929,부산광역시_방범용 CCTV 정보_20251229
안전,cctv,122-구-백양대로744_덕포백양체육공원2_고1,35.17329801,128.9883929,부산광역시_방범용 CCTV 정보_20251229
안전,cctv,122-구-백양대로744_덕포백양체육공원2_고2,35.17329801,128.9883929,부산광역시_방범용 CCTV 정보_20251229
안전,cctv,123-구-학장동571-5_학장극동_등산로입구,35.17298042,128.9885125,부산광역시_방범용 CCTV 정보_20251229
안전,cctv,123-구-학장동571-5_학장극동_등산로입구_고1,35.17298042,128.9885125,부산광역시_방범용 CCTV 정보_20251229
안전,cctv,124-구-괘법동984_경보센트리안APT앞_삼거리,35.13953706,128.9880684,부산광역시_방범용 CCTV 정보_20251229
안전,cctv,124-구-괘법동984_경보센트리안APT앞_삼거리_고1,35.13953706,128.9880684,부산광역시_방범용 CCTV 정보_20251229
안전,cctv,125-구-괘감로132_감전초_뒤_사거리,35.16487617,128.9820191,부산광역시_방범용 CCTV 정보_20251229
안전,cctv,125-구-괘감로132_감전초_뒤_사거리_고1,35.16487617,128.9820191,부산광역시_방범용 CCTV 정보_20251229
안전,cctv,125-구-괘감로132_감전초_뒤_사거리_고2,35.16487617,128.9820191,부산광역시_방범용 CCTV 정보_20251229
안전,cctv,125-구-괘감로132_감전초_뒤_사거리_고3,35.16487617,128.9820191,부산광역시_방범용 CCTV 정보_20251229
안전,cctv,126-구-괘법동572-21_CU사상서부점,35.15623066,128.9888757,부산광역시_방범용 CCTV 정보_20251229
안전,cctv,126-구-괘법동572-21_CU사상서부점_고1,35.15623066,128.9888757,부산광역시_방범용 CCTV 정보_20251229
안전,cctv,127-구-괘법동572-12_이마트옆_마실앞,35.16376383,128.9830087,부산광역시_방범용 CCTV 정보_20251229
안전,cctv,127-구-괘법동572-12_이마트옆_마실앞_고1,35.16376383,128.9830087,부산광역시_방범용 CCTV 정보_20251229
안전,cctv,127-구-괘법동572-12_이마트옆_마실앞_고2,35.16376383,128.9830087,부산광역시_방범용 CCTV 정보_20251229
안전,cctv,128-구-괘법동529-2_창진초_정문_앞,35.16421556,128.9793351,부산광역시_방범용 CCTV 정보_20251229
안전,cctv,128-구-괘법동529-2_창진초_정문_앞_고1,35.16421556,128.9793351,부산광역시_방범용 CCTV 정보_20251229
안전,cctv,129-구-괘법동572-1_LK하우스앞_사거리,35.16529984,128.9778762,부산광역시_방범용 CCTV 정보_20251229
안전,cctv,129-구-괘법동572-1_LK하우스앞_사거리_고1,35.16529984,128.9778762,부산광역시_방범용 CCTV 정보_20251229
안전,cctv,129-구-괘법동572-1_LK하우스앞_사거리_고2,35.16529984,128.9778762,부산광역시_방범용 CCTV 정보_20251229
안전,cctv,129-구-괘법동572-1_LK하우스앞_사거리_고3,35.16529984,128.9778762,부산광역시_방범용 CCTV 정보_20251229
안전,cctv,130-구-주례동92-501_영광어린이집앞_사거리,35.16055146,128.9873022,부산광역시_방범용 CCTV 정보_20251229
안전,cctv,130-구-주례동92-501_영광어린이집앞_사거리_고1,35.16055146,128.9873022,부산광역시_방범용 CCTV 정보_20251229
안전,cctv,130-구-주례동92-501_영광어린이집앞_사거리_고2,35.16055146,128.9873022,부산광역시_방범용 CCTV 정보_20251229
안전,cctv,130-구-주례동92-501_영광어린이집앞_사거리_고3,35.16055146,128.9873022,부산광역시_방범용 CCTV 정보_20251229
안전,cctv,130-구-주례동92-501_영광어린이집앞_사거리_고4,35.16055146,128.9873022,부산광역시_방범용 CCTV 정보_20251229
안전,cctv,130-구-주례동92-501_영광어린이집앞_사거리_고5,35.16055146,128.9873022,부산광역시_방범용 CCTV 정보_20251229
안전,cctv,131-구-주례동166-149_세븐일레븐중앙점_사거리,35.14784305,129.0090396,부산광역시_방범용 CCTV 정보_20251229
안전,cctv,131-구-주례동166-149_세븐일레븐중앙점_사거리_고1,35.14784305,129.0090396,부산광역시_방범용 CCTV 정보_20251229
안전,cctv,132-구-감전동122-1_서감초_정문,35.14794024,129.0104839,부산광역시_방범용 CCTV 정보_20251229
안전,cctv,132-구-감전동122-1_서감초_정문_고1,35.14794024,129.0104839,부산광역시_방범용 CCTV 정보_20251229
안전,cctv,133-구-감전동174_공임나라_앞,35.15754922,128.9813924,부산광역시_방범용 CCTV 정보_20251229
안전,cctv,133-구-감전동174_공임나라_앞_고1,35.15754922,128.9813924,부산광역시_방범용 CCTV 정보_20251229
안전,cctv,134-구-감전동119-6_감전초_옆길_화승빌_삼거리,35.15786757,128.9826467,부산광역시_방범용 CCTV 정보_20251229
안전,cctv,134-구-감전동119-6_감전초_옆길_화승빌_삼거리_고1,35.15786757,128.9826467,부산광역시_방범용 CCTV 정보_20251229
안전,cctv,135-구-주례동1245_한진석유_앞_삼거리,35.15533984,128.9877198,부산광역시_방범용 CCTV 정보_20251229
안전,cctv,135-구-주례동1245_한진석유_앞_삼거리_고1,35.15533984,128.9877198,부산광역시_방범용 CCTV 정보_20251229
안전,cctv,136-구-주례동30-2_동네게시판_옆_삼거리,35.15145523,129.0069435,부산광역시_방범용 CCTV 정보_20251229
안전,cctv,136-구-주례동30-2_동네게시판_옆_삼거리_고1,35.15145523,129.0069435,부산광역시_방범용 CCTV 정보_20251229
안전,cctv,136-구-주례동30-2_동네게시판_옆_삼거리_고2,35.15145523,129.0069435,부산광역시_방범용 CCTV 정보_20251229
안전,cctv,137-구-주례동221-2_주양초_정문(내부육교아래),35.15212168,129.0144641,부산광역시_방범용 CCTV 정보_20251229
안전,cctv,137-구-주례동221-2_주양초_정문(내부육교아래)_고1,35.15212168,129.0144641,부산광역시_방범용 CCTV 정보_20251229
안전,cctv,138-구-감전동262-6_한주APT앞_데크길_종점,35.15334165,129.0112673,부산광역시_방범용 CCTV 정보_20251229
안전,cctv,138-구-감전동262-6_한주APT앞_데크길_종점_고1,35.15334165,129.0112673,부산광역시_방범용 CCTV 정보_20251229
안전,cctv,139-구-모라동1370-2_용운사_입구_고1,35.15753272,128.9915565,부산광역시_방범용 CCTV 정보_20251229
안전,cctv,139-구-모라동1370-2_용운사_입구_고2,35.15753272,128.9915565,부산광역시_방범용 CCTV 정보_20251229
안전,cctv,0196-구-모라로110번길_40-131_충성교회_뒤_고1,35.18273,128.99216,부산광역시_방범용 CCTV 정보_20251229
안전,cctv,140-구-학장동292_도흥금속_앞_사거리,35.14502178,128.9827389,부산광역시_방범용 CCTV 정보_20251229
안전,cctv,140-구-학장동292_도흥금속_앞_사거리_고1,35.14502178,128.9827389,부산광역시_방범용 CCTV 정보_20251229
안전,cctv,140-구-학장동292_도흥금속_앞_사거리_고2,35.14502178,128.9827389,부산광역시_방범용 CCTV 정보_20251229
안전,cctv,140-구-학장동292_도흥금속_앞_사거리_고3,35.14502178,128.9827389,부산광역시_방범용 CCTV 정보_20251229
안전,cctv,141-구-학장동716-6_감전IC하차지점_사거리,35.15149994,128.9762204,부산광역시_방범용 CCTV 정보_20251229
안전,cctv,141-구-학장동716-6_감전IC하차지점_사거리_고1,35.15149994,128.9762204,부산광역시_방범용 CCTV 정보_20251229
안전,cctv,141-구-학장동716-6_감전IC하차지점_사거리_고2,35.15149994,128.9762204,부산광역시_방범용 CCTV 정보_20251229
안전,cctv,142-구-엄궁동217-1_바다장어구이_앞_사거리,35.1260472,128.97118,부산광역시_방범용 CCTV 정보_20251229
안전,cctv,142-구-엄궁동217-1_바다장어구이_앞_사거리_고1,35.1260472,128.97118,부산광역시_방범용 CCTV 정보_20251229
안전,cctv,142-구-엄궁동217-1_바다장어구이_앞_사거리_고2,35.1260472,128.97118,부산광역시_방범용 CCTV 정보_20251229
안전,cctv,142-구-엄궁동217-1_바다장어구이_앞_사거리_고3,35.1260472,128.97118,부산광역시_방범용 CCTV 정보_20251229
안전,cctv,143-구-주례동967_주례백양공원앞_주거지주차장,35.15581778,128.9975649,부산광역시_방범용 CCTV 정보_20251229
안전,cctv,143-구-주례동967_주례백양공원앞_주거지주차장_고1,35.15581778,128.9975649,부산광역시_방범용 CCTV 정보_20251229
안전,cctv,143-구-주례동967_주례백양공원앞_주거지주차장_고2,35.15581778,128.9975649,부산광역시_방범용 CCTV 정보_20251229
안전,cctv,144-구-모라동_산33_모라산림공원_입구_앞,35.181014,128.998649,부산광역시_방범용 CCTV 정보_20251229
안전,cctv,144-구-모라동_산33_모라산림공원_입구_앞_고1,35.181014,128.998649,부산광역시_방범용 CCTV 정보_20251229
안전,cctv,144-구-모라동_산33_모라산림공원_입구_앞_고2,35.181014,128.998649,부산광역시_방범용 CCTV 정보_20251229
안전,cctv,145-구-모라동740_농심가슈퍼,35.188187,128.985829,부산광역시_방범용 CCTV 정보_20251229
안전,cctv,145-구-모라동740_농심가슈퍼_고1,35.188187,128.985829,부산광역시_방범용 CCTV 정보_20251229
안전,cctv,145-구-모라동740_농심가슈퍼_고2,35.188187,128.985829,부산광역시_방범용 CCTV 정보_20251229
안전,cctv,146-구-삼락동463_지성정밀_앞_사거리,35.18902834,128.9809783,부산광역시_방범용 CCTV 정보_20251229
안전,cctv,146-구-삼락동463_지성정밀_앞_사거리_고1,35.18902834,128.9809783,부산광역시_방범용 CCTV 정보_20251229
안전,cctv,146-구-삼락동463_지성정밀_앞_사거리_고2,35.18902834,128.9809783,부산광역시_방범용 CCTV 정보_20251229
안전,cctv,146-구-삼락동463_지성정밀_앞_사거리_고3,35.18902834,128.9809783,부산광역시_방범용 CCTV 정보_20251229
안전,cctv,147-구-모라동1369_모라중뒤_세븐일레븐_삼거리,35.190522,128.993396,부산광역시_방범용 CCTV 정보_20251229
안전,cctv,147-구-모라동1369_모라중뒤_세븐일레븐_삼거리_고1,35.190522,128.993396,부산광역시_방범용 CCTV 정보_20251229
안전,cctv,147-구-모라동1369_모라중뒤_세븐일레븐_삼거리_고2,35.190522,128.993396,부산광역시_방범용 CCTV 정보_20251229
안전,cctv,148-구-주례동340_대현탕_앞_사거리,35.15381167,129.0034993,부산광역시_방범용 CCTV 정보_20251229
안전,cctv,148-구-주례동340_대현탕_앞_사거리_고1,35.15381167,129.0034993,부산광역시_방범용 CCTV 정보_20251229
안전,cctv,148-구-주례동340_대현탕_앞_사거리_고2,35.15381167,129.0034993,부산광역시_방범용 CCTV 정보_20251229
안전,cctv,148-구-주례동340_대현탕_앞_사거리_고3,35.15381167,129.0034993,부산광역시_방범용 CCTV 정보_20251229
안전,cctv,149-구-학장동820-8_금강APT_입구_삼거리,35.135667,128.97727,부산광역시_방범용 CCTV 정보_20251229
안전,cctv,149-구-학장동820-8_금강APT_입구_삼거리_고1,35.135667,128.97727,부산광역시_방범용 CCTV 정보_20251229
안전,cctv,149-구-학장동820-8_금강APT_입구_삼거리_고2,35.135667,128.97727,부산광역시_방범용 CCTV 정보_20251229
안전,cctv,150-구-모라동1370-2_모덕초등학교_정문_부근,35.182206,128.99059,부산광역시_방범용 CCTV 정보_20251229
안전,cctv,150-구-모라동1370-2_모덕초등학교_정문_부근_고1,35.182206,128.99059,부산광역시_방범용 CCTV 정보_20251229
안전,cctv,150-구-모라동1370-2_모덕초등학교_정문_부근_고2,35.182206,128.99059,부산광역시_방범용 CCTV 정보_20251229
안전,cctv,151-구-덕포동721-3_사상초후문(이도명가앞),35.168407,128.983435,부산광역시_방범용 CCTV 정보_20251229
안전,cctv,151-구-덕포동721-3_사상초후문(이도명가앞)_고1,35.168407,128.983435,부산광역시_방범용 CCTV 정보_20251229
안전,cctv,151-구-덕포동721-3_사상초후문(이도명가앞)_고2,35.168407,128.983435,부산광역시_방범용 CCTV 정보_20251229
안전,cctv,152-구-덕포동242-6_중흥S클래스(부산도서관),35.172308,128.984582,부산광역시_방범용 CCTV 정보_20251229
안전,cctv,152-구-덕포동242-6_중흥S클래스(부산도서관)_고1,35.172308,128.984582,부산광역시_방범용 CCTV 정보_20251229
안전,cctv,152-구-덕포동242-6_중흥S클래스(부산도서관)_고2,35.172308,128.984582,부산광역시_방범용 CCTV 정보_20251229
안전,cctv,153-구-주례동1321-78_벽산신화APT_앞_쌈지공원,35.1543573,128.9950371,부산광역시_방범용 CCTV 정보_20251229
안전,cctv,153-구-주례동1321-78_벽산신화APT_앞_쌈지공원_고1,35.1543573,128.9950371,부산광역시_방범용 CCTV 정보_20251229
안전,cctv,154-구-덕포동792_새마을금고_덕포지점_앞,35.17252332,128.9887916,부산광역시_방범용 CCTV 정보_20251229
안전,cctv,154-구-덕포동792_새마을금고_덕포지점_앞_고1,35.17252332,128.9887916,부산광역시_방범용 CCTV 정보_20251229
안전,cctv,154-구-덕포동792_새마을금고_덕포지점_앞_고2,35.17252332,128.9887916,부산광역시_방범용 CCTV 정보_20251229
안전,cctv,155-구-주례동340_주감초_옆골목(정자인근),35.15337116,129.0000188,부산광역시_방범용 CCTV 정보_20251229
안전,cctv,155-구-주례동340_주감초_옆골목(정자인근)_고1,35.15337116,129.0000188,부산광역시_방범용 CCTV 정보_20251229
안전,cctv,156-구-감전동174_명품타올공장_앞,35.1570081,128.9836244,부산광역시_방범용 CCTV 정보_20251229
안전,cctv,156-구-감전동174_명품타올공장_앞_고1,35.1570081,128.9836244,부산광역시_방범용 CCTV 정보_20251229
안전,cctv,156-구-감전동174_명품타올공장_앞_고2,35.1570081,128.9836244,부산광역시_방범용 CCTV 정보_20251229
안전,cctv,157-구-모라동257-17_동신공구뒤_육교EV,35.191308,128.989902,부산광역시_방범용 CCTV 정보_20251229
안전,cctv,157-구-모라동257-17_동신공구뒤_육교EV_고1,35.191308,128.989902,부산광역시_방범용 CCTV 정보_20251229
안전,cctv,158-구-모라동70-8_운수천_입구,35.18587702,129.0039249,부산광역시_방범용 CCTV 정보_20251229
안전,cctv,158-구-모라동70-8_운수천_입구_고1,35.18587702,129.0039249,부산광역시_방범용 CCTV 정보_20251229
안전,cctv,159-구-모라동67_운수천_목교_인근,35.18574318,129.0076856,부산광역시_방범용 CCTV 정보_20251229
안전,cctv,159-구-모라동67_운수천_목교_인근_고1,35.18574318,129.0076856,부산광역시_방범용 CCTV 정보_20251229
안전,cctv,159-구-모라동67_운수천_목교_인근_고2,35.18574318,129.0076856,부산광역시_방범용 CCTV 정보_20251229
안전,cctv,160-구-주례동1257-3_행정복지센터_뒷길,35.151578,129.000855,부산광역시_방범용 CCTV 정보_20251229
안전,cctv,160-구-주례동1257-3_행정복지센터_뒷길_고1,35.151578,129.000855,부산광역시_방범용 CCTV 정보_20251229
안전,cctv,161-구-백양대로504번길19_주례백양공원인근,35.155371,128.997717,부산광역시_방범용 CCTV 정보_20251229
안전,cctv,161-구-백양대로504번길19_주례백양공원인근_고1,35.155371,128.997717,부산광역시_방범용 CCTV 정보_20251229
안전,cctv,161-구-백양대로504번길19_주례백양공원인근_고2,35.155371,128.997717,부산광역시_방범용 CCTV 정보_20251229
안전,cctv,162-구-백양대로445번길64_금강빌라앞,35.152251,128.999981,부산광역시_방범용 CCTV 정보_20251229
안전,cctv,162-구-백양대로445번길64_금강빌라앞_고1,35.152251,128.999981,부산광역시_방범용 CCTV 정보_20251229
안전,cctv,162-구-백양대로445번길64_금강빌라앞_고2,35.152251,128.999981,부산광역시_방범용 CCTV 정보_20251229
안전,cctv,0077-구-덕상로_39_덕상초등학교_아래_사거리_고1,35.175189,128.989827,부산광역시_방범용 CCTV 정보_20251229
안전,cctv,0077-구-덕상로_39_덕상초등학교_아래_사거리_고2,35.175189,128.989827,부산광역시_방범용 CCTV 정보_20251229
안전,cctv,0077-구-덕상로_39_덕상초등학교_아래_사거리_고3,35.175189,128.989827,부산광역시_방범용 CCTV 정보_20251229
안전,cctv,0088-구-엄궁남로22_엄궁쌈지작은도서관_고1,35.125145,128.970375,부산광역시_방범용 CCTV 정보_20251229
안전,cctv,0088-구-엄궁남로22_엄궁쌈지작은도서관_고2,35.125145,128.970375,부산광역시_방범용 CCTV 정보_20251229
안전,cctv,0091-구-사상로_238번길7_CU앞_(시골대패삼겹살)_고1,35.166132,128.983633,부산광역시_방범용 CCTV 정보_20251229
안전,cctv,0091-구-사상로_238번길7_CU앞_(시골대패삼겹살)_고2,35.166132,128.983633,부산광역시_방범용 CCTV 정보_20251229
안전,cctv,0091-구-사상로_238번길7_CU앞_(시골대패삼겹살)_고3,35.166132,128.983633,부산광역시_방범용 CCTV 정보_20251229
안전,cctv,0168-6-구-백양대로_950번나길36_벽산APT입구_고1,35.19230834,128.9935081,부산광역시_방범용 CCTV 정보_20251229
안전,cctv,0168-6-구-백양대로_950번나길36_벽산APT입구_고2,35.19230834,128.9935081,부산광역시_방범용 CCTV 정보_20251229
안전,cctv,166-구-사상로489번길73_삼성화이바_앞,35.189203,128.9837,부산광역시_방범용 CCTV 정보_20251229
안전,cctv,166-구-사상로489번길73_삼성화이바_앞_고1,35.189203,128.9837,부산광역시_방범용 CCTV 정보_20251229
안전,cctv,166-구-사상로489번길73_삼성화이바_앞_고2,35.189203,128.9837,부산광역시_방범용 CCTV 정보_20251229
안전,cctv,167-구-사상로489번길41_1번가돼지꼬리_앞,35.188857,128.985822,부산광역시_방범용 CCTV 정보_20251229
안전,cctv,167-구-사상로489번길41_1번가돼지꼬리_앞_고1,35.188857,128.985822,부산광역시_방범용 CCTV 정보_20251229
안전,cctv,167-구-사상로489번길41_1번가돼지꼬리_앞_고2,35.188857,128.985822,부산광역시_방범용 CCTV 정보_20251229
안전,cctv,167-구-사상로489번길41_1번가돼지꼬리_앞_고3,35.188857,128.985822,부산광역시_방범용 CCTV 정보_20251229
안전,cctv,168-구-모라로58_DS광고기획_앞,35.18926,128.987332,부산광역시_방범용 CCTV 정보_20251229
안전,cctv,168-구-모라로58_DS광고기획_앞_고1,35.18926,128.987332,부산광역시_방범용 CCTV 정보_20251229
안전,cctv,168-구-모라로58_DS광고기획_앞_고2,35.18926,128.987332,부산광역시_방범용 CCTV 정보_20251229
안전,cctv,169-구-사상로489번길23_모라분식_앞,35.188444,128.986616,부산광역시_방범용 CCTV 정보_20251229
안전,cctv,169-구-사상로489번길23_모라분식_앞_고1,35.188444,128.986616,부산광역시_방범용 CCTV 정보_20251229
안전,cctv,169-구-사상로489번길23_모라분식_앞_고2,35.188444,128.986616,부산광역시_방범용 CCTV 정보_20251229
안전,cctv,169-구-사상로489번길23_모라분식_앞_고3,35.188444,128.986616,부산광역시_방범용 CCTV 정보_20251229
안전,cctv,170-구-사상로481번길16_혼수이불백화점_앞,35.188444,128.986616,부산광역시_방범용 CCTV 정보_20251229
안전,cctv,170-구-사상로481번길16_혼수이불백화점_앞_고1,35.188444,128.986616,부산광역시_방범용 CCTV 정보_20251229
안전,cctv,170-구-사상로481번길16_혼수이불백화점_앞_고2,35.188444,128.986616,부산광역시_방범용 CCTV 정보_20251229
안전,cctv,171-구-사상로477번길15_모라숯불갈비앞,35.187684,128.986619,부산광역시_방범용 CCTV 정보_20251229
안전,cctv,171-구-사상로477번길15_모라숯불갈비앞_고1,35.187684,128.986619,부산광역시_방범용 CCTV 정보_20251229
안전,cctv,172-구-사상로487_HIO_COFFEE_앞,35.188157,128.987787,부산광역시_방범용 CCTV 정보_20251229
안전,cctv,172-구-사상로487_HIO_COFFEE_앞_고1,35.188157,128.987787,부산광역시_방범용 CCTV 정보_20251229
안전,cctv,172-구-사상로487_HIO_COFFEE_앞_고2,35.188157,128.987787,부산광역시_방범용 CCTV 정보_20251229
안전,cctv,173-구-엄궁동683-4_도담공원,35.123972,128.968031,부산광역시_방범용 CCTV 정보_20251229
안전,cctv,173-구-엄궁동683-4_도담공원_고1,35.123972,128.968031,부산광역시_방범용 CCTV 정보_20251229
안전,cctv,174-구-삼덕로76_부산도서관_문화공원1,35.173217,128.984797,부산광역시_방범용 CCTV 정보_20251229
안전,cctv,174-구-삼덕로76_부산도서관_문화공원1_고1,35.173217,128.984797,부산광역시_방범용 CCTV 정보_20251229
안전,cctv,174-구-삼덕로76_부산도서관_문화공원1_고2,35.173217,128.984797,부산광역시_방범용 CCTV 정보_20251229
안전,cctv,175-구-삼덕로76_부산도서관_문화공원2,35.173138,128.985374,부산광역시_방범용 CCTV 정보_20251229
안전,cctv,175-구-삼덕로76_부산도서관_문화공원2_고1,35.173138,128.985374,부산광역시_방범용 CCTV 정보_20251229
안전,cctv,175-구-삼덕로76_부산도서관_문화공원2_고2,35.173138,128.985374,부산광역시_방범용 CCTV 정보_20251229
안전,cctv,176-구-삼덕로76_부산도서관_문화공원3,35.173378,128.98592,부산광역시_방범용 CCTV 정보_20251229
안전,cctv,176-구-삼덕로76_부산도서관_문화공원3_고1,35.173378,128.98592,부산광역시_방범용 CCTV 정보_20251229
안전,cctv,176-구-삼덕로76_부산도서관_문화공원3_고2,35.173378,128.98592,부산광역시_방범용 CCTV 정보_20251229
안전,cctv,163-구-괘법동_572-1_사상역_인근,35.162212,128.987334,부산광역시_방범용 CCTV 정보_20251229
안전,cctv,163-구-괘법동_572-1_사상역_인근_고1,35.162212,128.987334,부산광역시_방범용 CCTV 정보_20251229
안전,cctv,163-구-괘법동_572-1_사상역_인근_고2,35.162212,128.987334,부산광역시_방범용 CCTV 정보_20251229
안전,cctv,164-구-괘법동_572-1_엘리베이터_인근,35.162555,128.98722,부산광역시_방범용 CCTV 정보_20251229
안전,cctv,164-구-괘법동_572-1_엘리베이터_인근_고1,35.162555,128.98722,부산광역시_방범용 CCTV 정보_20251229
안전,cctv,164-구-괘법동_572-1_엘리베이터_인근_고2,35.162555,128.98722,부산광역시_방범용 CCTV 정보_20251229
안전,cctv,164-구-괘법동_572-1_엘리베이터_인근_고3,35.162555,128.98722,부산광역시_방범용 CCTV 정보_20251229
안전,cctv,165-구-괘법동_572-1_경전철_인근,35.162369,128.986503,부산광역시_방범용 CCTV 정보_20251229
안전,cctv,165-구-괘법동_572-1_경전철_인근_고1,35.162369,128.986503,부산광역시_방범용 CCTV 정보_20251229
안전,cctv,177-구-모라동1346-8_헤인헤어_앞_한전주,35.190737,128.990615,부산광역시_방범용 CCTV 정보_20251229
안전,cctv,177-구-모라동1346-8_헤인헤어_앞_한전주_고1,35.190737,128.990615,부산광역시_방범용 CCTV 정보_20251229
안전,cctv,178-구-감전동174_선경인테리어_앞_고1,35.159023,128.9889,부산광역시_방범용 CCTV 정보_20251229
안전,cctv,178-구-감전동174_선경인테리어_앞_고2,35.159023,128.9889,부산광역시_방범용 CCTV 정보_20251229
안전,cctv,178-구-감전동174_선경인테리어_앞_고3,35.159023,128.9889,부산광역시_방범용 CCTV 정보_20251229
안전,cctv,179-구-학장동711_대현테크_앞,35.148971,128.976172,부산광역시_방범용 CCTV 정보_20251229
안전,cctv,179-구-학장동711_대현테크_앞_고1,35.148971,128.976172,부산광역시_방범용 CCTV 정보_20251229
안전,cctv,179-구-학장동711_대현테크_앞_고2,35.148971,128.976172,부산광역시_방범용 CCTV 정보_20251229
안전,cctv,179-구-학장동711_대현테크_앞_고3,35.148971,128.976172,부산광역시_방범용 CCTV 정보_20251229
안전,cctv,180-구-감전동910-14_부성빌라_앞_한전주,35.156775,128.993742,부산광역시_방범용 CCTV 정보_20251229
안전,cctv,180-구-감전동910-14_부성빌라_앞_한전주_고1,35.156775,128.993742,부산광역시_방범용 CCTV 정보_20251229
안전,cctv,181-구-주례동_산44-1_세븐일레븐_앞_고1,35.150511,129.013934,부산광역시_방범용 CCTV 정보_20251229
안전,cctv,181-구-주례동_산44-1_세븐일레븐_앞_고2,35.150511,129.013934,부산광역시_방범용 CCTV 정보_20251229
안전,cctv,181-구-주례동_산44-1_세븐일레븐_앞_고3,35.150511,129.013934,부산광역시_방범용 CCTV 정보_20251229
생활편의,보건의료,경희윤한의원,35.1690272687404,128.982828376728,소상공인시장진흥공단_상가업소정보
생활편의,소매,코데즈컴바인이너웨어,35.1631457315728,128.980984606691,소상공인시장진흥공단_상가업소정보
생활편의,소매,배교,35.1643345532276,128.977721218153,소상공인시장진흥공단_상가업소정보
생활편의,소매,이마트24주례,35.151079680888,129.013729499644,소상공인시장진흥공단_상가업소정보
생활편의,소매,롤로토바코샵감전점,35.1560512572211,128.984422652308,소상공인시장진흥공단_상가업소정보
음식점,음식점,감전뒷고기&대패,35.155430371785,128.978306644568,소상공인시장진흥공단_상가업소정보
음식점,음식점,지코바양념치킨,35.1765571200661,128.989662557842,소상공인시장진흥공단_상가업소정보
음식점,음식점,미조,35.1611992778938,128.985381725501,소상공인시장진흥공단_상가업소정보
생활편의,소매,무이무이,35.1643345532276,128.977721218153,소상공인시장진흥공단_상가업소정보
생활편의,소매,엘에이치,35.150918131572,129.00445399452,소상공인시장진흥공단_상가업소정보
생활편의,소매,원가MEAT,35.1658960168523,128.98253285457,소상공인시장진흥공단_상가업소정보
음식점,음식점,파니니브런치,35.125451296501,128.969815207913,소상공인시장진흥공단_상가업소정보
음식점,음식점,지아포차,35.1656519497887,128.983679226089,소상공인시장진흥공단_상가업소정보
생활편의,소매,타파웨어쿠킹스튜디오모라점,35.1869191684622,128.987006268999,소상공인시장진흥공단_상가업소정보
생활편의,소매,채원주얼리,35.1643345532276,128.977721218153,소상공인시장진흥공단_상가업소정보
음식점,음식점,수연,35.1890880985758,128.99102193159,소상공인시장진흥공단_상가업소정보
생활편의,소매,업소명없음,35.1746767095557,128.984535084457,소상공인시장진흥공단_상가업소정보
음식점,음식점,카페051신모라점,35.1884735269338,128.992225415616,소상공인시장진흥공단_상가업소정보
음식점,음식점,땡큐노래방,35.1501515473022,129.002855201701,소상공인시장진흥공단_상가업소정보
음식점,음식점,땅스부대찌개모라점,35.1884735269338,128.992225415616,소상공인시장진흥공단_상가업소정보
음식점,음식점,뉴노래타운,35.162117362471,128.981047452452,소상공인시장진흥공단_상가업소정보
음식점,음식점,경성,35.1560512572211,128.984422652308,소상공인시장진흥공단_상가업소정보
생활편의,소매,승희플라워,35.1602977807421,128.987049735045,소상공인시장진흥공단_상가업소정보
음식점,음식점,돌아온옛날통닭덕포점,35.1699243721007,128.98087469292,소상공인시장진흥공단_상가업소정보
음식점,음식점,엄궁,35.1234950513178,128.965972946976,소상공인시장진흥공단_상가업소정보
음식점,음식점,향기분식,35.1554531982532,128.987370801493,소상공인시장진흥공단_상가업소정보
음식점,음식점,구라,35.1501374487718,129.010776724756,소상공인시장진흥공단_상가업소정보
음식점,음식점,기똥차분식,35.1552665627949,128.99871217573,소상공인시장진흥공단_상가업소정보
생활편의,소매,딩동,35.1643345532276,128.977721218153,소상공인시장진흥공단_상가업소정보
음식점,음식점,돈텔마마,35.1500896934282,129.001690640623,소상공인시장진흥공단_상가업소정보
생활편의,소매,미니스톱사상삼락점,35.1697674288063,128.98055261552,소상공인시장진흥공단_상가업소정보
생활편의,소매,붕붕,35.1643345532276,128.977721218153,소상공인시장진흥공단_상가업소정보
생활편의,소매,부산경남컴퓨터협동조합,35.150603752155,129.001121708454,소상공인시장진흥공단_상가업소정보
생활편의,소매,백양LED조명,35.1526849162219,129.00496915776,소상공인시장진흥공단_상가업소정보
생활편의,소매,쪼꼬폰,35.1675514153756,128.983802192234,소상공인시장진흥공단_상가업소정보
생활편의,소매,알톤자전거서부산,35.1698864205208,128.977131352818,소상공인시장진흥공단_상가업소정보
생활편의,소매,서부산약국,35.1626211124237,128.984955388797,소상공인시장진흥공단_상가업소정보
생활편의,보건의료,마린플란트치과의원,35.1625611116756,128.984767375224,소상공인시장진흥공단_상가업소정보
생활편의,보건의료,척바로마취통증의학과의원,35.1658960168523,128.98253285457,소상공인시장진흥공단_상가업소정보
음식점,음식점,우주고래,35.1608449386112,128.987205703727,소상공인시장진흥공단_상가업소정보
생활편의,소매,사상애플아울렛쉬즈미스,35.1631457315728,128.980984606691,소상공인시장진흥공단_상가업소정보
생활편의,소매,고등어아가씨,35.1549311324952,128.998287003122,소상공인시장진흥공단_상가업소정보
음식점,음식점,강명식당,35.1430093776577,128.974056292236,소상공인시장진흥공단_상가업소정보
생활편의,소매,지에스25괘법카멜롯,35.1663910871535,128.9886136907,소상공인시장진흥공단_상가업소정보
음식점,음식점,유니푸드,35.1690240924808,128.980819926865,소상공인시장진흥공단_상가업소정보
생활편의,소매,메가다인,35.1643345532276,128.977721218153,소상공인시장진흥공단_상가업소정보
생활편의,소매,조영축산,35.1712805409492,128.982257524386,소상공인시장진흥공단_상가업소정보
음식점,음식점,돼지창살무봤나,35.1550715630814,128.985364462506,소상공인시장진흥공단_상가업소정보
음식점,음식점,팔봉이돼지국밥밀면,35.1744841768131,128.988580340677,소상공인시장진흥공단_상가업소정보
생활편의,문화체육,정훈골프아카데미,35.1500150909697,129.001842422523,소상공인시장진흥공단_상가업소정보
음식점,음식점,에그머니나,35.1614468445961,128.986221743799,소상공인시장진흥공단_상가업소정보
생활편의,문화체육,축제노래연습장,35.1574981954086,128.98576360926,소상공인시장진흥공단_상가업소정보
음식점,음식점,순김밥,35.1611861796744,128.988377213103,소상공인시장진흥공단_상가업소정보
음식점,음식점,미성갈비,35.1702693747384,128.980718440108,소상공인시장진흥공단_상가업소정보
음식점,음식점,대물개,35.1497442307981,129.013290619744,소상공인시장진흥공단_상가업소정보
음식점,음식점,딱내가찾던빨간맛,35.176273550826,128.988821494561,소상공인시장진흥공단_상가업소정보
생활편의,소매,세븐일레븐부산모라베스트점,35.1920882059184,128.987230963438,소상공인시장진흥공단_상가업소정보
생활편의,소매,비즈프린팅,35.156470281482,128.983598882104,소상공인시장진흥공단_상가업소정보
음식점,음식점,수라상회,35.1458285314765,128.973597753485,소상공인시장진흥공단_상가업소정보
음식점,음식점,김밥일번지,35.1498672432894,129.005876528427,소상공인시장진흥공단_상가업소정보
생활편의,소매,약초랑,35.1691490182734,128.989141798455,소상공인시장진흥공단_상가업소정보
음식점,음식점,제일다방,35.1592639197631,128.984149554231,소상공인시장진흥공단_상가업소정보
생활편의,문화체육,꽃노래연습장,35.1691481967497,128.980394923064,소상공인시장진흥공단_상가업소정보
음식점,음식점,너른마당,35.1587723419488,128.987199170889,소상공인시장진흥공단_상가업소정보
음식점,음식점,멕시카나,35.1652451774772,128.981002613009,소상공인시장진흥공단_상가업소정보
음식점,음식점,좋은친구들,35.1651641122493,128.984852587997,소상공인시장진흥공단_상가업소정보
생활편의,소매,가본보청기,35.128333857495,128.972659867948,소상공인시장진흥공단_상가업소정보
생활편의,소매,모이든가발,35.1307314069442,128.972081473207,소상공인시장진흥공단_상가업소정보
음식점,음식점,칠암메기탕,35.1503832014627,129.011715404734,소상공인시장진흥공단_상가업소정보
음식점,음식점,대성식당,35.1516176811501,129.010637598007,소상공인시장진흥공단_상가업소정보
음식점,음식점,향기,35.1564177593223,128.981852897111,소상공인시장진흥공단_상가업소정보
생활편의,소매,에스엘씨굿프렌즈,35.1384943652467,128.977929584523,소상공인시장진흥공단_상가업소정보
생활편의,소매,베네비타,35.1486935904279,129.000010648343,소상공인시장진흥공단_상가업소정보
음식점,음식점,맘스터치,35.1542681897586,128.997502698247,소상공인시장진흥공단_상가업소정보
생활편의,문화체육,장우혁스크린골프아카데미,35.1909310068054,128.989650790941,소상공인시장진흥공단_상가업소정보
생활편의,소매,볼링장,35.1740796540536,128.984674225126,소상공인시장진흥공단_상가업소정보
음식점,음식점,안안,35.1716479849331,128.98072993644,소상공인시장진흥공단_상가업소정보
생활편의,소매,세븐부산모라벽산점,35.1912838695156,128.992305020322,소상공인시장진흥공단_상가업소정보
음식점,음식점,홍삼의신비,35.177228227959,128.989404521682,소상공인시장진흥공단_상가업소정보
생활편의,소매,이니스프리이마트사상점,35.1642343045877,128.978893016647,소상공인시장진흥공단_상가업소정보
음식점,음식점,떡보의하루서면사상점,35.1514945502679,129.012082909978,소상공인시장진흥공단_상가업소정보
생활편의,소매,부산열쇠도장방충망,35.1495318313018,129.014141203676,소상공인시장진흥공단_상가업소정보
생활편의,소매,S라인,35.1724860190885,128.982385570832,소상공인시장진흥공단_상가업소정보
생활편의,문화체육,로또의신,35.1539954450436,129.016138537896,소상공인시장진흥공단_상가업소정보
생활편의,소매,제일상회,35.1651126257248,128.98634382497,소상공인시장진흥공단_상가업소정보
음식점,음식점,보선각,35.1909037859807,128.984721162933,소상공인시장진흥공단_상가업소정보
생활편의,문화체육,오렌지당구클럽,35.1866586313737,128.990249138056,소상공인시장진흥공단_상가업소정보
생활편의,소매,위닉스지비,35.1685576409461,128.980687889547,소상공인시장진흥공단_상가업소정보
생활편의,소매,더페이스샵동서대점,35.1508285814021,129.012571230219,소상공인시장진흥공단_상가업소정보
음식점,음식점,삼미식당,35.1604769681724,128.984365573348,소상공인시장진흥공단_상가업소정보
음식점,음식점,달포차,35.1863222836532,128.989329840868,소상공인시장진흥공단_상가업소정보
생활편의,소매,지에스25모라,35.1840730181925,128.993490066222,소상공인시장진흥공단_상가업소정보
음식점,음식점,카페051괘법한신점,35.1692931444468,128.979246089531,소상공인시장진흥공단_상가업소정보
생활편의,문화체육,몽필노래연습장,35.1747628882936,128.988620056653,소상공인시장진흥공단_상가업소정보
생활편의,소매,금아테크,35.159757357537,128.980430562506,소상공인시장진흥공단_상가업소정보
음식점,음식점,뽀빠이,35.1784693576377,128.986262716642,소상공인시장진흥공단_상가업소정보
생활편의,소매,신씨네,35.1643345532276,128.977721218153,소상공인시장진흥공단_상가업소정보
음식점,음식점,카페사르르,35.1659520944434,128.983510928597,소상공인시장진흥공단_상가업소정보
생활편의,소매,인디에프트루젠,35.1631457315728,128.980984606691,소상공인시장진흥공단_상가업소정보
생활편의,소매,지에스25모라우성점,35.1868726325681,128.991483792845,소상공인시장진흥공단_상가업소정보
생활편의,소매,세븐일레븐부산모라화인점,35.190453813443,128.993459350229,소상공인시장진흥공단_상가업소정보
생활편의,소매,끌림,35.1643345532276,128.977721218153,소상공인시장진흥공단_상가업소정보
생활편의,소매,엘레강스,35.1631457315728,128.980984606691,소상공인시장진흥공단_상가업소정보
생활편의,소매,다사랑마트,35.1413109804706,128.984240236715,소상공인시장진흥공단_상가업소정보
음식점,음식점,고향소갈비찜,35.142021676591,128.988711746112,소상공인시장진흥공단_상가업소정보
음식점,음식점,도모야,35.1643345532276,128.977721218153,소상공인시장진흥공단_상가업소정보
음식점,음식점,가마치통닭,35.141131307217,128.988602314011,소상공인시장진흥공단_상가업소정보
음식점,음식점,평양왕족발,35.1917246166737,128.985224154039,소상공인시장진흥공단_상가업소정보
생활편의,소매,플라워메종,35.1643345532276,128.977721218153,소상공인시장진흥공단_상가업소정보
생활편의,문화체육,화이트펜슬,35.1541184517057,128.997839189834,소상공인시장진흥공단_상가업소정보
음식점,음식점,수림커피숍,35.1736101511794,128.984728662601,소상공인시장진흥공단_상가업소정보
음식점,음식점,0을담다,35.143113471193,128.989177161563,소상공인시장진흥공단_상가업소정보
생활편의,소매,금나라연중무휴,35.1884735269338,128.992225415616,소상공인시장진흥공단_상가업소정보
생활편의,문화체육,에이스당구클럽,35.1921226167529,128.987879492574,소상공인시장진흥공단_상가업소정보
생활편의,소매,제이,35.1643345532276,128.977721218153,소상공인시장진흥공단_상가업소정보
생활편의,소매,드모앳,35.1643345532276,128.977721218153,소상공인시장진흥공단_상가업소정보
생활편의,문화체육,리얼야구존,35.1633696698167,128.984370015884,소상공인시장진흥공단_상가업소정보
음식점,음식점,진아분식,35.1643345532276,128.977721218153,소상공인시장진흥공단_상가업소정보
음식점,음식점,고집불통,35.1525678793649,129.001147872011,소상공인시장진흥공단_상가업소정보
생활편의,문화체육,뉴점핑클럽,35.1916777994333,128.994104012166,소상공인시장진흥공단_상가업소정보
생활편의,소매,보떼,35.1501513045501,129.003414774253,소상공인시장진흥공단_상가업소정보
음식점,음식점,롯데리아부산학장점,35.1401573008679,128.98259951758,소상공인시장진흥공단_상가업소정보
음식점,음식점,용짜장,35.1523298092028,129.003555973526,소상공인시장진흥공단_상가업소정보
음식점,음식점,아모르,35.1662938658573,128.983552153499,소상공인시장진흥공단_상가업소정보
생활편의,문화체육,골든스타스크린,35.1479386077231,128.98949210942,소상공인시장진흥공단_상가업소정보
생활편의,소매,오토바이매매전문샵,35.1529074155126,128.994221562234,소상공인시장진흥공단_상가업소정보
생활편의,문화체육,행복로또,35.1651251394062,128.983381099985,소상공인시장진흥공단_상가업소정보
생활편의,소매,쏭스,35.1643345532276,128.977721218153,소상공인시장진흥공단_상가업소정보
생활편의,소매,콤마희,35.1643345532276,128.977721218153,소상공인시장진흥공단_상가업소정보
음식점,음식점,오촌,35.1505871868944,129.012455562378,소상공인시장진흥공단_상가업소정보
음식점,음식점,디마노,35.1282231795358,128.970046515874,소상공인시장진흥공단_상가업소정보
음식점,음식점,미미스시&덮밥,35.1754467853343,128.988680619679,소상공인시장진흥공단_상가업소정보
음식점,음식점,김밥천국신,35.1544923328933,129.01443906233,소상공인시장진흥공단_상가업소정보
생활편의,소매,헬스플러스,35.1629601677363,128.984612465139,소상공인시장진흥공단_상가업소정보
음식점,음식점,낭만아재미스터리,35.1697167106774,128.982000059979,소상공인시장진흥공단_상가업소정보
생활편의,소매,골든제이,35.1643345532276,128.977721218153,소상공인시장진흥공단_상가업소정보
생활편의,소매,예능,35.1742026516049,128.983217486389,소상공인시장진흥공단_상가업소정보
생활편의,소매,안녕베베,35.1372845009194,128.97917288247,소상공인시장진흥공단_상가업소정보
음식점,음식점,포항물회,35.1693952223775,128.980719183005,소상공인시장진흥공단_상가업소정보
생활편의,소매,대영상회,35.1718556746672,128.980153295121,소상공인시장진흥공단_상가업소정보
생활편의,소매,프롬망고2nd,35.1643345532276,128.977721218153,소상공인시장진흥공단_상가업소정보
생활편의,소매,참선진녹즙,35.176261479001,128.989007786865,소상공인시장진흥공단_상가업소정보
생활편의,소매,유엔에스솔루션,35.1738999095246,128.988489280427,소상공인시장진흥공단_상가업소정보
음식점,음식점,하오츠,35.1549327107293,128.991077918942,소상공인시장진흥공단_상가업소정보
음식점,음식점,선미식당,35.1730207041391,128.981652237433,소상공인시장진흥공단_상가업소정보
음식점,음식점,옛날통닭사상점,35.1723914948643,128.983755171138,소상공인시장진흥공단_상가업소정보
음식점,음식점,올타임하이,35.149132155007,129.012704995692,소상공인시장진흥공단_상가업소정보
음식점,음식점,피자에땅학장점,35.140069657179,128.981346718189,소상공인시장진흥공단_상가업소정보
음식점,음식점,쟁반,35.1585812025924,128.988412556483,소상공인시장진흥공단_상가업소정보
음식점,음식점,인더포레,35.1464528847826,129.009073227714,소상공인시장진흥공단_상가업소정보
음식점,음식점,라벨스하이디,35.1302100803427,128.969227793642,소상공인시장진흥공단_상가업소정보
생활편의,소매,원희,35.1643345532276,128.977721218153,소상공인시장진흥공단_상가업소정보
생활편의,소매,창녕상회,35.1430522148671,128.989065958581,소상공인시장진흥공단_상가업소정보
음식점,음식점,부산어묵사상경전철역점,35.1622986490017,128.985935193435,소상공인시장진흥공단_상가업소정보
음식점,음식점,김가네팔도돼지,35.1878976115781,128.989982974626,소상공인시장진흥공단_상가업소정보
생활편의,소매,보성축산,35.1546224593094,129.002789246481,소상공인시장진흥공단_상가업소정보
생활편의,소매,유일약국,35.1643345532276,128.977721218153,소상공인시장진흥공단_상가업소정보
생활편의,소매,바른생활,35.1643345532276,128.977721218153,소상공인시장진흥공단_상가업소정보
음식점,음식점,편식,35.124554931777,128.971735088982,소상공인시장진흥공단_상가업소정보
음식점,음식점,오리와황금돼지,35.1563398008872,128.982761765283,소상공인시장진흥공단_상가업소정보
생활편의,문화체육,골든벨노래연습장,35.1711117113556,128.988157968618,소상공인시장진흥공단_상가업소정보
생활편의,문화체육,인형뽑기마트,35.170113184931,128.980901223604,소상공인시장진흥공단_상가업소정보
생활편의,소매,친구텔레콤모라점,35.188865102206,128.987042681916,소상공인시장진흥공단_상가업소정보
생활편의,소매,비,35.1643345532276,128.977721218153,소상공인시장진흥공단_상가업소정보
음식점,음식점,장세현초밥집,35.1886600257299,128.991296895972,소상공인시장진흥공단_상가업소정보
생활편의,소매,해밀모바일,35.1310317977696,128.972450716049,소상공인시장진흥공단_상가업소정보
음식점,음식점,뜨락,35.1487751139011,129.012498706231,소상공인시장진흥공단_상가업소정보
생활편의,소매,조은우리약국,35.1661140089751,128.982428403902,소상공인시장진흥공단_상가업소정보
생활편의,문화체육,부산멘토즈스터디카페,35.1530206525639,129.011352420854,소상공인시장진흥공단_상가업소정보
음식점,음식점,별밤,35.1861660716647,128.990061491695,소상공인시장진흥공단_상가업소정보
음식점,음식점,하삼동커피,35.1500442343067,129.002260076946,소상공인시장진흥공단_상가업소정보
생활편의,소매,핫독,35.1900094838472,128.989244103683,소상공인시장진흥공단_상가업소정보
생활편의,문화체육,유성노래연습장,35.1927823633432,128.986117149265,소상공인시장진흥공단_상가업소정보
생활편의,소매,흥일주유소,35.1938015107061,128.984418410022,소상공인시장진흥공단_상가업소정보
생활편의,소매,수연메디칼,35.1449615437219,129.004988108652,소상공인시장진흥공단_상가업소정보
생활편의,소매,청심사불교서점,35.1449721872665,129.00162014052,소상공인시장진흥공단_상가업소정보
음식점,음식점,우정낚시고기,35.1499978554611,129.004519194291,소상공인시장진흥공단_상가업소정보
음식점,음식점,페스트치킨앤피자,35.1909842316894,128.992989294595,소상공인시장진흥공단_상가업소정보
음식점,음식점,진주해물,35.1560512572211,128.984422652308,소상공인시장진흥공단_상가업소정보
음식점,음식점,두찜부산삼락점,35.1700060465111,128.979186547509,소상공인시장진흥공단_상가업소정보
생활편의,소매,엄궁제일그릇,35.1289985185046,128.971688660391,소상공인시장진흥공단_상가업소정보
음식점,음식점,도미야,35.1659015818576,128.979438238191,소상공인시장진흥공단_상가업소정보
음식점,음식점,큰사람유통장수촌돼지국밥,35.1621549322061,128.979852220321,소상공인시장진흥공단_상가업소정보
음식점,음식점,오복식당,35.1586187745925,128.981171088036,소상공인시장진흥공단_상가업소정보
생활편의,소매,탑텐키즈,35.1631457315728,128.980984606691,소상공인시장진흥공단_상가업소정보
음식점,음식점,목포는항구다,35.1668383878666,128.985518826552,소상공인시장진흥공단_상가업소정보
생활편의,문화체육,형어디가,35.1744841768131,128.988580340677,소상공인시장진흥공단_상가업소정보
생활편의,문화체육,세원스크린SG골프,35.141131307217,128.988602314011,소상공인시장진흥공단_상가업소정보
생활편의,소매,알라딘,35.1643345532276,128.977721218153,소상공인시장진흥공단_상가업소정보
생활편의,문화체육,욜로PC방,35.1505519612381,129.012948441909,소상공인시장진흥공단_상가업소정보
생활편의,소매,씨유감전,35.1551974538091,128.980978381602,소상공인시장진흥공단_상가업소정보
생활편의,소매,충렬가스,35.1544253157932,128.993435661234,소상공인시장진흥공단_상가업소정보
음식점,음식점,엄마칼국수,35.1294530371326,128.971447323479,소상공인시장진흥공단_상가업소정보
음식점,음식점,자담치킨덕포삼락점,35.1700811001923,128.980658998258,소상공인시장진흥공단_상가업소정보
음식점,음식점,맛닭꼬사상점,35.1596171402962,128.988437775908,소상공인시장진흥공단_상가업소정보
음식점,음식점,야끼짱,35.1634804841749,128.984756797216,소상공인시장진흥공단_상가업소정보
생활편의,소매,지에스25부산신라대점,35.1694774532601,128.989446118473,소상공인시장진흥공단_상가업소정보
음식점,음식점,부산식당,35.1902426199925,128.986571264095,소상공인시장진흥공단_상가업소정보
음식점,음식점,파라오포장센타,35.1649512890232,128.983541489934,소상공인시장진흥공단_상가업소정보
생활편의,소매,사랑이네,35.1643345532276,128.977721218153,소상공인시장진흥공단_상가업소정보
생활편의,소매,화진,35.1411606559942,128.982963955545,소상공인시장진흥공단_상가업소정보
음식점,음식점,네츄럴기프트협동조합,35.1666584045638,128.985503475723,소상공인시장진흥공단_상가업소정보
음식점,음식점,옛날통닭,35.1732223158885,128.989142266472,소상공인시장진흥공단_상가업소정보
음식점,음식점,지하다방,35.191545729457,128.988985164005,소상공인시장진흥공단_상가업소정보
생활편의,문화체육,한큐당구장,35.170411625847,128.982488850313,소상공인시장진흥공단_상가업소정보
음식점,음식점,배스킨라빈스부산모라점,35.1871495670047,128.990535541423,소상공인시장진흥공단_상가업소정보
음식점,음식점,오리불고기&삼겹살,35.1727963651222,128.98104315456,소상공인시장진흥공단_상가업소정보
음식점,음식점,디케이치킨,35.149440625078,129.0044287195,소상공인시장진흥공단_상가업소정보
음식점,음식점,파슈,35.1659520944434,128.983510928597,소상공인시장진흥공단_상가업소정보
음식점,음식점,이디야부산동서대IC빌딩점,35.1461353881176,129.007024708599,소상공인시장진흥공단_상가업소정보
음식점,음식점,혜성정식당,35.1695435801492,128.982116579807,소상공인시장진흥공단_상가업소정보
음식점,음식점,한마리치킨,35.191545729457,128.988985164005,소상공인시장진흥공단_상가업소정보
음식점,음식점,유나,35.1552290999424,128.982899399208,소상공인시장진흥공단_상가업소정보
생활편의,문화체육,패밀리로또,35.1509775149046,128.997586827041,소상공인시장진흥공단_상가업소정보
음식점,음식점,푸드박스,35.1703703611081,128.979502676229,소상공인시장진흥공단_상가업소정보
음식점,음식점,맘스터치경남정보대점,35.1481176049535,129.013020131784,소상공인시장진흥공단_상가업소정보
생활편의,소매,백양하우징,35.1328768728322,128.965386743731,소상공인시장진흥공단_상가업소정보
생활편의,소매,지이크파렌하이트,35.1631457315728,128.980984606691,소상공인시장진흥공단_상가업소정보
음식점,음식점,대박뒷고기,35.1909134928148,128.99126407723,소상공인시장진흥공단_상가업소정보
음식점,음식점,던레,35.1698433323814,128.981421468062,소상공인시장진흥공단_상가업소정보
음식점,음식점,허묵바,35.1490450876455,129.000008280038,소상공인시장진흥공단_상가업소정보
음식점,음식점,미뚱김밥,35.1368382793639,128.976145220063,소상공인시장진흥공단_상가업소정보
생활편의,문화체육,오케이노래연습장,35.19295612202,128.992543462992,소상공인시장진흥공단_상가업소정보
생활편의,소매,진쥬얼리,35.1643345532276,128.977721218153,소상공인시장진흥공단_상가업소정보
생활편의,문화체육,대경코프레이션,35.1447575710183,128.985640490617,소상공인시장진흥공단_상가업소정보
음식점,음식점,예림식당,35.1554333820188,128.987480048132,소상공인시장진흥공단_상가업소정보
생활편의,소매,금강,35.1643345532276,128.977721218153,소상공인시장진흥공단_상가업소정보
생활편의,소매,경남장식,35.1919770461518,128.987414878096,소상공인시장진흥공단_상가업소정보
음식점,음식점,브이아이피VIP노래방,35.1636487433211,128.984387771042,소상공인시장진흥공단_상가업소정보
음식점,음식점,쌍쌍가요주점,35.1639489088645,128.98476818173,소상공인시장진흥공단_상가업소정보
생활편의,소매,조자마트,35.1413722494204,128.970549909223,소상공인시장진흥공단_상가업소정보
생활편의,소매,옥단지,35.1657152181544,128.980915247482,소상공인시장진흥공단_상가업소정보
음식점,음식점,메가커피주례삼,35.1500239652845,129.007295777182,소상공인시장진흥공단_상가업소정보
음식점,음식점,제우스커피,35.1385299666264,128.979060419962,소상공인시장진흥공단_상가업소정보
음식점,음식점,청우식당,35.1822251414251,128.983642932593,소상공인시장진흥공단_상가업소정보
생활편의,소매,우주통신,35.1572789215924,128.977133394498,소상공인시장진흥공단_상가업소정보
음식점,음식점,미정숯불생고기,35.141131307217,128.988602314011,소상공인시장진흥공단_상가업소정보
음식점,음식점,꼴통왕족발,35.1698433323814,128.981421468062,소상공인시장진흥공단_상가업소정보
음식점,음식점,파리바게뜨주례유엔아이점,35.153413826367,129.011010979319,소상공인시장진흥공단_상가업소정보
생활편의,소매,밴드네트웍스,35.1508160239604,129.0040894064,소상공인시장진흥공단_상가업소정보
음식점,음식점,착한우리동네족발,35.135994478003,128.975389813188,소상공인시장진흥공단_상가업소정보
생활편의,소매,지에스25사상,35.1619672851042,128.978651530356,소상공인시장진흥공단_상가업소정보
음식점,음식점,진영통닭,35.1552362297015,128.979157826583,소상공인시장진흥공단_상가업소정보
음식점,음식점,왕짜장,35.1389235982433,128.98364471876,소상공인시장진흥공단_상가업소정보
음식점,음식점,대구식당,35.1386855625739,128.978362066091,소상공인시장진흥공단_상가업소정보
음식점,음식점,수양상회,35.1470323008931,128.979354089599,소상공인시장진흥공단_상가업소정보
음식점,음식점,오레트,35.172432176209,128.982922046775,소상공인시장진흥공단_상가업소정보
음식점,음식점,무보까국밥과보쌈,35.1539556957266,128.99020921108,소상공인시장진흥공단_상가업소정보
음식점,음식점,컴포즈커피사상점,35.1621034730049,128.980794718478,소상공인시장진흥공단_상가업소정보
생활편의,소매,에이플러스,35.1636772427768,128.985398070451,소상공인시장진흥공단_상가업소정보
생활편의,보건의료,신세계한방병원,35.1610704806592,128.986091880861,소상공인시장진흥공단_상가업소정보
생활편의,소매,이마트24S사상역점,35.1622986490017,128.985935193435,소상공인시장진흥공단_상가업소정보
음식점,음식점,달보드레,35.1356786034902,128.976523085789,소상공인시장진흥공단_상가업소정보
음식점,음식점,컴포즈커피감전,35.1562109298355,128.981825933143,소상공인시장진흥공단_상가업소정보
음식점,음식점,불꽃,35.1658748178803,128.983827305819,소상공인시장진흥공단_상가업소정보
생활편의,소매,더그레이,35.1643345532276,128.977721218153,소상공인시장진흥공단_상가업소정보
생활편의,소매,씨유괘법광장2호,35.1623777191799,128.978902898385,소상공인시장진흥공단_상가업소정보
생활편의,소매,세븐주례청구점,35.1553631176623,128.998868157888,소상공인시장진흥공단_상가업소정보
음식점,음식점,엄지척김밥,35.1330718327843,128.973904078704,소상공인시장진흥공단_상가업소정보
생활편의,보건의료,나비산부인과의원,35.1659693669644,128.983006530352,소상공인시장진흥공단_상가업소정보
음식점,음식점,대가밥상,35.1547782147836,128.997723651698,소상공인시장진흥공단_상가업소정보
음식점,음식점,꼬망,35.1464775334331,129.008130274309,소상공인시장진흥공단_상가업소정보
음식점,음식점,동서대구내북카페,35.1461353881176,129.007024708599,소상공인시장진흥공단_상가업소정보
생활편의,소매,아델라,35.1643345532276,128.977721218153,소상공인시장진흥공단_상가업소정보
생활편의,문화체육,우주PC방,35.1616847349942,128.983253651054,소상공인시장진흥공단_상가업소정보
음식점,음식점,늘봄소주,35.1695435801492,128.982116579807,소상공인시장진흥공단_상가업소정보
생활편의,보건의료,행복나눔치과,35.1275926627189,128.968364011655,소상공인시장진흥공단_상가업소정보
생활편의,소매,드림메디,35.1324688790333,128.996948022732,소상공인시장진흥공단_상가업소정보
생활편의,소매,아시아마트,35.1873566050494,128.987807277956,소상공인시장진흥공단_상가업소정보
음식점,음식점,현대매점,35.1337412366657,128.96876434346,소상공인시장진흥공단_상가업소정보
음식점,음식점,컴포즈커피사상역점,35.1646410336142,128.983226678503,소상공인시장진흥공단_상가업소정보
음식점,음식점,하이오커피,35.1649512890232,128.983541489934,소상공인시장진흥공단_상가업소정보
음식점,음식점,로드377,35.1517694691711,129.013976920049,소상공인시장진흥공단_상가업소정보
생활편의,소매,디케이레이싱,35.1767441358449,128.988701251619,소상공인시장진흥공단_상가업소정보
생활편의,소매,마크오브제이,35.1282923681055,128.973547376962,소상공인시장진흥공단_상가업소정보
음식점,음식점,오빠막창사상점,35.1589656414974,128.9864028192,소상공인시장진흥공단_상가업소정보
생활편의,소매,디그웬,35.1643345532276,128.977721218153,소상공인시장진흥공단_상가업소정보
음식점,음식점,서가네연탄갈비,35.1655219029129,128.984466212099,소상공인시장진흥공단_상가업소정보
생활편의,문화체육,뉴점핑클럽,35.1746279465315,128.98860579388,소상공인시장진흥공단_상가업소정보
음식점,음식점,등불,35.1503832014627,129.011715404734,소상공인시장진흥공단_상가업소정보
생활편의,소매,토종한우식육점,35.1653626596204,128.978777695154,소상공인시장진흥공단_상가업소정보
생활편의,소매,세븐틴,35.1643345532276,128.977721218153,소상공인시장진흥공단_상가업소정보
음식점,음식점,도경집밥,35.1456361054295,128.978212142261,소상공인시장진흥공단_상가업소정보
생활편의,소매,세아뜨,35.1515641352411,128.981625430944,소상공인시장진흥공단_상가업소정보
음식점,음식점,덕순이네,35.1868971714517,128.985600663155,소상공인시장진흥공단_상가업소정보
생활편의,소매,남흥장갑,35.1436781611703,128.984418392886,소상공인시장진흥공단_상가업소정보
음식점,음식점,냉정커피,35.1464528847826,129.009073227714,소상공인시장진흥공단_상가업소정보
음식점,음식점,정가는짬뽕,35.1499644771178,129.008709715487,소상공인시장진흥공단_상가업소정보
생활편의,소매,씨유모라블루점,35.1888903064431,128.989897413065,소상공인시장진흥공단_상가업소정보
생활편의,소매,홍이신발,35.1532763745884,128.981074441847,소상공인시장진흥공단_상가업소정보
음식점,음식점,별다방,35.1643345532276,128.977721218153,소상공인시장진흥공단_상가업소정보
생활편의,문화체육,리허설노래연습장,35.1871495670047,128.990535541423,소상공인시장진흥공단_상가업소정보
생활편의,소매,샘소나이트사상애플점,35.1631457315728,128.980984606691,소상공인시장진흥공단_상가업소정보
음식점,음식점,바로바로도매횟집,35.1491420878875,129.004498199815,소상공인시장진흥공단_상가업소정보
음식점,음식점,봉자네뒷고기,35.1702896422135,128.982233465994,소상공인시장진흥공단_상가업소정보
음식점,음식점,더벤티감전점,35.1495871169501,128.973556869864,소상공인시장진흥공단_상가업소정보
음식점,음식점,컴포즈커피감전,35.1566640321253,128.985523869911,소상공인시장진흥공단_상가업소정보
음식점,음식점,국제양곱창,35.1700986386271,128.979035143944,소상공인시장진흥공단_상가업소정보
생활편의,소매,다있네가구,35.1950680565555,128.9901578908,소상공인시장진흥공단_상가업소정보
생활편의,소매,이츠미,35.1643345532276,128.977721218153,소상공인시장진흥공단_상가업소정보
음식점,음식점,본도시락,35.1278804607333,128.974491756304,소상공인시장진흥공단_상가업소정보
생활편의,소매,우진축산물판매점,35.1244291119508,128.975033645887,소상공인시장진흥공단_상가업소정보
음식점,음식점,츄러스1500학장점,35.1368382793639,128.976145220063,소상공인시장진흥공단_상가업소정보
음식점,음식점,봉식이,35.1387233864443,128.978253275062,소상공인시장진흥공단_상가업소정보
생활편의,소매,베시,35.1643345532276,128.977721218153,소상공인시장진흥공단_상가업소정보
음식점,음식점,장원육전밀면,35.1496716388622,129.002448443444,소상공인시장진흥공단_상가업소정보
음식점,음식점,이디야&베지신라대점,35.1686268558901,129.003868002618,소상공인시장진흥공단_상가업소정보
음식점,음식점,진주상회,35.1796306345119,128.984139655413,소상공인시장진흥공단_상가업소정보
음식점,음식점,룬에이치3도,35.1251051515718,128.971704479103,소상공인시장진흥공단_상가업소정보
생활편의,소매,카라,35.1643345532276,128.977721218153,소상공인시장진흥공단_상가업소정보
음식점,음식점,오메가,35.1634294913557,128.984569000673,소상공인시장진흥공단_상가업소정보
생활편의,소매,이마트24북부면허시험장,35.1778219307452,128.982877362415,소상공인시장진흥공단_상가업소정보
음식점,음식점,사상가야밀면,35.1539556957266,128.99020921108,소상공인시장진흥공단_상가업소정보
음식점,음식점,연스,35.1275926627189,128.968364011655,소상공인시장진흥공단_상가업소정보
생활편의,소매,나루인테리어,35.194387270497,128.993742100123,소상공인시장진흥공단_상가업소정보
음식점,음식점,정성국밥,35.1305124233891,128.968368479457,소상공인시장진흥공단_상가업소정보
생활편의,소매,아식스,35.1631457315728,128.980984606691,소상공인시장진흥공단_상가업소정보
음식점,음식점,코리아,35.1495556518262,129.000196330304,소상공인시장진흥공단_상가업소정보
생활편의,소매,운아트,35.1413722494204,128.970549909223,소상공인시장진흥공단_상가업소정보
생활편의,소매,숙이네반찬,35.1278804607333,128.974491756304,소상공인시장진흥공단_상가업소정보
음식점,음식점,르네상스뷔페크로네,35.1617430951564,128.982991698683,소상공인시장진흥공단_상가업소정보
생활편의,소매,짱구휴대폰아울렛,35.1553223166327,128.994236621975,소상공인시장진흥공단_상가업소정보
음식점,음식점,옥수동꽈배기,35.1631457315728,128.980984606691,소상공인시장진흥공단_상가업소정보
음식점,음식점,박정자할매매운갈비찜사상,35.1580510502124,128.98392257353,소상공인시장진흥공단_상가업소정보
음식점,음식점,틴틴호프,35.1753912918595,128.989315849926,소상공인시장진흥공단_상가업소정보
음식점,음식점,명품왕짜장,35.1509289465255,128.987941026924,소상공인시장진흥공단_상가업소정보
음식점,음식점,베트남쌀국수,35.1642462680934,128.979815129019,소상공인시장진흥공단_상가업소정보
생활편의,소매,지니스안경사상애플,35.1631457315728,128.980984606691,소상공인시장진흥공단_상가업소정보
음식점,음식점,푸짐한포차,35.1640364902203,128.985472648614,소상공인시장진흥공단_상가업소정보
생활편의,소매,디엔플라워,35.1379384159311,128.978311071717,소상공인시장진흥공단_상가업소정보
생활편의,소매,으뜸50안경사상점,35.1665399073797,128.982285102409,소상공인시장진흥공단_상가업소정보
음식점,음식점,벤처식당,35.1909037859807,128.984721162933,소상공인시장진흥공단_상가업소정보
생활편의,소매,아잉,35.1643345532276,128.977721218153,소상공인시장진흥공단_상가업소정보
음식점,음식점,호성식품부산인쇄타운,35.1866758714441,128.979854260344,소상공인시장진흥공단_상가업소정보
음식점,음식점,카페바이버,35.1487439287936,128.988195080892,소상공인시장진흥공단_상가업소정보
음식점,음식점,피자알볼로사상점,35.1674459617222,128.982537562807,소상공인시장진흥공단_상가업소정보
생활편의,소매,세븐일레븐부산경남정보대대로점,35.1481571225377,129.011726428413,소상공인시장진흥공단_상가업소정보
음식점,음식점,안수마라탕,35.1497024039117,129.00440222526,소상공인시장진흥공단_상가업소정보
음식점,음식점,대어가횟집,35.1850722910626,128.99081417282,소상공인시장진흥공단_상가업소정보
음식점,음식점,블랙,35.1921020777244,128.988032681398,소상공인시장진흥공단_상가업소정보
생활편의,문화체육,자드PC감전점,35.1550518072289,128.979965348649,소상공인시장진흥공단_상가업소정보
음식점,음식점,그집짬뽕0927,35.1488557169154,129.013071231919,소상공인시장진흥공단_상가업소정보
생활편의,소매,킹신발,35.1670408472165,128.984162918917,소상공인시장진흥공단_상가업소정보
생활편의,소매,탑세일마트,35.1671379142522,128.983188550985,소상공인시장진흥공단_상가업소정보
생활편의,소매,홍원종합상사,35.1446654005057,128.990158478015,소상공인시장진흥공단_상가업소정보
생활편의,소매,진도담배,35.1317222845716,128.967673603354,소상공인시장진흥공단_상가업소정보
음식점,음식점,밀면촌,35.1588392986303,128.984764719591,소상공인시장진흥공단_상가업소정보
음식점,음식점,바다장어,35.1561376972322,128.983546914111,소상공인시장진흥공단_상가업소정보
음식점,음식점,화인푸드,35.1901574502455,128.993397221071,소상공인시장진흥공단_상가업소정보
생활편의,소매,피에이티,35.1631457315728,128.980984606691,소상공인시장진흥공단_상가업소정보
생활편의,소매,시블링스,35.1694246676758,128.988270533766,소상공인시장진흥공단_상가업소정보
음식점,음식점,뿅가네장수돼지국밥,35.1587604014811,128.985179788839,소상공인시장진흥공단_상가업소정보
음식점,음식점,상대국수,35.1909134928148,128.99126407723,소상공인시장진흥공단_상가업소정보
음식점,음식점,메가커피동서대,35.1509406067913,129.011794962607,소상공인시장진흥공단_상가업소정보
생활편의,소매,대우상회,35.179005357519,128.978844970569,소상공인시장진흥공단_상가업소정보
음식점,음식점,보나타코스,35.1489391588121,129.012930652448,소상공인시장진흥공단_상가업소정보
생활편의,소매,일성천막,35.1686583184607,128.983346200671,소상공인시장진흥공단_상가업소정보
생활편의,소매,해무리건강원,35.1701793957728,128.979607794976,소상공인시장진흥공단_상가업소정보
생활편의,소매,컴파고,35.1499525025911,129.000721734361,소상공인시장진흥공단_상가업소정보
음식점,음식점,민경국밥&곱창,35.1499466057275,129.006525830261,소상공인시장진흥공단_상가업소정보
음식점,음식점,맛돈네,35.1349024028895,128.977700064373,소상공인시장진흥공단_상가업소정보
생활편의,문화체육,킹당구장,35.1384236593255,128.978948140077,소상공인시장진흥공단_상가업소정보
생활편의,문화체육,스트라이크존사상구장,35.1616142084671,128.985907576522,소상공인시장진흥공단_상가업소정보
생활편의,소매,나나나,35.1643345532276,128.977721218153,소상공인시장진흥공단_상가업소정보
음식점,음식점,용마다방,35.1950916893773,128.987622501159,소상공인시장진흥공단_상가업소정보
음식점,음식점,가마치모라점,35.1884735269338,128.992225415616,소상공인시장진흥공단_상가업소정보
생활편의,소매,케이앤비,35.1699860576785,128.979306786302,소상공인시장진흥공단_상가업소정보
생활편의,소매,원디스플레이,35.1807213703794,128.985219895671,소상공인시장진흥공단_상가업소정보
음식점,음식점,푸짐한집,35.135321928157,128.992245695873,소상공인시장진흥공단_상가업소정보
생활편의,소매,우리약국,35.1558775376865,128.983474759282,소상공인시장진흥공단_상가업소정보
생활편의,소매,엘레시스,35.1748026438674,128.984549121535,소상공인시장진흥공단_상가업소정보
생활편의,소매,아이스나라,35.1541546708245,129.010897544566,소상공인시장진흥공단_상가업소정보
음식점,음식점,거상수육돼지국밥,35.1930324343818,128.986803869797,소상공인시장진흥공단_상가업소정보
음식점,음식점,별밤7080,35.1895208480562,128.991010537419,소상공인시장진흥공단_상가업소정보
음식점,음식점,이모밥집,35.1883927183787,128.987821543653,소상공인시장진흥공단_상가업소정보
생활편의,소매,금호타이어서부산,35.1247541229976,128.967242687054,소상공인시장진흥공단_상가업소정보
음식점,음식점,할배통닭,35.1439742842316,128.988342349865,소상공인시장진흥공단_상가업소정보
음식점,음식점,김밥킹사상점,35.1572052575697,128.986041788845,소상공인시장진흥공단_상가업소정보
음식점,음식점,세아뜨,35.16622429028,128.98284810601,소상공인시장진흥공단_상가업소정보
음식점,음식점,이디야커피큰솔2,35.1436503304156,128.987215396773,소상공인시장진흥공단_상가업소정보
음식점,음식점,최가네생삼겹구이,35.1723800572046,128.988298608036,소상공인시장진흥공단_상가업소정보
음식점,음식점,다향기사식당,35.1505753736526,128.972637126918,소상공인시장진흥공단_상가업소정보
음식점,음식점,최뼈다구해장국,35.1623777191799,128.978902898385,소상공인시장진흥공단_상가업소정보
생활편의,소매,아이유엠,35.1643345532276,128.977721218153,소상공인시장진흥공단_상가업소정보
음식점,음식점,회센타,35.1711988989812,128.981739716813,소상공인시장진흥공단_상가업소정보
생활편의,문화체육,파워당구장,35.1293402113626,128.971181337602,소상공인시장진흥공단_상가업소정보
생활편의,소매,보경약국,35.1415222720838,128.983444482492,소상공인시장진흥공단_상가업소정보
음식점,음식점,여로초장집,35.1933942665882,128.992751768596,소상공인시장진흥공단_상가업소정보
음식점,음식점,주례칼국수,35.1497056707815,129.004204808234,소상공인시장진흥공단_상가업소정보
생활편의,소매,덕양에너지직영구덕산주유소,35.1404571440883,128.990143773091,소상공인시장진흥공단_상가업소정보
생활편의,소매,15번상회,35.1541464704966,128.982423239727,소상공인시장진흥공단_상가업소정보
생활편의,문화체육,팰리스피트니스,35.1858671691341,128.990701842583,소상공인시장진흥공단_상가업소정보
음식점,음식점,크로플덕오리아가씨사상점,35.1618538581794,128.982281094451,소상공인시장진흥공단_상가업소정보
생활편의,문화체육,프렌즈피씨방,35.1866708607933,128.991149556118,소상공인시장진흥공단_상가업소정보
음식점,음식점,목구멍사상점,35.1655757883961,128.981175247189,소상공인시장진흥공단_상가업소정보
음식점,음식점,신모라주꾸미,35.1870407685559,128.989479083522,소상공인시장진흥공단_상가업소정보
음식점,음식점,파리바게뜨모라점,35.1856116794978,128.99144204054,소상공인시장진흥공단_상가업소정보
생활편의,소매,그린조이사상애플아울렛,35.1631457315728,128.980984606691,소상공인시장진흥공단_상가업소정보
음식점,음식점,화덕구이족보통,35.1641454874219,128.985420428402,소상공인시장진흥공단_상가업소정보
음식점,음식점,명진,35.1869195310228,128.98753317918,소상공인시장진흥공단_상가업소정보
생활편의,소매,정육단,35.1922476320568,128.989595079777,소상공인시장진흥공단_상가업소정보
음식점,음식점,미소,35.1509331936352,129.0035436689,소상공인시장진흥공단_상가업소정보
생활편의,소매,코튼,35.1643345532276,128.977721218153,소상공인시장진흥공단_상가업소정보
생활편의,소매,리첼라,35.1643345532276,128.977721218153,소상공인시장진흥공단_상가업소정보
음식점,음식점,착한소신,35.1531844160595,129.012343979106,소상공인시장진흥공단_상가업소정보
생활편의,소매,세원신발,35.1496319049649,129.004850350027,소상공인시장진흥공단_상가업소정보
음식점,음식점,미소오뎅,35.1643250749911,128.984360309315,소상공인시장진흥공단_상가업소정보
생활편의,문화체육,국제스크린골프,35.1857425191942,128.989513291314,소상공인시장진흥공단_상가업소정보
음식점,음식점,주전부리밥짓는사람들,35.1559827818511,128.980898669343,소상공인시장진흥공단_상가업소정보
생활편의,소매,강우상사,35.1391637249614,128.992624566102,소상공인시장진흥공단_상가업소정보
생활편의,소매,정관장,35.150660643847,129.00857322029,소상공인시장진흥공단_상가업소정보
생활편의,소매,우송상사,35.1391637249614,128.992624566102,소상공인시장진흥공단_상가업소정보
음식점,음식점,정항우케익학장점,35.1413109804706,128.984240236715,소상공인시장진흥공단_상가업소정보
음식점,음식점,락빈칼국수학장점,35.1443527994622,128.987792018677,소상공인시장진흥공단_상가업소정보
음식점,음식점,취중진담,35.1858749431145,128.98913232627,소상공인시장진흥공단_상가업소정보
음식점,음식점,102주연마켓,35.1388693535399,128.988602135965,소상공인시장진흥공단_상가업소정보
음식점,음식점,컴포즈커피모덕점,35.1822609237578,128.982008304733,소상공인시장진흥공단_상가업소정보
생활편의,문화체육,플랜트스터디카페냉정역라운지,35.1501671075107,129.011161478576,소상공인시장진흥공단_상가업소정보
음식점,음식점,월든,35.1471531955435,129.006512093098,소상공인시장진흥공단_상가업소정보
음식점,음식점,로고스KIT학생식당,35.1464528847826,129.009073227714,소상공인시장진흥공단_상가업소정보
음식점,음식점,다선생선찜,35.1627753300522,128.984893293903,소상공인시장진흥공단_상가업소정보
음식점,음식점,채움,35.1498256306845,129.014356915248,소상공인시장진흥공단_상가업소정보
생활편의,소매,디타이,35.151020779152,129.014561936547,소상공인시장진흥공단_상가업소정보
음식점,음식점,리수스,35.1874666630773,128.985493772887,소상공인시장진흥공단_상가업소정보
생활편의,소매,썬,35.1643345532276,128.977721218153,소상공인시장진흥공단_상가업소정보
생활편의,소매,씨유사상감전점,35.1565254638766,128.981328804599,소상공인시장진흥공단_상가업소정보
생활편의,소매,호남상회,35.1670217716988,128.984777023974,소상공인시장진흥공단_상가업소정보
음식점,음식점,명품갈비탕,35.1497641995056,129.00284570666,소상공인시장진흥공단_상가업소정보
생활편의,소매,이유진,35.1728194067851,128.980736407336,소상공인시장진흥공단_상가업소정보
생활편의,소매,경주상회,35.1664517401855,128.984916809475,소상공인시장진흥공단_상가업소정보
음식점,음식점,로스터리그라모,35.1536367574018,128.979426311094,소상공인시장진흥공단_상가업소정보
생활편의,소매,스몰펫하우스,35.1565388754504,128.989855171236,소상공인시장진흥공단_상가업소정보
생활편의,문화체육,삼대,35.16927350468,128.977138460272,소상공인시장진흥공단_상가업소정보
생활편의,소매,이니스프리사상점,35.1275926627189,128.968364011655,소상공인시장진흥공단_상가업소정보
음식점,음식점,소담채,35.1918016643112,128.9920541995,소상공인시장진흥공단_상가업소정보
음식점,음식점,디케이동키치킨사상점,35.1652702135501,128.984427173015,소상공인시장진흥공단_상가업소정보
음식점,음식점,마당쇠돼지꼬리,35.1546531479643,128.998203394018,소상공인시장진흥공단_상가업소정보
생활편의,소매,성모반상,35.1473465434934,129.00626449074,소상공인시장진흥공단_상가업소정보
생활편의,소매,현대토탈인테리어,35.1762847213918,128.988690058619,소상공인시장진흥공단_상가업소정보
음식점,음식점,거기포차,35.1641903314197,128.984883789898,소상공인시장진흥공단_상가업소정보
음식점,음식점,테마,35.1664139083856,128.981173632968,소상공인시장진흥공단_상가업소정보
생활편의,소매,현대오일뱅크직영낙동로주유소,35.1740881809789,128.97699165371,소상공인시장진흥공단_상가업소정보
음식점,음식점,싱싱노래방,35.1669911832452,128.98169246349,소상공인시장진흥공단_상가업소정보
생활편의,소매,폴햄,35.1631457315728,128.980984606691,소상공인시장진흥공단_상가업소정보
음식점,음식점,비타민포장스텐드,35.1621034730049,128.980794718478,소상공인시장진흥공단_상가업소정보
생활편의,소매,키즈랜드,35.1888947176754,128.992916296922,소상공인시장진흥공단_상가업소정보
생활편의,소매,조셉,35.1643345532276,128.977721218153,소상공인시장진흥공단_상가업소정보
생활편의,소매,올리비아로렌사상점,35.1669124748191,128.982096607218,소상공인시장진흥공단_상가업소정보
음식점,음식점,선명희피자사상점,35.1644182500939,128.985273422716,소상공인시장진흥공단_상가업소정보
음식점,음식점,라떼가개,35.1515632303155,129.01283071753,소상공인시장진흥공단_상가업소정보
음식점,음식점,뒷고기포차,35.1883918140276,128.986778677193,소상공인시장진흥공단_상가업소정보
생활편의,소매,푸마사상애플점,35.1631457315728,128.980984606691,소상공인시장진흥공단_상가업소정보
음식점,음식점,아로큐안,35.1722649732951,128.982676532312,소상공인시장진흥공단_상가업소정보
생활편의,소매,동남,35.1561438956205,128.985368578572,소상공인시장진흥공단_상가업소정보
음식점,음식점,더볼노래타운,35.1637635313056,128.9850819223,소상공인시장진흥공단_상가업소정보
음식점,음식점,하이오커피신,35.1536493935518,129.011477626429,소상공인시장진흥공단_상가업소정보
음식점,음식점,화화,35.1495556518262,129.000196330304,소상공인시장진흥공단_상가업소정보
음식점,음식점,김쉐프의족家,35.1503269427211,129.012931925986,소상공인시장진흥공단_상가업소정보
생활편의,소매,뜨개하는빵이,35.1643345532276,128.977721218153,소상공인시장진흥공단_상가업소정보
생활편의,소매,에벤에셀두피관리&발관리,35.1361011044937,128.993635967374,소상공인시장진흥공단_상가업소정보
생활편의,보건의료,영재의료재단큰솔2병원,35.1436503304156,128.987215396773,소상공인시장진흥공단_상가업소정보
음식점,음식점,대현상사,35.1878055788058,128.981308714719,소상공인시장진흥공단_상가업소정보
생활편의,소매,우정.com,35.1499978554611,129.004519194291,소상공인시장진흥공단_상가업소정보
생활편의,소매,사상약국,35.159757357537,128.980430562506,소상공인시장진흥공단_상가업소정보
음식점,음식점,인생연어,35.1476534927653,129.000237541869,소상공인시장진흥공단_상가업소정보
음식점,음식점,우리동네맥주날드,35.1850722910626,128.99081417282,소상공인시장진흥공단_상가업소정보
음식점,음식점,순곱이네사상점,35.1636089539488,128.985165956707,소상공인시장진흥공단_상가업소정보
생활편의,문화체육,우신프라자헬스,35.183118060012,128.991282396829,소상공인시장진흥공단_상가업소정보
음식점,음식점,수야네,35.1874666630773,128.985493772887,소상공인시장진흥공단_상가업소정보
생활편의,소매,그린기프트부산,35.1510466025674,128.990105428777,소상공인시장진흥공단_상가업소정보
생활편의,소매,에스엠통신,35.1585781961971,128.983650071323,소상공인시장진흥공단_상가업소정보
음식점,음식점,피자마루,35.1505999177387,129.012774068774,소상공인시장진흥공단_상가업소정보
음식점,음식점,두마리찜닭두찜부산,35.1275884905308,128.972499288093,소상공인시장진흥공단_상가업소정보
음식점,음식점,덕포냉삼,35.1754325511999,128.988998564174,소상공인시장진흥공단_상가업소정보
음식점,음식점,뉴욕버거사상점,35.1642343045877,128.978893016647,소상공인시장진흥공단_상가업소정보
생활편의,소매,우먼로드,35.1685182643943,128.981992917379,소상공인시장진흥공단_상가업소정보
생활편의,소매,소확행,35.148862902073,129.013181128256,소상공인시장진흥공단_상가업소정보
음식점,음식점,작은콘서트,35.1542117893436,128.997643964101,소상공인시장진흥공단_상가업소정보
생활편의,소매,거창상회,35.171350960615,128.981809258067,소상공인시장진흥공단_상가업소정보
생활편의,소매,오렌지,35.1715219922467,128.982921889778,소상공인시장진흥공단_상가업소정보
음식점,음식점,승승삼겹냉정점,35.1489669409689,129.004735286287,소상공인시장진흥공단_상가업소정보
생활편의,문화체육,금화당구장,35.1866708607933,128.991149556118,소상공인시장진흥공단_상가업소정보
음식점,음식점,도쿄쉐프사상점,35.1585237128938,128.98697365618,소상공인시장진흥공단_상가업소정보
생활편의,소매,씨에스전자,35.1682247840956,128.988899790576,소상공인시장진흥공단_상가업소정보
음식점,음식점,보성이모집,35.1411606559942,128.982963955545,소상공인시장진흥공단_상가업소정보
음식점,음식점,고리,35.1387356180792,128.978056099395,소상공인시장진흥공단_상가업소정보
생활편의,소매,베베독,35.1709583928899,128.988165209961,소상공인시장진흥공단_상가업소정보
음식점,음식점,봉구비어,35.1278589247865,128.970279062988,소상공인시장진흥공단_상가업소정보
생활편의,소매,플러스컴퍼니,35.1384943652467,128.977929584523,소상공인시장진흥공단_상가업소정보
생활편의,소매,에스통신,35.1720174630941,128.980179169506,소상공인시장진흥공단_상가업소정보
생활편의,소매,케이제이툴,35.1523527754859,129.004346551105,소상공인시장진흥공단_상가업소정보
생활편의,소매,사상축산,35.1668732867777,128.983939358903,소상공인시장진흥공단_상가업소정보
음식점,음식점,진주네맛집,35.1927619176148,128.992297205918,소상공인시장진흥공단_상가업소정보
음식점,음식점,범프리카의,35.1498000253218,129.012644643146,소상공인시장진흥공단_상가업소정보
생활편의,소매,빅세일잡화,35.1550479752383,128.9818525836,소상공인시장진흥공단_상가업소정보
음식점,음식점,호림다방,35.1712979567614,128.981193370243,소상공인시장진흥공단_상가업소정보
생활편의,소매,착한마트,35.1545891953055,128.973524084997,소상공인시장진흥공단_상가업소정보
음식점,음식점,150그램,35.1281700072774,128.976078317747,소상공인시장진흥공단_상가업소정보
생활편의,소매,한센장애인재가자립회,35.1552777710483,128.980475577375,소상공인시장진흥공단_상가업소정보
생활편의,소매,도톰정육,35.1951015897153,128.994143796585,소상공인시장진흥공단_상가업소정보
음식점,음식점,맛고을,35.1379384159311,128.978311071717,소상공인시장진흥공단_상가업소정보
생활편의,소매,갤러리안경,35.1307314069442,128.972081473207,소상공인시장진흥공단_상가업소정보
음식점,음식점,오구오구,35.1651423187339,128.981230575817,소상공인시장진흥공단_상가업소정보
음식점,음식점,감성커피,35.1471054649186,129.011020291886,소상공인시장진흥공단_상가업소정보
음식점,음식점,BHC모라점,35.1866726788759,128.990490976269,소상공인시장진흥공단_상가업소정보
음식점,음식점,메가커피주례보훈,35.1529676160806,129.004767618117,소상공인시장진흥공단_상가업소정보
음식점,음식점,상상짬뽕,35.1379159907851,128.977476767955,소상공인시장진흥공단_상가업소정보
음식점,음식점,디초코렛커피,35.1464528847826,129.009073227714,소상공인시장진흥공단_상가업소정보
생활편의,소매,더좋은모바일,35.1379384159311,128.978311071717,소상공인시장진흥공단_상가업소정보
음식점,음식점,대박생뒷고기,35.1547741665936,128.97985986424,소상공인시장진흥공단_상가업소정보
생활편의,소매,케이마트,35.1751224563355,128.985380061241,소상공인시장진흥공단_상가업소정보
생활편의,소매,마켓무사상근린공원점,35.1577619792889,128.991651648449,소상공인시장진흥공단_상가업소정보
생활편의,보건의료,자연한의원,35.1558775376865,128.983474759282,소상공인시장진흥공단_상가업소정보
음식점,음식점,진주네,35.1751763612901,128.988685007052,소상공인시장진흥공단_상가업소정보
음식점,음식점,맛고을분식,35.1657571725473,128.983857370525,소상공인시장진흥공단_상가업소정보
음식점,음식점,컴포즈커피괘법점,35.1692931444468,128.979246089531,소상공인시장진흥공단_상가업소정보
음식점,음식점,보배반점사상점,35.1608427439047,128.985691293092,소상공인시장진흥공단_상가업소정보
생활편의,소매,고소영,35.1643345532276,128.977721218153,소상공인시장진흥공단_상가업소정보
생활편의,소매,금사랑,35.1643345532276,128.977721218153,소상공인시장진흥공단_상가업소정보
음식점,음식점,별떡달청,35.1850978569207,128.991451454292,소상공인시장진흥공단_상가업소정보
생활편의,소매,세이프퀴슬부산서비스,35.1927450052433,128.991682031278,소상공인시장진흥공단_상가업소정보
생활편의,소매,사상해수온천매점,35.1587531714545,128.984521213577,소상공인시장진흥공단_상가업소정보
음식점,음식점,전포문구,35.187264341069,128.98079062198,소상공인시장진흥공단_상가업소정보
음식점,음식점,머거스,35.1488676648108,129.011809753907,소상공인시장진흥공단_상가업소정보
생활편의,소매,타파웨어,35.133134457351,128.973379035123,소상공인시장진흥공단_상가업소정보
음식점,음식점,"면,담다",35.1651989427663,128.979421206128,소상공인시장진흥공단_상가업소정보
음식점,음식점,래래반점,35.1729645386856,128.979576552306,소상공인시장진흥공단_상가업소정보
생활편의,소매,신현유통,35.1551248647723,128.997468781526,소상공인시장진흥공단_상가업소정보
생활편의,소매,지에스25학장공단점,35.1485524160016,128.991076042002,소상공인시장진흥공단_상가업소정보
생활편의,문화체육,미소노래연습장,35.1713327697368,128.987867026591,소상공인시장진흥공단_상가업소정보
음식점,음식점,삼성반점,35.1701657737167,128.978235605373,소상공인시장진흥공단_상가업소정보
생활편의,문화체육,자금성노래연습장,35.1497257190437,129.000266326043,소상공인시장진흥공단_상가업소정보
생활편의,소매,삼일텔레콤,35.1718459268826,128.982951707853,소상공인시장진흥공단_상가업소정보
음식점,음식점,오늘은닭,35.167226652538,128.981621356856,소상공인시장진흥공단_상가업소정보
음식점,음식점,이가짬뽕,35.1605499704837,128.985409835911,소상공인시장진흥공단_상가업소정보
생활편의,소매,폰드림,35.1287502977375,128.971989816238,소상공인시장진흥공단_상가업소정보
생활편의,소매,다정식품,35.1543323789271,128.982076623518,소상공인시장진흥공단_상가업소정보
음식점,음식점,현아뒷통구이,35.169894476057,128.981049564924,소상공인시장진흥공단_상가업소정보
생활편의,소매,한영쇼파가구,35.1734172397322,128.98660074828,소상공인시장진흥공단_상가업소정보
음식점,음식점,뒷고기,35.1563705644014,128.98198342823,소상공인시장진흥공단_상가업소정보
생활편의,소매,골목상회,35.188665659609,128.98876126782,소상공인시장진흥공단_상가업소정보
음식점,음식점,제일연탄곱창,35.1545852825926,128.997400724297,소상공인시장진흥공단_상가업소정보
생활편의,보건의료,연세윤내과의원,35.1629601677363,128.984612465139,소상공인시장진흥공단_상가업소정보
음식점,음식점,떡공방형제,35.1631457315728,128.980984606691,소상공인시장진흥공단_상가업소정보
음식점,음식점,사상60년대소금구이,35.1672201892797,128.98201628098,소상공인시장진흥공단_상가업소정보
생활편의,소매,태백,35.1539556957266,128.99020921108,소상공인시장진흥공단_상가업소정보
생활편의,보건의료,사상스마트병원,35.1550682000491,128.990510634804,소상공인시장진흥공단_상가업소정보
음식점,음식점,숙이네식당,35.1458150149087,129.001333581269,소상공인시장진흥공단_상가업소정보
생활편의,문화체육,마스터테니스,35.1603667766057,128.986689286872,소상공인시장진흥공단_상가업소정보
음식점,음식점,허벅지,35.1637809896886,128.984566568577,소상공인시장진흥공단_상가업소정보
음식점,음식점,있돈,35.1508807284257,129.012144598772,소상공인시장진흥공단_상가업소정보
음식점,음식점,해룡노래주점,35.1560811622694,128.978739378438,소상공인시장진흥공단_상가업소정보
생활편의,소매,욱이네반찬,35.1898316193347,128.991292558853,소상공인시장진흥공단_상가업소정보
생활편의,소매,태광가스,35.1947460974598,128.990556227467,소상공인시장진흥공단_상가업소정보
음식점,음식점,김충호과자점,35.167176794082,128.982465180693,소상공인시장진흥공단_상가업소정보
음식점,음식점,다시오마,35.167075633398,128.980937275751,소상공인시장진흥공단_상가업소정보
음식점,음식점,딘,35.1539556957266,128.99020921108,소상공인시장진흥공단_상가업소정보
생활편의,문화체육,큐365당구클럽,35.1894722429404,128.989033410419,소상공인시장진흥공단_상가업소정보
생활편의,소매,지니,35.1643345532276,128.977721218153,소상공인시장진흥공단_상가업소정보
생활편의,소매,세븐일레븐부산삼락공단점,35.1781713623644,128.978594255694,소상공인시장진흥공단_상가업소정보
음식점,음식점,스폐샬,35.1934223497189,128.993235485516,소상공인시장진흥공단_상가업소정보
음식점,음식점,진송추어탕,35.1604929852876,128.983937993611,소상공인시장진흥공단_상가업소정보
생활편의,소매,조이너스사상애플점,35.1631457315728,128.980984606691,소상공인시장진흥공단_상가업소정보
생활편의,소매,건현당맘반찬,35.1392822910068,128.991442621801,소상공인시장진흥공단_상가업소정보
생활편의,소매,거니,35.1643345532276,128.977721218153,소상공인시장진흥공단_상가업소정보
생활편의,문화체육,솔휘트니스,35.1655512184377,128.98322683512,소상공인시장진흥공단_상가업소정보
생활편의,소매,롤로덕포,35.1726614220002,128.981028904776,소상공인시장진흥공단_상가업소정보
음식점,음식점,대궁,35.1636624453284,128.984651479674,소상공인시장진흥공단_상가업소정보
생활편의,소매,씨유감전,35.1410203913761,128.970574339056,소상공인시장진흥공단_상가업소정보
생활편의,소매,웰빙쿡반찬,35.141131307217,128.988602314011,소상공인시장진흥공단_상가업소정보
생활편의,문화체육,동윤,35.1613380131684,128.985714308202,소상공인시장진흥공단_상가업소정보
음식점,음식점,서양,35.1640698385561,128.986186771922,소상공인시장진흥공단_상가업소정보
생활편의,소매,동방에이에스텍,35.159757357537,128.980430562506,소상공인시장진흥공단_상가업소정보
음식점,음식점,부릉엄궁학,35.1306884218539,128.971400322323,소상공인시장진흥공단_상가업소정보
음식점,음식점,만포초장,35.1560512572211,128.984422652308,소상공인시장진흥공단_상가업소정보
음식점,음식점,다이아커피,35.1617068219097,128.986304882438,소상공인시장진흥공단_상가업소정보
음식점,음식점,블레스,35.1874463072943,128.985635980966,소상공인시장진흥공단_상가업소정보
음식점,음식점,멸치국수,35.141131307217,128.988602314011,소상공인시장진흥공단_상가업소정보
음식점,음식점,명랑핫도그사상점,35.1639575375233,128.984241638167,소상공인시장진흥공단_상가업소정보
생활편의,소매,고니스토어,35.1532763745884,128.981074441847,소상공인시장진흥공단_상가업소정보
생활편의,소매,쏭스,35.1643345532276,128.977721218153,소상공인시장진흥공단_상가업소정보
음식점,음식점,한우리밥집,35.1387528021332,128.970366082083,소상공인시장진흥공단_상가업소정보
음식점,음식점,조약돌,35.1631686139894,128.98454071324,소상공인시장진흥공단_상가업소정보
음식점,음식점,미스터스시,35.1639575375233,128.984241638167,소상공인시장진흥공단_상가업소정보
음식점,음식점,김충기꽃삼겹사상점&테트리스찜닭,35.1566277575694,128.983888005215,소상공인시장진흥공단_상가업소정보
생활편의,문화체육,쿠키+PC카페,35.1468583376439,129.010707003336,소상공인시장진흥공단_상가업소정보
음식점,음식점,좋은날소주방,35.1653221053237,128.984560124567,소상공인시장진흥공단_상가업소정보
생활편의,소매,한미열쇠철물공구,35.1663910871535,128.9886136907,소상공인시장진흥공단_상가업소정보
생활편의,소매,현추상사,35.159757357537,128.980430562506,소상공인시장진흥공단_상가업소정보
음식점,음식점,카사노바미인관,35.1501405441545,129.002975625371,소상공인시장진흥공단_상가업소정보
음식점,음식점,황여사한우,35.1646598519238,128.985378063341,소상공인시장진흥공단_상가업소정보
생활편의,소매,편한약국,35.1510466025674,128.990105428777,소상공인시장진흥공단_상가업소정보
음식점,음식점,승승학장점,35.1412378097987,128.983755737544,소상공인시장진흥공단_상가업소정보
생활편의,문화체육,캐슬스크린골프,35.1824985190343,128.981256694718,소상공인시장진흥공단_상가업소정보
음식점,음식점,전원일기,35.1472508548252,129.007688466103,소상공인시장진흥공단_상가업소정보
음식점,음식점,마후닭,35.1502399340472,129.003504724567,소상공인시장진흥공단_상가업소정보
생활편의,소매,웰메이드,35.1293402113626,128.971181337602,소상공인시장진흥공단_상가업소정보
음식점,음식점,산에산에,35.1888666985258,128.99023713567,소상공인시장진흥공단_상가업소정보
음식점,음식점,잡솨봐불막창사상점,35.15886567168,128.987552588258,소상공인시장진흥공단_상가업소정보
음식점,음식점,남해바다장어,35.1563673332064,128.982180864029,소상공인시장진흥공단_상가업소정보
생활편의,소매,천강,35.1482877585532,128.976422078717,소상공인시장진흥공단_상가업소정보
음식점,음식점,하노이김밥,35.1909037859807,128.984721162933,소상공인시장진흥공단_상가업소정보
음식점,음식점,칭구짬뽕,35.1668950262883,128.982611981724,소상공인시장진흥공단_상가업소정보
음식점,음식점,60계부산괘법점,35.1692919688406,128.980420359805,소상공인시장진흥공단_상가업소정보
음식점,음식점,합천일류돼지국밥,35.1619108542859,128.980449860215,소상공인시장진흥공단_상가업소정보
음식점,음식점,샌드마켓,35.1276019633812,128.970009611627,소상공인시장진흥공단_상가업소정보
생활편의,소매,보니,35.1643345532276,128.977721218153,소상공인시장진흥공단_상가업소정보
음식점,음식점,와우김밥나라,35.1920851337944,128.989064182105,소상공인시장진흥공단_상가업소정보
생활편의,소매,디즈니골프,35.1884074532066,128.990763821024,소상공인시장진흥공단_상가업소정보
음식점,음식점,원조덕포꼬리집,35.1692027349288,128.982569244255,소상공인시장진흥공단_상가업소정보
음식점,음식점,화이트비어,35.169894476057,128.981049564924,소상공인시장진흥공단_상가업소정보
생활편의,소매,럭키장식,35.1476995202212,129.001270018077,소상공인시장진흥공단_상가업소정보
생활편의,소매,다육꽃집,35.1347417243629,128.9748439469,소상공인시장진흥공단_상가업소정보
생활편의,소매,서원유통,35.166829884543,128.984388255345,소상공인시장진흥공단_상가업소정보
생활편의,소매,주앤아이,35.1916777994333,128.994104012166,소상공인시장진흥공단_상가업소정보
음식점,음식점,맨투데이코어,35.128082851652,128.976449165169,소상공인시장진흥공단_상가업소정보
음식점,음식점,카페사상로,35.1723914948643,128.983755171138,소상공인시장진흥공단_상가업소정보
음식점,음식점,대구시골생막창,35.1691752575029,128.980944316293,소상공인시장진흥공단_상가업소정보
음식점,음식점,괘내함지박,35.1644292880994,128.990091313447,소상공인시장진흥공단_상가업소정보
생활편의,소매,튀항,35.1722377027248,128.985990362672,소상공인시장진흥공단_상가업소정보
생활편의,소매,애플아울렛앤드지,35.1631457315728,128.980984606691,소상공인시장진흥공단_상가업소정보
생활편의,보건의료,현백의료재단사상고려병원,35.1699190774752,128.982850034713,소상공인시장진흥공단_상가업소정보
음식점,음식점,맛있는고기에솜씨를더하다,35.1499901600858,129.005528438837,소상공인시장진흥공단_상가업소정보
생활편의,소매,필휴계실,35.1530269329195,128.991887329269,소상공인시장진흥공단_상가업소정보
생활편의,소매,신카,35.1535330322168,128.988509131898,소상공인시장진흥공단_상가업소정보
음식점,음식점,딱한잔,35.1282642905881,128.972504620161,소상공인시장진흥공단_상가업소정보
음식점,음식점,정희네식당,35.1550715630814,128.985364462506,소상공인시장진흥공단_상가업소정보
음식점,음식점,브라더스사상점,35.1644302968359,128.9845384516,소상공인시장진흥공단_상가업소정보
음식점,음식점,꼬봉이,35.1721506816724,128.981400641013,소상공인시장진흥공단_상가업소정보
생활편의,문화체육,허리우드당구장,35.1439742842316,128.988342349865,소상공인시장진흥공단_상가업소정보
음식점,음식점,호우초장집,35.156173237873,128.984677994087,소상공인시장진흥공단_상가업소정보
음식점,음식점,태림생삼겹살,35.1656149062752,128.981538346719,소상공인시장진흥공단_상가업소정보
생활편의,소매,케이에이치메이저스포츠,35.1552441887524,129.001158567076,소상공인시장진흥공단_상가업소정보
음식점,음식점,약속다방,35.1927823633432,128.986117149265,소상공인시장진흥공단_상가업소정보
음식점,음식점,둘리포차,35.1705886771725,128.981582230765,소상공인시장진흥공단_상가업소정보
생활편의,보건의료,속편한희망내과의원,35.1302054507763,128.971728732883,소상공인시장진흥공단_상가업소정보
음식점,음식점,만취,35.1499358748244,129.012604101201,소상공인시장진흥공단_상가업소정보
음식점,음식점,형제분식,35.1608058561599,128.988488663425,소상공인시장진흥공단_상가업소정보
음식점,음식점,디티에이치푸드,35.150524597453,129.011883468559,소상공인시장진흥공단_상가업소정보
음식점,음식점,유림다방,35.1674070552877,128.982712210082,소상공인시장진흥공단_상가업소정보
음식점,음식점,미소호프,35.1610726240531,128.985411567573,소상공인시장진흥공단_상가업소정보
음식점,음식점,오늘은포차,35.1489096860899,129.00111313439,소상공인시장진흥공단_상가업소정보
음식점,음식점,양평칼국수,35.1463763358654,128.994073136337,소상공인시장진흥공단_상가업소정보
생활편의,문화체육,이루리스터디카페학장점,35.140069657179,128.981346718189,소상공인시장진흥공단_상가업소정보
음식점,음식점,술마시는보이스노래방,35.1639489088645,128.98476818173,소상공인시장진흥공단_상가업소정보
음식점,음식점,블루샥사상점,35.1618538581794,128.982281094451,소상공인시장진흥공단_상가업소정보
음식점,음식점,즉석국수,35.1721087613642,128.979555801331,소상공인시장진흥공단_상가업소정보
음식점,음식점,헬로우커피,35.1701109576057,128.97993538155,소상공인시장진흥공단_상가업소정보
음식점,음식점,정다옥설렁탕,35.1269502220037,128.965748873396,소상공인시장진흥공단_상가업소정보
음식점,음식점,스지,35.1661695482976,128.983439390405,소상공인시장진흥공단_상가업소정보
생활편의,소매,싱싱과일장터,35.1261605133016,128.976622083929,소상공인시장진흥공단_상가업소정보
음식점,음식점,캔디,35.1654478395614,128.984036417349,소상공인시장진흥공단_상가업소정보
생활편의,소매,좋은부산요양병원편의점,35.1337403210781,128.996353792003,소상공인시장진흥공단_상가업소정보
음식점,음식점,카페이띠,35.1469795343414,129.011006221008,소상공인시장진흥공단_상가업소정보
생활편의,소매,신라대학교총동창회,35.1686268558901,129.003868002618,소상공인시장진흥공단_상가업소정보
생활편의,보건의료,참좋은정형외과의원,35.1858671691341,128.990701842583,소상공인시장진흥공단_상가업소정보
생활편의,소매,씨유주례칼리지점,35.1485545472357,129.012756599079,소상공인시장진흥공단_상가업소정보
생활편의,소매,씨유삼,35.1501529056223,129.007671996936,소상공인시장진흥공단_상가업소정보
음식점,음식점,텐퍼센트커피,35.1550682000491,128.990510634804,소상공인시장진흥공단_상가업소정보
생활편의,소매,브이.V.I.P,35.1643345532276,128.977721218153,소상공인시장진흥공단_상가업소정보
음식점,음식점,알라딘,35.1427958330228,128.988214938625,소상공인시장진흥공단_상가업소정보
생활편의,소매,전자담배,35.1539340321876,129.016038268804,소상공인시장진흥공단_상가업소정보
음식점,음식점,지코바숯불양념치킨,35.1498978260464,129.006206441837,소상공인시장진흥공단_상가업소정보
음식점,음식점,정아네분식,35.1550518072289,128.979965348649,소상공인시장진흥공단_상가업소정보
생활편의,소매,길축산,35.1707243971099,128.982650094268,소상공인시장진흥공단_상가업소정보
생활편의,소매,아시아마트,35.1719481259748,128.980561616617,소상공인시장진흥공단_상가업소정보
음식점,음식점,하삼동커피덕포점,35.1726148088728,128.988820159025,소상공인시장진흥공단_상가업소정보
음식점,음식점,파리바게뜨주례동일점,35.1542040092943,128.998115599284,소상공인시장진흥공단_상가업소정보
음식점,음식점,낮에는보리밥,35.1557934344771,128.98420790348,소상공인시장진흥공단_상가업소정보
생활편의,소매,세리,35.1643345532276,128.977721218153,소상공인시장진흥공단_상가업소정보
음식점,음식점,로뎀국수칼국수,35.1487699324823,129.012268168278,소상공인시장진흥공단_상가업소정보
생활편의,소매,디어애플,35.1630996485571,128.981598028285,소상공인시장진흥공단_상가업소정보
생활편의,소매,켈리컴퍼니,35.1631457315728,128.980984606691,소상공인시장진흥공단_상가업소정보
음식점,음식점,가연,35.1697145558574,128.982131705351,소상공인시장진흥공단_상가업소정보
음식점,음식점,덕포오뎅,35.1722620990096,128.982852064876,소상공인시장진흥공단_상가업소정보
음식점,음식점,호포장어마을,35.1622592226658,128.979536508104,소상공인시장진흥공단_상가업소정보
음식점,음식점,소대장,35.1606999936422,128.983953995628,소상공인시장진흥공단_상가업소정보
음식점,음식점,수연,35.1671005977886,128.982715743179,소상공인시장진흥공단_상가업소정보
음식점,음식점,일미정,35.1544198541168,128.98388924915,소상공인시장진흥공단_상가업소정보
생활편의,소매,우리공조누수,35.1814069048911,128.990121055277,소상공인시장진흥공단_상가업소정보
음식점,음식점,베트남가라오케,35.1639451141175,128.984449842787,소상공인시장진흥공단_상가업소정보
음식점,음식점,캡틴룸가요방,35.1615966817812,128.980925085366,소상공인시장진흥공단_상가업소정보
음식점,음식점,대식가2900신모라점,35.1861660716647,128.990061491695,소상공인시장진흥공단_상가업소정보
생활편의,소매,삼락중고타이어,35.1559742771993,128.974797493094,소상공인시장진흥공단_상가업소정보
생활편의,소매,GS25괘법세롬점,35.1590261512395,128.985460581821,소상공인시장진흥공단_상가업소정보
생활편의,소매,해바라기통신,35.1693882862828,128.982244506955,소상공인시장진흥공단_상가업소정보
생활편의,문화체육,대박로또,35.1746051649002,128.983951645756,소상공인시장진흥공단_상가업소정보
생활편의,소매,밀양슈퍼,35.1901954218989,128.987799600756,소상공인시장진흥공단_상가업소정보
생활편의,소매,비케이모바일,35.1639523036715,128.984011056435,소상공인시장진흥공단_상가업소정보
생활편의,문화체육,세븐스타코인노래연습장부산동서대점,35.1501929396372,129.011776552823,소상공인시장진흥공단_상가업소정보
음식점,음식점,불티,35.1658748178803,128.983827305819,소상공인시장진흥공단_상가업소정보
음식점,음식점,에티커피,35.1487446531709,129.002919462882,소상공인시장진흥공단_상가업소정보
생활편의,소매,키드짱,35.1643345532276,128.977721218153,소상공인시장진흥공단_상가업소정보
생활편의,소매,루시,35.1631457315728,128.980984606691,소상공인시장진흥공단_상가업소정보
음식점,음식점,돈사랑,35.1663084679473,128.983761020754,소상공인시장진흥공단_상가업소정보
음식점,음식점,오케이꽈배기,35.1916586183457,128.991984840085,소상공인시장진흥공단_상가업소정보
음식점,음식점,꼬망2,35.1466754444885,129.008694691945,소상공인시장진흥공단_상가업소정보
생활편의,소매,더블유,35.1643345532276,128.977721218153,소상공인시장진흥공단_상가업소정보
음식점,음식점,또뽀끼야,35.1384085090905,128.978772243629,소상공인시장진흥공단_상가업소정보
생활편의,소매,안경본데이,35.1890285104823,128.988067559394,소상공인시장진흥공단_상가업소정보
생활편의,소매,블랙스토어,35.1643345532276,128.977721218153,소상공인시장진흥공단_상가업소정보
생활편의,소매,나희상회,35.1711243198755,128.981891556476,소상공인시장진흥공단_상가업소정보
음식점,음식점,옛날강정,35.1712310099836,128.98253069703,소상공인시장진흥공단_상가업소정보
음식점,음식점,황금왕족발,35.1692919688406,128.980420359805,소상공인시장진흥공단_상가업소정보
음식점,음식점,대풍,35.1493720132556,129.012370772095,소상공인시장진흥공단_상가업소정보
음식점,음식점,향카롱,35.1672140212421,128.981291816165,소상공인시장진흥공단_상가업소정보
음식점,음식점,재팬카페,35.1461353881176,129.007024708599,소상공인시장진흥공단_상가업소정보
음식점,음식점,트리플에이모라점,35.1918474054924,128.992560293585,소상공인시장진흥공단_상가업소정보
음식점,음식점,냉정종가김치찜,35.1475585110826,129.01032924892,소상공인시장진흥공단_상가업소정보
음식점,음식점,진가왕칼국수,35.1725492269033,128.981827371089,소상공인시장진흥공단_상가업소정보
음식점,음식점,미소식당,35.1874473957722,128.986119003627,소상공인시장진흥공단_상가업소정보
음식점,음식점,아마존,35.1319584010656,128.97254985784,소상공인시장진흥공단_상가업소정보
음식점,음식점,한가족식당,35.1452845879071,128.982625157474,소상공인시장진흥공단_상가업소정보
음식점,음식점,떡공방형제,35.1860057441239,128.981155240824,소상공인시장진흥공단_상가업소정보
음식점,음식점,나혼자아구찜,35.1285066312601,128.97145741412,소상공인시장진흥공단_상가업소정보
음식점,음식점,수유리혼밥왕부산,35.150394395431,129.011584014662,소상공인시장진흥공단_상가업소정보
음식점,음식점,대물개2,35.1497442307981,129.013290619744,소상공인시장진흥공단_상가업소정보
생활편의,소매,신명골프샵,35.1582229936534,128.977265978579,소상공인시장진흥공단_상가업소정보
생활편의,소매,폴햄키즈,35.1631457315728,128.980984606691,소상공인시장진흥공단_상가업소정보
음식점,음식점,석이네생아구찜,35.1581108947538,128.984670207417,소상공인시장진흥공단_상가업소정보
음식점,음식점,주례왕노가리,35.1496541629654,129.004049935966,소상공인시장진흥공단_상가업소정보
음식점,음식점,커피에반하다,35.1413628470869,128.983824598297,소상공인시장진흥공단_상가업소정보
음식점,음식점,수아맥주,35.1921418045941,128.992194238994,소상공인시장진흥공단_상가업소정보
음식점,음식점,미소가머무는곳,35.1671990185656,128.983859477428,소상공인시장진흥공단_상가업소정보
음식점,음식점,원조시골대패삼겹살,35.1661457817864,128.983789991457,소상공인시장진흥공단_상가업소정보
생활편의,소매,부산수족관,35.1581046580845,128.987248766328,소상공인시장진흥공단_상가업소정보
음식점,음식점,어가스시,35.186229868671,128.987274885724,소상공인시장진흥공단_상가업소정보
생활편의,소매,도로시펫고양이,35.1507267985193,129.009474566319,소상공인시장진흥공단_상가업소정보
음식점,음식점,불스떡볶이,35.1461745485684,129.005204387117,소상공인시장진흥공단_상가업소정보
생활편의,소매,라인업글로벌,35.1643345532276,128.977721218153,소상공인시장진흥공단_상가업소정보
음식점,음식점,브뤼트,35.1697139965727,128.990406688866,소상공인시장진흥공단_상가업소정보
생활편의,문화체육,트랜스바디짐,35.1413403659313,128.984646876573,소상공인시장진흥공단_상가업소정보
음식점,음식점,올레하우스,35.1542567465172,129.004195756136,소상공인시장진흥공단_상가업소정보
생활편의,소매,지쎄,35.1643345532276,128.977721218153,소상공인시장진흥공단_상가업소정보
음식점,음식점,송도푸드,35.1561219247918,128.981757935918,소상공인시장진흥공단_상가업소정보
음식점,음식점,"한밥구내식당,리틀커피",35.1546532469759,128.98614433571,소상공인시장진흥공단_상가업소정보
음식점,음식점,소야리,35.1888947176754,128.992916296922,소상공인시장진흥공단_상가업소정보
음식점,음식점,메타코,35.1458150149087,129.001333581269,소상공인시장진흥공단_상가업소정보
생활편의,문화체육,다옴도예공방,35.1493048738394,129.000102415113,소상공인시장진흥공단_상가업소정보
음식점,음식점,명품수제왕돈까스,35.1636487433211,128.984387771042,소상공인시장진흥공단_상가업소정보
생활편의,소매,로사,35.1643345532276,128.977721218153,소상공인시장진흥공단_상가업소정보
음식점,음식점,이도명가,35.1683579942625,128.983525474128,소상공인시장진흥공단_상가업소정보
음식점,음식점,우미,35.1637680437809,128.985356381976,소상공인시장진흥공단_상가업소정보
생활편의,문화체육,시디당구클럽,35.1627753300522,128.984893293903,소상공인시장진흥공단_상가업소정보
음식점,음식점,합천돼지국밥,35.1720258367164,128.986270561548,소상공인시장진흥공단_상가업소정보
음식점,음식점,길벗육개장,35.1558772462749,128.985142639099,소상공인시장진흥공단_상가업소정보
음식점,음식점,거기,35.1611135633384,128.987311002465,소상공인시장진흥공단_상가업소정보
생활편의,소매,이마트24사상공구,35.1613049732297,128.980577826035,소상공인시장진흥공단_상가업소정보
생활편의,소매,지에스25사상감전점,35.1413722494204,128.970549909223,소상공인시장진흥공단_상가업소정보
음식점,음식점,샌드당,35.1683579942625,128.983525474128,소상공인시장진흥공단_상가업소정보
생활편의,소매,대한약국,35.1711818376933,128.982781928034,소상공인시장진흥공단_상가업소정보
생활편의,소매,대원에너지산업,35.1844174352268,128.987340513636,소상공인시장진흥공단_상가업소정보
음식점,음식점,나라횟집수산,35.1712394200004,128.981466325078,소상공인시장진흥공단_상가업소정보
생활편의,소매,"익호쌀상회,새길세탁소",35.1839386195113,128.993442876188,소상공인시장진흥공단_상가업소정보
음식점,음식점,소문난횟집,35.1733197784063,128.989792182505,소상공인시장진흥공단_상가업소정보
생활편의,소매,다팜스,35.1731797687984,128.991182627179,소상공인시장진흥공단_상가업소정보
생활편의,보건의료,바른언어청각심리센터,35.1284576572448,128.969481761909,소상공인시장진흥공단_상가업소정보
음식점,음식점,태양횟집,35.1870207656305,128.985757350639,소상공인시장진흥공단_상가업소정보
음식점,음식점,1인한식당주례,35.1530206525639,129.011352420854,소상공인시장진흥공단_상가업소정보
음식점,음식점,학생식당,35.1469279383305,129.011399931552,소상공인시장진흥공단_상가업소정보
생활편의,소매,농축산365일할인마트,35.1723904364075,128.984369754513,소상공인시장진흥공단_상가업소정보
생활편의,문화체육,스펀지실내낚시까페,35.1713528132187,128.98279705544,소상공인시장진흥공단_상가업소정보
음식점,음식점,카지노노래주점,35.1500009344436,129.00106305579,소상공인시장진흥공단_상가업소정보
생활편의,소매,모리,35.1643345532276,128.977721218153,소상공인시장진흥공단_상가업소정보
생활편의,소매,아시아마트,35.1722191910554,128.979415802047,소상공인시장진흥공단_상가업소정보
생활편의,소매,드림메드,35.1324688790333,128.996948022732,소상공인시장진흥공단_상가업소정보
음식점,음식점,소담,35.1884505486986,128.98704356308,소상공인시장진흥공단_상가업소정보
생활편의,소매,전국열쇠사상점,35.1286093546013,128.96846526974,소상공인시장진흥공단_상가업소정보
음식점,음식점,고향왕갈비감자탕,35.1494935816426,129.001226183013,소상공인시장진흥공단_상가업소정보
음식점,음식점,신JMT닭꼬치사상점,35.1690781758615,128.98136997511,소상공인시장진흥공단_상가업소정보
생활편의,소매,멀티25시슈퍼,35.1864974075547,128.986897204748,소상공인시장진흥공단_상가업소정보
음식점,음식점,신세계푸드블랑제리사상점,35.1642343045877,128.978893016647,소상공인시장진흥공단_상가업소정보
음식점,음식점,후야쿠시,35.1504218652035,129.012100381747,소상공인시장진흥공단_상가업소정보
생활편의,소매,옛날과자,35.147332000112,129.001151299495,소상공인시장진흥공단_상가업소정보
음식점,음식점,미미닭꼬치,35.1935297238839,128.993282021125,소상공인시장진흥공단_상가업소정보
생활편의,소매,유라인,35.1643345532276,128.977721218153,소상공인시장진흥공단_상가업소정보
음식점,음식점,역전할머니맥주부산모라점,35.1861363417608,128.990225421603,소상공인시장진흥공단_상가업소정보
음식점,음식점,부성옥,35.1473697133154,129.000504889316,소상공인시장진흥공단_상가업소정보
음식점,음식점,일점오커피,35.1474403618309,129.013102193271,소상공인시장진흥공단_상가업소정보
생활편의,문화체육,에이치포스포츠,35.1906120741919,128.991509204999,소상공인시장진흥공단_상가업소정보
생활편의,소매,위니아딤채북부산프라자,35.1657418272813,128.983143670239,소상공인시장진흥공단_상가업소정보
음식점,음식점,삼겹시대,35.1640912221073,128.984332678761,소상공인시장진흥공단_상가업소정보
음식점,음식점,꿀단지,35.1634294913557,128.984569000673,소상공인시장진흥공단_상가업소정보
생활편의,소매,로뎀약국,35.1556437861655,128.986190364663,소상공인시장진흥공단_상가업소정보
음식점,음식점,토담참숯닭갈비,35.1649255838897,128.981258239953,소상공인시장진흥공단_상가업소정보
생활편의,소매,씨유엄궁공단점,35.1269502220037,128.965748873396,소상공인시장진흥공단_상가업소정보
생활편의,소매,태흔IT,35.1909037859807,128.984721162933,소상공인시장진흥공단_상가업소정보
생활편의,소매,유니크,35.1643345532276,128.977721218153,소상공인시장진흥공단_상가업소정보
음식점,음식점,원조국민포차,35.1499358748244,129.012604101201,소상공인시장진흥공단_상가업소정보
생활편의,소매,세종기술,35.1362110462894,128.97702962327,소상공인시장진흥공단_상가업소정보
생활편의,소매,뉴삼성빅마트,35.1366628826388,128.992355168113,소상공인시장진흥공단_상가업소정보
생활편의,소매,디스커버리애플점선진레포츠,35.1631457315728,128.980984606691,소상공인시장진흥공단_상가업소정보
음식점,음식점,곱선사상점,35.1633830305276,128.985204360629,소상공인시장진흥공단_상가업소정보
음식점,음식점,기장산곰장어,35.1749213846774,128.98500200384,소상공인시장진흥공단_상가업소정보
생활편의,소매,사상허시파피,35.1286093546013,128.96846526974,소상공인시장진흥공단_상가업소정보
생활편의,소매,발디오,35.1643345532276,128.977721218153,소상공인시장진흥공단_상가업소정보
음식점,음식점,아웃닭냉정점,35.1502343361981,129.011997014485,소상공인시장진흥공단_상가업소정보
음식점,음식점,배스킨라빈스사상,35.1642343045877,128.978893016647,소상공인시장진흥공단_상가업소정보
생활편의,소매,세븐일레븐부산주례냉정점,35.1495143499385,129.010311537371,소상공인시장진흥공단_상가업소정보
음식점,음식점,고엔,35.1617068219097,128.986304882438,소상공인시장진흥공단_상가업소정보
생활편의,소매,행운도야지,35.1714449593935,128.98102133689,소상공인시장진흥공단_상가업소정보
음식점,음식점,행복한새밭마을팔방미인협동조합,35.1382137999098,128.977451060662,소상공인시장진흥공단_상가업소정보
생활편의,소매,스피드키,35.1532763745884,128.981074441847,소상공인시장진흥공단_상가업소정보
생활편의,소매,씨유학장중앙,35.1447575710183,128.985640490617,소상공인시장진흥공단_상가업소정보
생활편의,소매,사상종합건재철물,35.1671990185656,128.983859477428,소상공인시장진흥공단_상가업소정보
음식점,음식점,탕화쿵푸마라탕,35.1631686139894,128.98454071324,소상공인시장진흥공단_상가업소정보
음식점,음식점,티엠뮤직타운,35.1633830305276,128.985204360629,소상공인시장진흥공단_상가업소정보
음식점,음식점,파란,35.1565027841018,128.985465085397,소상공인시장진흥공단_상가업소정보
생활편의,소매,동해수산,35.190446515969,128.991164858687,소상공인시장진흥공단_상가업소정보
생활편의,소매,세븐부산모라베스트점,35.1920882059184,128.987230963438,소상공인시장진흥공단_상가업소정보
음식점,음식점,포플러협동조합,35.1579219654994,128.986849286058,소상공인시장진흥공단_상가업소정보
음식점,음식점,통큰노가리학장점,35.1407599914337,128.988713959692,소상공인시장진흥공단_상가업소정보
생활편의,문화체육,아카데미프라자스터디카페학장센터,35.1401573008679,128.98259951758,소상공인시장진흥공단_상가업소정보
음식점,음식점,일구칠칠,35.156071709984,128.98262358241,소상공인시장진흥공단_상가업소정보
생활편의,소매,티파니,35.1487446531709,129.002919462882,소상공인시장진흥공단_상가업소정보
생활편의,소매,슈올즈사상점,35.1673480992416,128.981909640907,소상공인시장진흥공단_상가업소정보
음식점,음식점,마라유혹,35.1493392339988,129.01325869647,소상공인시장진흥공단_상가업소정보
음식점,음식점,쓰리고돈까스,35.1704627091686,128.981019453031,소상공인시장진흥공단_상가업소정보
음식점,음식점,엘리키친,35.1662973242192,128.984441159253,소상공인시장진흥공단_상가업소정보
생활편의,소매,동은디씨,35.1629601677363,128.984612465139,소상공인시장진흥공단_상가업소정보
생활편의,문화체육,비허밍스터디카페부산학장점,35.1404025504934,128.989078271581,소상공인시장진흥공단_상가업소정보
생활편의,소매,제이에스,35.1241728360317,128.971956219965,소상공인시장진흥공단_상가업소정보
생활편의,소매,어여쁜래쉬,35.1865757747409,128.986514915714,소상공인시장진흥공단_상가업소정보
음식점,음식점,동호수산,35.1282165719441,128.96934432434,소상공인시장진흥공단_상가업소정보
음식점,음식점,칠칠켄터키모라점,35.1866586313737,128.990249138056,소상공인시장진흥공단_상가업소정보
생활편의,소매,세인트돌,35.1643345532276,128.977721218153,소상공인시장진흥공단_상가업소정보
생활편의,소매,뮤즈,35.1282642905881,128.972504620161,소상공인시장진흥공단_상가업소정보
생활편의,소매,남경에너지,35.1556228186776,128.978662438532,소상공인시장진흥공단_상가업소정보
음식점,음식점,배떡,35.1370704092017,128.976830998245,소상공인시장진흥공단_상가업소정보
생활편의,소매,행복장터,35.1627236515957,128.985846763581,소상공인시장진흥공단_상가업소정보
음식점,음식점,맛집국수규랑,35.1702707553115,128.982836625873,소상공인시장진흥공단_상가업소정보
음식점,음식점,대박명품찹쌀꽈배기,35.1703802324477,128.981653995898,소상공인시장진흥공단_상가업소정보
생활편의,소매,삼성골프,35.1511525178457,129.0071698921,소상공인시장진흥공단_상가업소정보
음식점,음식점,이디야커피모라점,35.1884735269338,128.992225415616,소상공인시장진흥공단_상가업소정보
음식점,음식점,궁물,35.1546236665234,128.997259017154,소상공인시장진흥공단_상가업소정보
음식점,음식점,옥이식당,35.1754563781485,128.982600386743,소상공인시장진흥공단_상가업소정보
음식점,음식점,청탁,35.1663900805827,128.983730080381,소상공인시장진흥공단_상가업소정보
음식점,음식점,가야푸드,35.1523140066227,128.996873379205,소상공인시장진흥공단_상가업소정보
음식점,음식점,현대호프,35.1941640566988,128.993615885618,소상공인시장진흥공단_상가업소정보
음식점,음식점,해창호,35.1411606559942,128.982963955545,소상공인시장진흥공단_상가업소정보
음식점,음식점,맘스터치,35.1884735269338,128.992225415616,소상공인시장진흥공단_상가업소정보
생활편의,소매,씨유모라리버빌점,35.1900094838472,128.989244103683,소상공인시장진흥공단_상가업소정보
음식점,음식점,대원식당,35.1388770525036,128.974910939052,소상공인시장진흥공단_상가업소정보
생활편의,문화체육,우성볼링스포츠,35.1564938349264,128.988756772887,소상공인시장진흥공단_상가업소정보
음식점,음식점,달콤한상상,35.1697717714307,128.980838066118,소상공인시장진흥공단_상가업소정보
생활편의,문화체육,스타킹,35.1614567380396,128.985618431622,소상공인시장진흥공단_상가업소정보
음식점,음식점,물텀벙이밥집,35.1573069067576,128.979833465649,소상공인시장진흥공단_상가업소정보
생활편의,소매,무병장수,35.166412666074,128.985651141451,소상공인시장진흥공단_상가업소정보
음식점,음식점,하와이노래주점,35.1640750231973,128.984771246837,소상공인시장진흥공단_상가업소정보
음식점,음식점,오륙도낙지,35.1617068219097,128.986304882438,소상공인시장진흥공단_상가업소정보
음식점,음식점,처가집밥상,35.1445862922087,128.987841583713,소상공인시장진흥공단_상가업소정보
생활편의,소매,사계절할인마트,35.126813502077,128.973050985989,소상공인시장진흥공단_상가업소정보
생활편의,소매,좋은기름나라새사상셀프주유소지점,35.1549682497265,128.983419762923,소상공인시장진흥공단_상가업소정보
음식점,음식점,메가커피학장점,35.1388212757465,128.978880971768,소상공인시장진흥공단_상가업소정보
음식점,음식점,린가라오케주점,35.1635577819783,128.984989129242,소상공인시장진흥공단_상가업소정보
음식점,음식점,스토리바,35.1636523916891,128.985814477637,소상공인시장진흥공단_상가업소정보
생활편의,소매,허쉬허쉬,35.1281832730778,128.974159021537,소상공인시장진흥공단_상가업소정보
음식점,음식점,피자비토랩주례,35.1503530589421,129.006469979145,소상공인시장진흥공단_상가업소정보
생활편의,소매,세븐일레븐부산엄궁초점,35.1289694612894,128.975132335082,소상공인시장진흥공단_상가업소정보
음식점,음식점,속초중앙시장해물짬뽕&홍대쌀국수,35.1642343045877,128.978893016647,소상공인시장진흥공단_상가업소정보
음식점,음식점,공란상회,35.1882620511222,128.984250739217,소상공인시장진흥공단_상가업소정보
음식점,음식점,드림유커피,35.1501529056223,129.007671996936,소상공인시장진흥공단_상가업소정보
음식점,음식점,궁정노래주점,35.1725184314339,128.982057102376,소상공인시장진흥공단_상가업소정보
생활편의,소매,한큐피싱,35.150050592817,128.993680030484,소상공인시장진흥공단_상가업소정보
음식점,음식점,정암다방,35.189670376116,128.991233735953,소상공인시장진흥공단_상가업소정보
음식점,음식점,파리바게뜨구덕우성점,35.1415116367689,128.989039436629,소상공인시장진흥공단_상가업소정보
생활편의,소매,정원플라워,35.1755352416031,128.989330333598,소상공인시장진흥공단_상가업소정보
생활편의,소매,사상메트로약국,35.1624641791146,128.98463333359,소상공인시장진흥공단_상가업소정보
생활편의,소매,에스쏠레지아,35.1631457315728,128.980984606691,소상공인시장진흥공단_상가업소정보
생활편의,소매,콜핑홈플러스서,35.1643345532276,128.977721218153,소상공인시장진흥공단_상가업소정보
생활편의,소매,오박사닷컴,35.1906120741919,128.991509204999,소상공인시장진흥공단_상가업소정보
생활편의,소매,제이와이비젼명성주유소,35.1505990779548,128.989918972688,소상공인시장진흥공단_상가업소정보
음식점,음식점,3대서가,35.1565249413721,128.979156130731,소상공인시장진흥공단_상가업소정보
생활편의,소매,보물단지,35.1643345532276,128.977721218153,소상공인시장진흥공단_상가업소정보
음식점,음식점,제일반점,35.1696059611568,128.979956059708,소상공인시장진흥공단_상가업소정보
생활편의,소매,위닉스부산,35.1737647875496,128.988485989039,소상공인시장진흥공단_상가업소정보
생활편의,소매,아이스크림할인점학장우성점,35.1405104547402,128.987994781904,소상공인시장진흥공단_상가업소정보
생활편의,소매,올포유부산사상점,35.1668575279531,128.982150145547,소상공인시장진흥공단_상가업소정보
음식점,음식점,삼보식당,35.1520543624135,128.985258222482,소상공인시장진흥공단_상가업소정보
음식점,음식점,우리떡방,35.1915074462538,128.992409279845,소상공인시장진흥공단_상가업소정보
음식점,음식점,지디알학장,35.1408945572532,128.987653054934,소상공인시장진흥공단_상가업소정보
음식점,음식점,성예,35.1724756603977,128.980815868641,소상공인시장진흥공단_상가업소정보
생활편의,소매,에이치엠솔루션,35.1532763745884,128.981074441847,소상공인시장진흥공단_상가업소정보
음식점,음식점,아방궁,35.1478383067293,129.010303217204,소상공인시장진흥공단_상가업소정보
음식점,음식점,금화,35.1508684751904,128.998187634063,소상공인시장진흥공단_상가업소정보
음식점,음식점,"큰사람유통장수촌24시순대,돼지국밥",35.1714850075723,128.987925608569,소상공인시장진흥공단_상가업소정보
음식점,음식점,소주카페,35.1393393228384,128.979716318108,소상공인시장진흥공단_상가업소정보
생활편의,소매,더홀릭,35.1643345532276,128.977721218153,소상공인시장진흥공단_상가업소정보
생활편의,문화체육,금샘,35.1689488611387,128.982113116929,소상공인시장진흥공단_상가업소정보
음식점,음식점,한우의맛,35.131809414127,128.967302728938,소상공인시장진흥공단_상가업소정보
생활편의,문화체육,더싸이무인스터디카페,35.1289694612894,128.975132335082,소상공인시장진흥공단_상가업소정보
생활편의,소매,사상제일요양병원매점,35.1697583675248,128.982758333239,소상공인시장진흥공단_상가업소정보
생활편의,소매,휴베이스건강약국,35.1515656513304,128.990326546433,소상공인시장진흥공단_상가업소정보
음식점,음식점,미르,35.1551974538091,128.980978381602,소상공인시장진흥공단_상가업소정보
음식점,음식점,케이크구나,35.1495258721179,129.004178453832,소상공인시장진흥공단_상가업소정보
생활편의,소매,고려통신,35.1629601677363,128.984612465139,소상공인시장진흥공단_상가업소정보
생활편의,문화체육,힐링노래이야기노래연습장,35.185081406531,128.992998789057,소상공인시장진흥공단_상가업소정보
음식점,음식점,쉐프윤찹쌀꽈배기사상점,35.1671355786064,128.983331162199,소상공인시장진흥공단_상가업소정보
음식점,음식점,태영식육식당,35.1553088774954,128.986829620414,소상공인시장진흥공단_상가업소정보
음식점,음식점,뜰마루생아구찜,35.188789401919,128.990553593456,소상공인시장진흥공단_상가업소정보
생활편의,문화체육,펫브로,35.1570753336469,128.985171755169,소상공인시장진흥공단_상가업소정보
음식점,음식점,유명손칼국수,35.1285144810658,128.970974954524,소상공인시장진흥공단_상가업소정보
생활편의,소매,세븐부산모라화인점,35.190453813443,128.993459350229,소상공인시장진흥공단_상가업소정보
생활편의,소매,미시,35.1372845009194,128.97917288247,소상공인시장진흥공단_상가업소정보
음식점,음식점,탄닭불난닭,35.1653660471269,128.984078326951,소상공인시장진흥공단_상가업소정보
음식점,음식점,양자강,35.1372845009194,128.97917288247,소상공인시장진흥공단_상가업소정보
생활편의,소매,한아름할인마트,35.1248015608605,128.975404610233,소상공인시장진흥공단_상가업소정보
생활편의,소매,좋은삼선병원장례식장매점,35.1501529056223,129.007671996936,소상공인시장진흥공단_상가업소정보
생활편의,소매,꾸미,35.1903690362676,128.991492294691,소상공인시장진흥공단_상가업소정보
음식점,음식점,아림커피숍,35.1555001442623,128.981205179764,소상공인시장진흥공단_상가업소정보
음식점,음식점,도리원,35.1240828782779,128.967511727378,소상공인시장진흥공단_상가업소정보
음식점,음식점,깡통시장바리스타,35.1278804607333,128.974491756304,소상공인시장진흥공단_상가업소정보
생활편의,소매,황제약국,35.1705728748302,128.982547640384,소상공인시장진흥공단_상가업소정보
생활편의,문화체육,스톤당구클럽,35.1510029096407,129.012926635478,소상공인시장진흥공단_상가업소정보
음식점,음식점,피자오르새,35.1591653689403,128.984114240063,소상공인시장진흥공단_상가업소정보
생활편의,문화체육,브이아이피당구장,35.1569690512095,128.985608095589,소상공인시장진흥공단_상가업소정보
음식점,음식점,가얏골감자탕,35.1410129638281,128.983728338407,소상공인시장진흥공단_상가업소정보
생활편의,소매,에고이스트,35.1631457315728,128.980984606691,소상공인시장진흥공단_상가업소정보
음식점,음식점,만리성,35.158684882267,128.98098614497,소상공인시장진흥공단_상가업소정보
생활편의,소매,세이프디포,35.159757357537,128.980430562506,소상공인시장진흥공단_상가업소정보
음식점,음식점,굿투씨유,35.1475398147763,129.013082699916,소상공인시장진흥공단_상가업소정보
음식점,음식점,대중화반점,35.1851543501116,128.993494529358,소상공인시장진흥공단_상가업소정보
생활편의,문화체육,하이런당구클럽,35.1302935565824,128.972959444657,소상공인시장진흥공단_상가업소정보
음식점,음식점,오늘김해생뒷고기,35.1645227345231,128.984946739778,소상공인시장진흥공단_상가업소정보
생활편의,소매,가인아이스크림,35.1493970366653,129.004339874012,소상공인시장진흥공단_상가업소정보
생활편의,소매,크로커다일,35.1631457315728,128.980984606691,소상공인시장진흥공단_상가업소정보
생활편의,보건의료,강림요양병원,35.1312779591206,128.972829622825,소상공인시장진흥공단_상가업소정보
생활편의,소매,제이요니,35.1643345532276,128.977721218153,소상공인시장진흥공단_상가업소정보
음식점,음식점,밥을짓다,35.1519614694052,128.990369106256,소상공인시장진흥공단_상가업소정보
생활편의,소매,제이룩,35.1536493935518,129.011477626429,소상공인시장진흥공단_상가업소정보
음식점,음식점,카페아이엔지신라대공학관점,35.1686268558901,129.003868002618,소상공인시장진흥공단_상가업소정보
음식점,음식점,삼진식당,35.1520150518583,128.984357528856,소상공인시장진흥공단_상가업소정보
생활편의,소매,타파웨어,35.1663573251619,128.984629181351,소상공인시장진흥공단_상가업소정보
음식점,음식점,국수랑죽이랑,35.1372845009194,128.97917288247,소상공인시장진흥공단_상가업소정보
생활편의,소매,다비치안경사상초교옆점,35.1665680378512,128.982768658125,소상공인시장진흥공단_상가업소정보
생활편의,소매,광신,35.1445283543396,128.969320405516,소상공인시장진흥공단_상가업소정보
생활편의,소매,서부산홈플러스아모레화장품,35.1643345532276,128.977721218153,소상공인시장진흥공단_상가업소정보
음식점,음식점,자담치킨부산괘법점,35.1593503203079,128.988771455499,소상공인시장진흥공단_상가업소정보
생활편의,소매,모모,35.1643345532276,128.977721218153,소상공인시장진흥공단_상가업소정보
생활편의,소매,청년오토바이,35.1503510604613,128.972576850141,소상공인시장진흥공단_상가업소정보
생활편의,문화체육,래빗짐,35.1510029096407,129.012926635478,소상공인시장진흥공단_상가업소정보
음식점,음식점,엠바,35.1617430951564,128.982991698683,소상공인시장진흥공단_상가업소정보
음식점,음식점,"쉼,어묵그리고한잔술",35.1653660471269,128.984078326951,소상공인시장진흥공단_상가업소정보
음식점,음식점,덕자네칼국수,35.1556387226194,129.014324685117,소상공인시장진흥공단_상가업소정보
음식점,음식점,신라대미대식당,35.1686268558901,129.003868002618,소상공인시장진흥공단_상가업소정보
음식점,음식점,개미집,35.1652732890115,128.984789396463,소상공인시장진흥공단_상가업소정보
생활편의,소매,케이스로만,35.1706885591537,128.977677575201,소상공인시장진흥공단_상가업소정보
생활편의,소매,풍년상회,35.1575609072547,128.986335738273,소상공인시장진흥공단_상가업소정보
음식점,음식점,옛날통닭,35.1877516917564,128.986247160318,소상공인시장진흥공단_상가업소정보
음식점,음식점,슈퍼빈,35.1603073426731,128.988114399946,소상공인시장진흥공단_상가업소정보
생활편의,소매,휴대폰주민센터,35.1550739912469,129.013059864503,소상공인시장진흥공단_상가업소정보
생활편의,소매,네이처리퍼블릭주례역점,35.1505073363478,129.003138227696,소상공인시장진흥공단_상가업소정보
음식점,음식점,두마리찜닭두찜부산,35.1508396713938,129.012988446924,소상공인시장진흥공단_상가업소정보
음식점,음식점,통영바다장어,35.1678139102019,128.983731747895,소상공인시장진흥공단_상가업소정보
음식점,음식점,플라자,35.1464528847826,129.009073227714,소상공인시장진흥공단_상가업소정보
음식점,음식점,옥이네,35.1722191910554,128.979415802047,소상공인시장진흥공단_상가업소정보
음식점,음식점,삼육구중화요리식당,35.1494913463192,128.994258875875,소상공인시장진흥공단_상가업소정보
생활편의,소매,밀양상회,35.1417531009779,128.984207086113,소상공인시장진흥공단_상가업소정보
음식점,음식점,타카라홍,35.1651100438643,128.984302564725,소상공인시장진흥공단_상가업소정보
음식점,음식점,하이오커피신모라점,35.1870412893838,128.990543877029,소상공인시장진흥공단_상가업소정보
생활편의,보건의료,태웅한의원,35.1544923328933,129.01443906233,소상공인시장진흥공단_상가업소정보
음식점,음식점,오복떡방앗간,35.1717820308326,128.980799039142,소상공인시장진흥공단_상가업소정보
생활편의,소매,마운티아,35.1275926627189,128.968364011655,소상공인시장진흥공단_상가업소정보
생활편의,소매,라라,35.1643345532276,128.977721218153,소상공인시장진흥공단_상가업소정보
생활편의,소매,모튼,35.1476995202212,129.001270018077,소상공인시장진흥공단_상가업소정보
생활편의,소매,리안쥬얼리,35.1643345532276,128.977721218153,소상공인시장진흥공단_상가업소정보
음식점,음식점,한판,35.1874219749189,128.99041046102,소상공인시장진흥공단_상가업소정보
음식점,음식점,꼬치의품격부산모라점,35.1865189999261,128.99052015846,소상공인시장진흥공단_상가업소정보
생활편의,소매,스타일러스,35.1275926627189,128.968364011655,소상공인시장진흥공단_상가업소정보
생활편의,소매,스마트메디컬,35.1324688790333,128.996948022732,소상공인시장진흥공단_상가업소정보
음식점,음식점,요거당,35.1909037859807,128.984721162933,소상공인시장진흥공단_상가업소정보
생활편의,문화체육,엄궁어촌계,35.1303687095353,128.965008337155,소상공인시장진흥공단_상가업소정보
생활편의,소매,에스비메디,35.1814391589535,128.989803527157,소상공인시장진흥공단_상가업소정보
음식점,음식점,포차좋은만남,35.1698051454813,128.98155223917,소상공인시장진흥공단_상가업소정보
음식점,음식점,비꼴로,35.1283044805325,128.976673906983,소상공인시장진흥공단_상가업소정보
생활편의,소매,굿,35.1643345532276,128.977721218153,소상공인시장진흥공단_상가업소정보
생활편의,소매,지프부산사상애플점,35.1631457315728,128.980984606691,소상공인시장진흥공단_상가업소정보
음식점,음식점,착한한상,35.1545573777832,128.985395857257,소상공인시장진흥공단_상가업소정보
음식점,음식점,더벤티엄궁,35.1310317977696,128.972450716049,소상공인시장진흥공단_상가업소정보
음식점,음식점,한빛개발,35.1812831258523,128.990524161653,소상공인시장진흥공단_상가업소정보
생활편의,소매,국방전우신문,35.1539350407821,129.005120537467,소상공인시장진흥공단_상가업소정보
생활편의,소매,양정상회,35.1525057402568,128.996175828178,소상공인시장진흥공단_상가업소정보
음식점,음식점,보리밥,35.1670307966793,128.985325965287,소상공인시장진흥공단_상가업소정보
음식점,음식점,동일식당,35.1386412114382,128.972239373727,소상공인시장진흥공단_상가업소정보
음식점,음식점,순살만공격,35.1482330544944,129.01583176801,소상공인시장진흥공단_상가업소정보
생활편의,소매,행운장식,35.1474623302159,129.000353551947,소상공인시장진흥공단_상가업소정보
생활편의,소매,신토불이반찬집,35.1712588724835,128.981378997066,소상공인시장진흥공단_상가업소정보
생활편의,소매,천하푸드,35.1559109222043,128.984737458574,소상공인시장진흥공단_상가업소정보
음식점,음식점,오누이식당,35.1454719330848,128.986041851919,소상공인시장진흥공단_상가업소정보
음식점,음식점,노벨호프,35.1475262925718,129.00030025885,소상공인시장진흥공단_상가업소정보
음식점,음식점,키무카츠,35.1642343045877,128.978893016647,소상공인시장진흥공단_상가업소정보
생활편의,소매,행복25시사상점,35.1636487433211,128.984387771042,소상공인시장진흥공단_상가업소정보
생활편의,소매,마루,35.1643345532276,128.977721218153,소상공인시장진흥공단_상가업소정보
생활편의,소매,베이프브로사상점,35.1488257653161,129.000738032667,소상공인시장진흥공단_상가업소정보
생활편의,문화체육,종달새노래연습장,35.1700716959248,128.980131976907,소상공인시장진흥공단_상가업소정보
음식점,음식점,길서방생뒷고기,35.1275212438056,128.972201498815,소상공인시장진흥공단_상가업소정보
음식점,음식점,좋은상회,35.1788372583051,128.986908279219,소상공인시장진흥공단_상가업소정보
음식점,음식점,맛드림,35.1502498674248,129.006171197405,소상공인시장진흥공단_상가업소정보
음식점,음식점,비어몰박스,35.1870962596981,128.989392619508,소상공인시장진흥공단_상가업소정보
생활편의,소매,세븐일레븐부산감전미진점,35.1495871169501,128.973556869864,소상공인시장진흥공단_상가업소정보
음식점,음식점,우미식당,35.1588650989751,128.985939493863,소상공인시장진흥공단_상가업소정보
생활편의,소매,제나의공방,35.1426634683196,128.98419627428,소상공인시장진흥공단_상가업소정보
음식점,음식점,행운식품젤커피&베이커리,35.1510291027764,129.005916025071,소상공인시장진흥공단_상가업소정보
생활편의,소매,블라인드마켓,35.1413722494204,128.970549909223,소상공인시장진흥공단_상가업소정보
생활편의,소매,마이린린,35.1289377439414,128.978181044549,소상공인시장진흥공단_상가업소정보
생활편의,소매,셀럽,35.1386199974625,128.978514068098,소상공인시장진흥공단_상가업소정보
생활편의,소매,어둑,35.1495871169501,128.973556869864,소상공인시장진흥공단_상가업소정보
생활편의,소매,쏠,35.1643345532276,128.977721218153,소상공인시장진흥공단_상가업소정보
음식점,음식점,하이오커피모라역점,35.1881958010481,128.987739905074,소상공인시장진흥공단_상가업소정보
음식점,음식점,정항우케익주례역점,35.1505073363478,129.003138227696,소상공인시장진흥공단_상가업소정보
음식점,음식점,정연,35.1731958091559,128.981415031887,소상공인시장진흥공단_상가업소정보
생활편의,문화체육,세븐스타코인노래연습장사상점,35.1636249541812,128.984189661304,소상공인시장진흥공단_상가업소정보
음식점,음식점,옐로,35.1549572079093,128.982442913903,소상공인시장진흥공단_상가업소정보
음식점,음식점,빵장수야곱,35.1631457315728,128.980984606691,소상공인시장진흥공단_상가업소정보
생활편의,보건의료,사상늘편한재활의학과의원,35.1625611116756,128.984767375224,소상공인시장진흥공단_상가업소정보
생활편의,소매,피케이안전,35.1413722494204,128.970549909223,소상공인시장진흥공단_상가업소정보
생활편의,소매,지에스25사상,35.1489000784313,128.985817957306,소상공인시장진흥공단_상가업소정보
생활편의,소매,소녀폰중고폰매입판매,35.1616024873403,128.985523211766,소상공인시장진흥공단_상가업소정보
음식점,음식점,뽀빠이,35.157399268335,128.985201574052,소상공인시장진흥공단_상가업소정보
음식점,음식점,써니7080라이브,35.191963968706,128.992596073978,소상공인시장진흥공단_상가업소정보
음식점,음식점,강강한식,35.1722805841692,128.98612310755,소상공인시장진흥공단_상가업소정보
음식점,음식점,돼지의매력,35.1311426695759,128.971729394244,소상공인시장진흥공단_상가업소정보
생활편의,소매,조은옷집,35.1668163819226,128.984662287483,소상공인시장진흥공단_상가업소정보
생활편의,소매,농심슈퍼,35.1499902958883,129.007152312756,소상공인시장진흥공단_상가업소정보
생활편의,문화체육,스파캐슬,35.194095993476,128.992823801482,소상공인시장진흥공단_상가업소정보
생활편의,소매,자연낚시,35.1512979987499,128.972533878025,소상공인시장진흥공단_상가업소정보
음식점,음식점,포커브로스글로벌,35.1636487433211,128.984387771042,소상공인시장진흥공단_상가업소정보
음식점,음식점,스완에스,35.1464528847826,129.009073227714,소상공인시장진흥공단_상가업소정보
음식점,음식점,블랙프라이데이,35.166210252254,128.983155046456,소상공인시장진흥공단_상가업소정보
음식점,음식점,후니치킨,35.1577605383242,128.986801466742,소상공인시장진흥공단_상가업소정보
생활편의,소매,티월드,35.1284723807016,128.970238997491,소상공인시장진흥공단_상가업소정보
생활편의,소매,케이더블유,35.1589216090234,128.984141238787,소상공인시장진흥공단_상가업소정보
음식점,음식점,죽이야기&카페부산주례삼,35.1499902958883,129.007152312756,소상공인시장진흥공단_상가업소정보
음식점,음식점,승승괘법점,35.169400375842,128.982606967667,소상공인시장진흥공단_상가업소정보
음식점,음식점,복실이소주방,35.166829884543,128.984388255345,소상공인시장진흥공단_상가업소정보
음식점,음식점,약속커피숍,35.1707098200698,128.982989963384,소상공인시장진흥공단_상가업소정보
음식점,음식점,추억만들기,35.1563379747914,128.982322800718,소상공인시장진흥공단_상가업소정보
생활편의,소매,멜로우,35.1643345532276,128.977721218153,소상공인시장진흥공단_상가업소정보
생활편의,소매,세븐일레븐부산신,35.1545986164209,129.016175369437,소상공인시장진흥공단_상가업소정보
생활편의,소매,한길장식,35.1499290841936,129.010299797413,소상공인시장진흥공단_상가업소정보
음식점,음식점,다가치통닭신모라점,35.1849533063227,128.993116405497,소상공인시장진흥공단_상가업소정보
음식점,음식점,짝노래방,35.1663395725491,128.982411931324,소상공인시장진흥공단_상가업소정보
생활편의,소매,인디안아울렛덕포점,35.17409423627,128.984334342537,소상공인시장진흥공단_상가업소정보
음식점,음식점,핑크야,35.1725717898291,128.982651058141,소상공인시장진흥공단_상가업소정보
음식점,음식점,토박이,35.1885087407138,128.988439100513,소상공인시장진흥공단_상가업소정보
음식점,음식점,혜성식당,35.1630731710575,128.985965001692,소상공인시장진흥공단_상가업소정보
음식점,음식점,구석사상점,35.1636523916891,128.985814477637,소상공인시장진흥공단_상가업소정보
생활편의,문화체육,앵콜노래연습장,35.140305165147,128.981824173755,소상공인시장진흥공단_상가업소정보
음식점,음식점,천씨씨커피덕포점,35.1742654474352,128.981583674616,소상공인시장진흥공단_상가업소정보
음식점,음식점,평창막국수,35.1467240360966,129.009025036013,소상공인시장진흥공단_상가업소정보
음식점,음식점,솔향,35.1802545884146,128.986207377205,소상공인시장진흥공단_상가업소정보
생활편의,소매,씨유사상역1번,35.1604058397893,128.985406332264,소상공인시장진흥공단_상가업소정보
음식점,음식점,황금역,35.147568482534,128.999928250879,소상공인시장진흥공단_상가업소정보
생활편의,소매,인셀덤루디아138,35.1643345532276,128.977721218153,소상공인시장진흥공단_상가업소정보
음식점,음식점,향다방,35.1717526732052,128.980941002941,소상공인시장진흥공단_상가업소정보
음식점,음식점,푸짐한집,35.169682980252,128.981307828545,소상공인시장진흥공단_상가업소정보
음식점,음식점,하이오커피새벽로점,35.1550049726418,128.982828121964,소상공인시장진흥공단_상가업소정보
생활편의,소매,아름다운가게부산사상점,35.1664682294615,128.982810132059,소상공인시장진흥공단_상가업소정보
음식점,음식점,딱한잔어때,35.1909842316894,128.992989294595,소상공인시장진흥공단_상가업소정보
생활편의,소매,수스사상애플점,35.1631457315728,128.980984606691,소상공인시장진흥공단_상가업소정보
음식점,음식점,맛나상회,35.1852297069875,128.983419593393,소상공인시장진흥공단_상가업소정보
음식점,음식점,숯불생뒷고기,35.1923072776701,128.988707329991,소상공인시장진흥공단_상가업소정보
생활편의,소매,꿈꾸는고양이,35.1643345532276,128.977721218153,소상공인시장진흥공단_상가업소정보
음식점,음식점,선희갈비,35.1562299068532,128.982868827779,소상공인시장진흥공단_상가업소정보
음식점,음식점,지중해라이브,35.1636523916891,128.985814477637,소상공인시장진흥공단_상가업소정보
생활편의,소매,럭키슈퍼,35.183529998556,129.002367871895,소상공인시장진흥공단_상가업소정보
음식점,음식점,엄마손보리밥,35.129689572207,128.97131042351,소상공인시장진흥공단_상가업소정보
음식점,음식점,지지고동서대점,35.1462038366831,129.008332008525,소상공인시장진흥공단_상가업소정보
음식점,음식점,컴포즈학장공단점,35.1436781611703,128.984418392886,소상공인시장진흥공단_상가업소정보
생활편의,소매,봉봉쥬얼리,35.1715219922467,128.982921889778,소상공인시장진흥공단_상가업소정보
음식점,음식점,일미명태대가리전,35.1504361301064,129.006351325441,소상공인시장진흥공단_상가업소정보
생활편의,소매,스윗제이,35.1591806030523,128.988130867316,소상공인시장진흥공단_상가업소정보
음식점,음식점,오방돼지국밥,35.1893469658948,128.983486748652,소상공인시장진흥공단_상가업소정보
음식점,음식점,저렴한꼬리집,35.1919828113761,128.987612618823,소상공인시장진흥공단_상가업소정보
생활편의,소매,서부산공업고등학교사회적협동조합,35.1732708641926,128.993314050018,소상공인시장진흥공단_상가업소정보
음식점,음식점,그린유통,35.1362537434254,128.991478544014,소상공인시장진흥공단_상가업소정보
음식점,음식점,진영통닭,35.1552362297015,128.979157826583,소상공인시장진흥공단_상가업소정보
생활편의,소매,광명철물점,35.1747214498079,128.988948311133,소상공인시장진흥공단_상가업소정보
음식점,음식점,페어런츠커피&샐러드냉정역점,35.1508661898663,129.010849520584,소상공인시장진흥공단_상가업소정보
생활편의,문화체육,금란노래연습장,35.1407048274485,128.982733478544,소상공인시장진흥공단_상가업소정보
음식점,음식점,특수부위엄궁집,35.1280623307585,128.976602238253,소상공인시장진흥공단_상가업소정보
음식점,음식점,나우커피,35.1540764693613,129.003653673329,소상공인시장진흥공단_상가업소정보
생활편의,소매,피피,35.1643345532276,128.977721218153,소상공인시장진흥공단_상가업소정보
생활편의,소매,센시블,35.1643345532276,128.977721218153,소상공인시장진흥공단_상가업소정보
생활편의,소매,비엠텔레콤,35.1403482325921,128.981945897436,소상공인시장진흥공단_상가업소정보
생활편의,소매,플라워0325,35.1379384159311,128.978311071717,소상공인시장진흥공단_상가업소정보
음식점,음식점,맛나김밥분식,35.1671990185656,128.983859477428,소상공인시장진흥공단_상가업소정보
생활편의,소매,구스,35.1643345532276,128.977721218153,소상공인시장진흥공단_상가업소정보
음식점,음식점,오빠가찜해줄게,35.1661672124121,128.983581999906,소상공인시장진흥공단_상가업소정보
음식점,음식점,강촌칼국수,35.1877716533208,128.991066647226,소상공인시장진흥공단_상가업소정보
생활편의,소매,아남시스템,35.1461353881176,129.007024708599,소상공인시장진흥공단_상가업소정보
생활편의,소매,해피퍼피,35.1285422478176,128.974803906696,소상공인시장진흥공단_상가업소정보
음식점,음식점,시골한방돼지국밥,35.1282165719441,128.96934432434,소상공인시장진흥공단_상가업소정보
생활편의,문화체육,재승골프아카데미타가,35.1538898543664,128.9848858643,소상공인시장진흥공단_상가업소정보
생활편의,소매,권씨상회,35.1710162508386,128.982437682157,소상공인시장진흥공단_상가업소정보
음식점,음식점,둥글레해물촌,35.1751763612901,128.988685007052,소상공인시장진흥공단_상가업소정보
생활편의,소매,송월종합타월,35.1538649284338,129.003911827996,소상공인시장진흥공단_상가업소정보
음식점,음식점,남이네떡볶이&튀김,35.1651217004365,128.983040816689,소상공인시장진흥공단_상가업소정보
생활편의,소매,세븐일레븐부산주례역점,35.1509331936352,129.0035436689,소상공인시장진흥공단_상가업소정보
생활편의,문화체육,표진박,35.1499466057275,129.006525830261,소상공인시장진흥공단_상가업소정보
음식점,음식점,도톨쿠키,35.1495976182679,129.005288390675,소상공인시장진흥공단_상가업소정보
생활편의,소매,포지티브,35.1643345532276,128.977721218153,소상공인시장진흥공단_상가업소정보
음식점,음식점,퀸바이통닭족발,35.1557122393168,128.985862841618,소상공인시장진흥공단_상가업소정보
음식점,음식점,큰집기장멸치국수모라점,35.1861170728678,128.98975294073,소상공인시장진흥공단_상가업소정보
음식점,음식점,유성삼계탕,35.1927823633432,128.986117149265,소상공인시장진흥공단_상가업소정보
생활편의,소매,아이스나라모라점,35.1892325726589,128.991552373157,소상공인시장진흥공단_상가업소정보
음식점,음식점,디오,35.1570538697951,128.978773914146,소상공인시장진흥공단_상가업소정보
음식점,음식점,동글이막창,35.167226652538,128.981621356856,소상공인시장진흥공단_상가업소정보
생활편의,문화체육,앤썸스튜디오코인노래연습장,35.1636487433211,128.984387771042,소상공인시장진흥공단_상가업소정보
음식점,음식점,컴온셰프,35.1539556957266,128.99020921108,소상공인시장진흥공단_상가업소정보
생활편의,소매,퍼스트LED전기조명,35.1486423254026,128.989443411754,소상공인시장진흥공단_상가업소정보
음식점,음식점,공간비어,35.1396288869265,128.980195074325,소상공인시장진흥공단_상가업소정보
생활편의,문화체육,어린이특공대,35.1690488886384,128.979854752977,소상공인시장진흥공단_상가업소정보
음식점,음식점,옛날통닭,35.191448628128,128.988313155773,소상공인시장진흥공단_상가업소정보
음식점,음식점,늘봄커피맥주,35.1646410336142,128.983226678503,소상공인시장진흥공단_상가업소정보
음식점,음식점,행복식당,35.1433206317003,128.978178036688,소상공인시장진흥공단_상가업소정보
생활편의,소매,에스엠앤지,35.1477355659513,128.971043478614,소상공인시장진흥공단_상가업소정보
생활편의,소매,탑플러스마트,35.1592027607339,128.987879018939,소상공인시장진흥공단_상가업소정보
음식점,음식점,봉추찜닭부산사상점,35.1630859567341,128.985734860582,소상공인시장진흥공단_상가업소정보
음식점,음식점,포차누나집,35.16523775364,128.983658190213,소상공인시장진흥공단_상가업소정보
생활편의,문화체육,옥스피씨사상역점,35.1627753300522,128.984893293903,소상공인시장진흥공단_상가업소정보
음식점,음식점,연코다리아구찜,35.1472151743192,129.000040292878,소상공인시장진흥공단_상가업소정보
생활편의,소매,씨유주례봉한점,35.1493626377513,129.004240282014,소상공인시장진흥공단_상가업소정보
생활편의,소매,웰빙푸드,35.1509289465255,128.987941026924,소상공인시장진흥공단_상가업소정보
음식점,음식점,행떡,35.1362110462894,128.97702962327,소상공인시장진흥공단_상가업소정보
생활편의,문화체육,테라스터디카페,35.1284576572448,128.969481761909,소상공인시장진흥공단_상가업소정보
음식점,음식점,주가네맛짬뽕,35.1297757296592,128.971553828777,소상공인시장진흥공단_상가업소정보
음식점,음식점,한양왕족발,35.1714402925422,128.981306574716,소상공인시장진흥공단_상가업소정보
생활편의,소매,제이알텔레콤,35.1704452901148,128.988679509753,소상공인시장진흥공단_상가업소정보
생활편의,소매,이마트24사상괘법점,35.1635129376489,128.985525763524,소상공인시장진흥공단_상가업소정보
생활편의,소매,리얼이펙트,35.1765543774825,128.984888054664,소상공인시장진흥공단_상가업소정보
음식점,음식점,콩카페365,35.1736120096387,128.988460316969,소상공인시장진흥공단_상가업소정보
음식점,음식점,999닭도리,35.1653881970248,128.983826458059,소상공인시장진흥공단_상가업소정보
생활편의,소매,만물열쇠,35.1496464452186,129.012125174243,소상공인시장진흥공단_상가업소정보
음식점,음식점,바다,35.1498875802858,129.004648153934,소상공인시장진흥공단_상가업소정보
음식점,음식점,크로퐁퐁커피숍,35.1239231715371,128.973452908318,소상공인시장진흥공단_상가업소정보
음식점,음식점,정성숯불두마리치킨사상점,35.1741895998515,128.986762224309,소상공인시장진흥공단_상가업소정보
음식점,음식점,한라돈이익는마을애,35.163000415154,128.987653211881,소상공인시장진흥공단_상가업소정보
음식점,음식점,남해횟집,35.1619108542859,128.980449860215,소상공인시장진흥공단_상가업소정보
음식점,음식점,땅스부대찌개덕포,35.1697674288063,128.98055261552,소상공인시장진흥공단_상가업소정보
음식점,음식점,글로벌빌리지카페,35.1461353881176,129.007024708599,소상공인시장진흥공단_상가업소정보
생활편의,소매,허니영,35.1643345532276,128.977721218153,소상공인시장진흥공단_상가업소정보
음식점,음식점,옥,35.185081406531,128.992998789057,소상공인시장진흥공단_상가업소정보
생활편의,소매,진영과일,35.1561438956205,128.985368578572,소상공인시장진흥공단_상가업소정보
음식점,음식점,옐로우밀크티,35.1716836927559,128.981301506623,소상공인시장진흥공단_상가업소정보
생활편의,문화체육,FLUKE당구클럽,35.1649512890232,128.983541489934,소상공인시장진흥공단_상가업소정보
음식점,음식점,강정,35.1508661898663,129.010849520584,소상공인시장진흥공단_상가업소정보
음식점,음식점,글렘갓,35.1637352297671,128.98460935253,소상공인시장진흥공단_상가업소정보
음식점,음식점,수연이네,35.1488297985993,128.999948150583,소상공인시장진흥공단_상가업소정보
음식점,음식점,해초과메기,35.1421420157029,128.987968640547,소상공인시장진흥공단_상가업소정보
생활편의,문화체육,장원노래연습장,35.1641170499503,128.986604933844,소상공인시장진흥공단_상가업소정보
생활편의,소매,당감식육,35.1408945572532,128.987653054934,소상공인시장진흥공단_상가업소정보
음식점,음식점,굽네치킨감전점,35.1567588204804,128.986338179986,소상공인시장진흥공단_상가업소정보
생활편의,소매,디바인,35.1643345532276,128.977721218153,소상공인시장진흥공단_상가업소정보
생활편의,소매,글로벌통신,35.1831957470899,128.986553375205,소상공인시장진흥공단_상가업소정보
음식점,음식점,홍유단,35.1633696698167,128.984370015884,소상공인시장진흥공단_상가업소정보
음식점,음식점,정원식당,35.1705458764697,128.983095730633,소상공인시장진흥공단_상가업소정보
음식점,음식점,니블,35.1625904917533,128.985174121384,소상공인시장진흥공단_상가업소정보
생활편의,소매,싸다맨Mr.차,35.171350960615,128.981809258067,소상공인시장진흥공단_상가업소정보
음식점,음식점,닭선보는날,35.1714685735928,128.981230435741,소상공인시장진흥공단_상가업소정보
음식점,음식점,진가식품,35.1389235982433,128.98364471876,소상공인시장진흥공단_상가업소정보
음식점,음식점,153구포국수,35.1639523036715,128.984011056435,소상공인시장진흥공단_상가업소정보
음식점,음식점,사마자마,35.1638682404909,128.986390374958,소상공인시장진흥공단_상가업소정보
음식점,음식점,고봉민김밥인구덕학장점,35.1404949731528,128.988937899548,소상공인시장진흥공단_상가업소정보
생활편의,소매,마을주막,35.1379384159311,128.978311071717,소상공인시장진흥공단_상가업소정보
음식점,음식점,처갓집양념치킨감전점,35.1550715630814,128.985364462506,소상공인시장진흥공단_상가업소정보
생활편의,소매,그랜드마트,35.1911630682156,128.988690414839,소상공인시장진흥공단_상가업소정보
생활편의,문화체육,행운로또,35.182386087419,128.985918981546,소상공인시장진흥공단_상가업소정보
음식점,음식점,엄마손보리밥,35.1541824221381,129.016274824082,소상공인시장진흥공단_상가업소정보
생활편의,소매,매직캐슬,35.1553087413539,128.980234925015,소상공인시장진흥공단_상가업소정보
음식점,음식점,찬팅,35.1466700737613,129.008475126983,소상공인시장진흥공단_상가업소정보
음식점,음식점,서울깍두기사상점,35.162117362471,128.981047452452,소상공인시장진흥공단_상가업소정보
음식점,음식점,바비,35.1496086922445,129.011685363147,소상공인시장진흥공단_상가업소정보
음식점,음식점,밀양식당,35.1844075845168,128.982444630512,소상공인시장진흥공단_상가업소정보
음식점,음식점,서울식당,35.1643334140084,128.986050519587,소상공인시장진흥공단_상가업소정보
음식점,음식점,서울이모네,35.1645958702936,128.981030758114,소상공인시장진흥공단_상가업소정보
생활편의,소매,코코,35.1643345532276,128.977721218153,소상공인시장진흥공단_상가업소정보
음식점,음식점,사상곱창,35.1659865403735,128.980855983546,소상공인시장진흥공단_상가업소정보
음식점,음식점,라멘&팟타이,35.159862156616,128.987785332857,소상공인시장진흥공단_상가업소정보
생활편의,소매,오스틴리드롯데사상점,35.1286093546013,128.96846526974,소상공인시장진흥공단_상가업소정보
음식점,음식점,프리터스,35.172035414985,128.997739770651,소상공인시장진흥공단_상가업소정보
음식점,음식점,코퍼커피사상점,35.1542158454098,128.990830020167,소상공인시장진흥공단_상가업소정보
생활편의,문화체육,옥스피씨덕포점,35.1721245866895,128.988489938192,소상공인시장진흥공단_상가업소정보
음식점,음식점,김해시락국밥,35.1581408180256,128.993273949947,소상공인시장진흥공단_상가업소정보
음식점,음식점,북성분식,35.1778219307452,128.982877362415,소상공인시장진흥공단_상가업소정보
생활편의,소매,윰,35.1643345532276,128.977721218153,소상공인시장진흥공단_상가업소정보
생활편의,소매,정원구제,35.1723904364075,128.984369754513,소상공인시장진흥공단_상가업소정보
생활편의,문화체육,제로백피씨냉정역점,35.1505871868944,129.012455562378,소상공인시장진흥공단_상가업소정보
음식점,음식점,고향상회,35.1494695075011,128.984065292151,소상공인시장진흥공단_상가업소정보
음식점,음식점,용이초밥사상점,35.1625904917533,128.985174121384,소상공인시장진흥공단_상가업소정보
생활편의,소매,퍼스트홈파티스튜디오부산북구구남점,35.1950174437856,128.994328368624,소상공인시장진흥공단_상가업소정보
음식점,음식점,대성식당,35.1413722494204,128.970549909223,소상공인시장진흥공단_상가업소정보
음식점,음식점,업소명없음,35.137590740162,128.976975227374,소상공인시장진흥공단_상가업소정보
음식점,음식점,중국손만두,35.1671496419299,128.983572941874,소상공인시장진흥공단_상가업소정보
생활편의,소매,지에스25덕포벽산점,35.1737219045691,128.989450773563,소상공인시장진흥공단_상가업소정보
생활편의,소매,태양모바일,35.1690272687404,128.982828376728,소상공인시장진흥공단_상가업소정보
생활편의,소매,밀양깻잎,35.1541464704966,128.982423239727,소상공인시장진흥공단_상가업소정보
음식점,음식점,프랜드,35.153413826367,129.011010979319,소상공인시장진흥공단_상가업소정보
생활편의,소매,마곤달,35.1776018870943,128.989150208493,소상공인시장진흥공단_상가업소정보
생활편의,소매,제임스딘사상점,35.1286093546013,128.96846526974,소상공인시장진흥공단_상가업소정보
음식점,음식점,노다지,35.1659520944434,128.983510928597,소상공인시장진흥공단_상가업소정보
생활편의,소매,씨유부산벤처,35.1909037859807,128.984721162933,소상공인시장진흥공단_상가업소정보
생활편의,소매,영주이불,35.1561438956205,128.985368578572,소상공인시장진흥공단_상가업소정보
음식점,음식점,미림소갈비찜,35.1923039276334,128.992747089425,소상공인시장진흥공단_상가업소정보
생활편의,소매,그린약국,35.1384943652467,128.977929584523,소상공인시장진흥공단_상가업소정보
음식점,음식점,심마니약초백숙,35.1525754682564,128.989747660637,소상공인시장진흥공단_상가업소정보
음식점,음식점,먹깨비,35.1471607006055,129.010407235606,소상공인시장진흥공단_상가업소정보
생활편의,소매,열린할인마트,35.1717526732052,128.980941002941,소상공인시장진흥공단_상가업소정보
생활편의,소매,미라클카멀티샵,35.1568869646559,128.977957862375,소상공인시장진흥공단_상가업소정보
생활편의,소매,오로라,35.1643345532276,128.977721218153,소상공인시장진흥공단_상가업소정보
음식점,음식점,본가한식구내식당,35.1855370981204,128.984458896828,소상공인시장진흥공단_상가업소정보
음식점,음식점,별이빛나는밤에,35.1649412670106,128.981401284616,소상공인시장진흥공단_상가업소정보
생활편의,소매,네이처리퍼블릭사상역점,35.1624641791146,128.98463333359,소상공인시장진흥공단_상가업소정보
생활편의,소매,이마트24주례지소나현점,35.1457662189155,129.013521754032,소상공인시장진흥공단_상가업소정보
음식점,음식점,추억코너주점,35.1651858608516,128.983525239325,소상공인시장진흥공단_상가업소정보
생활편의,소매,대박디씨,35.1442784511969,128.98408188487,소상공인시장진흥공단_상가업소정보
음식점,음식점,차이니스,35.1461353881176,129.007024708599,소상공인시장진흥공단_상가업소정보
음식점,음식점,초원,35.1669124748191,128.982096607218,소상공인시장진흥공단_상가업소정보
음식점,음식점,동해식당,35.1581817207823,128.98529740349,소상공인시장진흥공단_상가업소정보
음식점,음식점,현진식당,35.1666003233141,128.983548623429,소상공인시장진흥공단_상가업소정보
생활편의,소매,이마트24부산보훈,35.1528919989817,129.008244041345,소상공인시장진흥공단_상가업소정보
음식점,음식점,공린미방,35.1530206525639,129.011352420854,소상공인시장진흥공단_상가업소정보
생활편의,소매,에스제이리테일,35.1582659069648,128.982358615341,소상공인시장진흥공단_상가업소정보
음식점,음식점,닭날선보는날,35.1568710402851,128.985539874711,소상공인시장진흥공단_상가업소정보
음식점,음식점,닥엔돈스모라점,35.185258520419,128.992640878049,소상공인시장진흥공단_상가업소정보
음식점,음식점,자유실내포장,35.1920851337944,128.989064182105,소상공인시장진흥공단_상가업소정보
음식점,음식점,장금이궁중갈비,35.1287689331416,128.97250582387,소상공인시장진흥공단_상가업소정보
생활편의,소매,천해가스기구,35.1655853680744,128.986091942512,소상공인시장진흥공단_상가업소정보
생활편의,소매,칠성불교전시관,35.1431107657126,128.988793103255,소상공인시장진흥공단_상가업소정보
음식점,음식점,하나돈가스학장점,35.1403900438137,128.982144386821,소상공인시장진흥공단_상가업소정보
생활편의,소매,니노,35.1379384159311,128.978311071717,소상공인시장진흥공단_상가업소정보
생활편의,소매,여원,35.1643345532276,128.977721218153,소상공인시장진흥공단_상가업소정보
음식점,음식점,정통,35.1416654420803,128.986256540117,소상공인시장진흥공단_상가업소정보
음식점,음식점,댄싱컵,35.1499358748244,129.012604101201,소상공인시장진흥공단_상가업소정보
음식점,음식점,정상칼국수,35.1541563653132,128.97961446453,소상공인시장진흥공단_상가업소정보
생활편의,소매,담꾹부산사상삼락점,35.1692931444468,128.979246089531,소상공인시장진흥공단_상가업소정보
음식점,음식점,북면막걸리,35.1536493935518,129.011477626429,소상공인시장진흥공단_상가업소정보
음식점,음식점,행복만들기밀양순대돼지국밥모라점,35.1861170728678,128.98975294073,소상공인시장진흥공단_상가업소정보
생활편의,소매,숙이네과일가게,35.1445862922087,128.987841583713,소상공인시장진흥공단_상가업소정보
생활편의,소매,대원상회,35.1708097461482,128.98678972237,소상공인시장진흥공단_상가업소정보
음식점,음식점,하동재첩국,35.1499956772265,129.00465080609,소상공인시장진흥공단_상가업소정보
생활편의,소매,홍당무,35.1881651367435,128.990703022238,소상공인시장진흥공단_상가업소정보
음식점,음식점,팔손빚더미냉정점,35.1489669409689,129.004735286287,소상공인시장진흥공단_상가업소정보
음식점,음식점,가야포차선지국밥덕포점,35.1743710002822,128.981191121194,소상공인시장진흥공단_상가업소정보
음식점,음식점,동궁,35.1583568316591,128.98506024767,소상공인시장진흥공단_상가업소정보
생활편의,소매,워너비라벨,35.1643345532276,128.977721218153,소상공인시장진흥공단_상가업소정보
음식점,음식점,건보식당,35.1532763745884,128.981074441847,소상공인시장진흥공단_상가업소정보
음식점,음식점,방촌,35.1562612701485,128.983154886949,소상공인시장진흥공단_상가업소정보
생활편의,문화체육,삼태기노래연습장,35.1407599914337,128.988713959692,소상공인시장진흥공단_상가업소정보
음식점,음식점,텐퍼센트사상괘법한신점,35.1690240924808,128.980819926865,소상공인시장진흥공단_상가업소정보
생활편의,소매,누리향,35.1564199691342,128.989413354675,소상공인시장진흥공단_상가업소정보
음식점,음식점,인성식당,35.1424589878067,128.981272986815,소상공인시장진흥공단_상가업소정보
생활편의,문화체육,클럽스파이더클라이밍,35.1486935904279,129.000010648343,소상공인시장진흥공단_상가업소정보
생활편의,소매,세명산업자재,35.159757357537,128.980430562506,소상공인시장진흥공단_상가업소정보
음식점,음식점,홍불닭갈비,35.1256214455769,128.968217845573,소상공인시장진흥공단_상가업소정보
음식점,음식점,타이밍,35.1656003002765,128.981329481454,소상공인시장진흥공단_상가업소정보
생활편의,소매,뷰티몰,35.1703802324477,128.981653995898,소상공인시장진흥공단_상가업소정보
음식점,음식점,샤브향모라점,35.194095993476,128.992823801482,소상공인시장진흥공단_상가업소정보
음식점,음식점,흙,35.1931897658383,128.993131000959,소상공인시장진흥공단_상가업소정보
생활편의,소매,모리,35.1643345532276,128.977721218153,소상공인시장진흥공단_상가업소정보
음식점,음식점,맘스터치괘법점,35.1674852270787,128.982340975062,소상공인시장진흥공단_상가업소정보
음식점,음식점,가련한부엌,35.163843078401,128.982976845568,소상공인시장진흥공단_상가업소정보
음식점,음식점,아지트노래방,35.1651423187339,128.981230575817,소상공인시장진흥공단_상가업소정보
음식점,음식점,초이스,35.1672201892797,128.98201628098,소상공인시장진흥공단_상가업소정보
음식점,음식점,궁,35.1644417758639,128.983287683952,소상공인시장진흥공단_상가업소정보
생활편의,소매,다판다아이스모라동원점,35.1927373174177,128.994338491104,소상공인시장진흥공단_상가업소정보
음식점,음식점,세린푸드,35.1697833589472,128.981782181567,소상공인시장진흥공단_상가업소정보
음식점,음식점,보경식당,35.1499117746212,129.002640854315,소상공인시장진흥공단_상가업소정보
생활편의,소매,태영차용품점,35.151304234222,128.988685303391,소상공인시장진흥공단_상가업소정보
생활편의,소매,바이by알라딘,35.1643345532276,128.977721218153,소상공인시장진흥공단_상가업소정보
음식점,음식점,이모식당,35.1666461116965,128.980751265328,소상공인시장진흥공단_상가업소정보
생활편의,소매,세븐부산신모라점,35.1858671691341,128.990701842583,소상공인시장진흥공단_상가업소정보
음식점,음식점,무보자포차,35.1705562008354,128.980813197993,소상공인시장진흥공단_상가업소정보
음식점,음식점,웨스트카우보이,35.1701309856871,128.980363887057,소상공인시장진흥공단_상가업소정보
생활편의,소매,아날도바시니,35.189222498127,128.99106912108,소상공인시장진흥공단_상가업소정보
생활편의,소매,르네셀,35.127288539196,128.97265658985,소상공인시장진흥공단_상가업소정보
음식점,음식점,비비큐모덕점,35.1747628882936,128.988620056653,소상공인시장진흥공단_상가업소정보
음식점,음식점,초량집,35.1877401631609,128.986400560807,소상공인시장진흥공단_상가업소정보
음식점,음식점,카페황금나무,35.1749213846774,128.98500200384,소상공인시장진흥공단_상가업소정보
음식점,음식점,오아시스커피숍,35.155893012082,128.983080109013,소상공인시장진흥공단_상가업소정보
생활편의,소매,다인유통,35.1495851632566,129.000592046821,소상공인시장진흥공단_상가업소정보
생활편의,소매,제일슈퍼,35.1864905543662,128.986216460439,소상공인시장진흥공단_상가업소정보
음식점,음식점,처갓집양념치킨신,35.1542827687471,128.99771153594,소상공인시장진흥공단_상가업소정보
음식점,음식점,스마일베이커리,35.1711818376933,128.982781928034,소상공인시장진흥공단_상가업소정보
생활편의,문화체육,라인피티,35.140069657179,128.981346718189,소상공인시장진흥공단_상가업소정보
생활편의,소매,메가마트,35.1529676160806,129.004767618117,소상공인시장진흥공단_상가업소정보
생활편의,소매,소원이야,35.1733197784063,128.989792182505,소상공인시장진흥공단_상가업소정보
생활편의,소매,아이키키,35.175368047944,128.989633574448,소상공인시장진흥공단_상가업소정보
음식점,음식점,옛날보리밥,35.157013714769,128.979025322831,소상공인시장진흥공단_상가업소정보
생활편의,소매,노빌레,35.1643345532276,128.977721218153,소상공인시장진흥공단_상가업소정보
음식점,음식점,엘프,35.149132155007,129.012704995692,소상공인시장진흥공단_상가업소정보
음식점,음식점,이디야부산동서대민석도서관점,35.1461353881176,129.007024708599,소상공인시장진흥공단_상가업소정보
음식점,음식점,우차,35.164567037231,128.984443007662,소상공인시장진흥공단_상가업소정보
음식점,음식점,맛깔참죽괘법점,35.1636487433211,128.984387771042,소상공인시장진흥공단_상가업소정보
음식점,음식점,다정매점,35.1770864239288,128.976603286296,소상공인시장진흥공단_상가업소정보
음식점,음식점,합천보리밥,35.191545729457,128.988985164005,소상공인시장진흥공단_상가업소정보
생활편의,소매,페이지플린,35.1631457315728,128.980984606691,소상공인시장진흥공단_상가업소정보
생활편의,문화체육,아이카페PC방,35.151031285157,129.01338816794,소상공인시장진흥공단_상가업소정보
생활편의,소매,현대종합철물상사,35.186857012244,128.988596435126,소상공인시장진흥공단_상가업소정보
음식점,음식점,퍼니,35.1494155295539,129.004856012842,소상공인시장진흥공단_상가업소정보
음식점,음식점,청불사상점,35.1644302968359,128.9845384516,소상공인시장진흥공단_상가업소정보
음식점,음식점,더리터,35.1493501703153,129.012600646092,소상공인시장진흥공단_상가업소정보
생활편의,소매,약초마을,35.1643345532276,128.977721218153,소상공인시장진흥공단_상가업소정보
생활편의,소매,티큐에어컨,35.172549304495,128.980170119182,소상공인시장진흥공단_상가업소정보
음식점,음식점,아리산,35.1525413447516,129.001662927342,소상공인시장진흥공단_상가업소정보
생활편의,보건의료,선샤인피부과의원,35.1500364370889,129.002731686749,소상공인시장진흥공단_상가업소정보
생활편의,문화체육,대주레포츠,35.192419295624,128.984077406235,소상공인시장진흥공단_상가업소정보
음식점,음식점,한번가보자란이산곰장어,35.1695482486899,128.981831348745,소상공인시장진흥공단_상가업소정보
음식점,음식점,호우양꼬치플러스사상점,35.1641841999112,128.984708055964,소상공인시장진흥공단_상가업소정보
생활편의,소매,필립림,35.1643345532276,128.977721218153,소상공인시장진흥공단_상가업소정보
생활편의,소매,더스토리,35.1372845009194,128.97917288247,소상공인시장진흥공단_상가업소정보
음식점,음식점,피앙새,35.1555365476227,128.978978563189,소상공인시장진흥공단_상가업소정보
생활편의,소매,부산애플지오지아,35.1631457315728,128.980984606691,소상공인시장진흥공단_상가업소정보
음식점,음식점,꼬꼬아찌사상점,35.1632725771786,128.9847956401,소상공인시장진흥공단_상가업소정보
음식점,음식점,행복한빅마마삼겹,35.187253346522,128.990252667331,소상공인시장진흥공단_상가업소정보
생활편의,소매,마네키네코,35.1372845009194,128.97917288247,소상공인시장진흥공단_상가업소정보
음식점,음식점,오메가메,35.166002704988,128.983171954519,소상공인시장진흥공단_상가업소정보
생활편의,소매,오륙도,35.1938096694366,128.993793850906,소상공인시장진흥공단_상가업소정보
음식점,음식점,매콤아구찜,35.1696059611568,128.979956059708,소상공인시장진흥공단_상가업소정보
음식점,음식점,돈딱,35.1645426869025,128.983729099027,소상공인시장진흥공단_상가업소정보
생활편의,문화체육,럭키당구클럽,35.1472151743192,129.000040292878,소상공인시장진흥공단_상가업소정보
생활편의,소매,씨유스튜던트플라자점,35.1461353881176,129.007024708599,소상공인시장진흥공단_상가업소정보
음식점,음식점,맛천지,35.1511128175303,128.997579162853,소상공인시장진흥공단_상가업소정보
생활편의,소매,뿔난미녀,35.1624641791146,128.98463333359,소상공인시장진흥공단_상가업소정보
음식점,음식점,롯데리아신모라점,35.1858393917714,128.991842768436,소상공인시장진흥공단_상가업소정보
생활편의,소매,소호,35.1487446531709,129.002919462882,소상공인시장진흥공단_상가업소정보
생활편의,소매,샬롬의류,35.1876084388651,128.990579667698,소상공인시장진흥공단_상가업소정보
음식점,음식점,베러먼데이감전산업용품,35.1413722494204,128.970549909223,소상공인시장진흥공단_상가업소정보
음식점,음식점,동원초장,35.1560512572211,128.984422652308,소상공인시장진흥공단_상가업소정보
생활편의,소매,마임부산덕포비젼지사,35.169511790384,128.98075493523,소상공인시장진흥공단_상가업소정보
생활편의,소매,다소니화장품,35.1669159686155,128.983534342152,소상공인시장진흥공단_상가업소정보
생활편의,소매,더마트,35.1410129638281,128.983728338407,소상공인시장진흥공단_상가업소정보
음식점,음식점,내껍데기돌리도,35.1498972822348,128.999699976889,소상공인시장진흥공단_상가업소정보
생활편의,문화체육,월드컵노래연습장,35.1717526732052,128.980941002941,소상공인시장진흥공단_상가업소정보
음식점,음식점,푸짐한집,35.1912947693919,128.988353316666,소상공인시장진흥공단_상가업소정보
생활편의,소매,지오에너지세원주유소,35.1469275295257,128.989050567233,소상공인시장진흥공단_상가업소정보
생활편의,문화체육,스타당구클럽,35.1877397942012,128.98971567233,소상공인시장진흥공단_상가업소정보
음식점,음식점,백양스마트밸리구내식당,35.185317888872,129.00106159031,소상공인시장진흥공단_상가업소정보
생활편의,소매,랑트리2,35.1643345532276,128.977721218153,소상공인시장진흥공단_상가업소정보
생활편의,소매,레본트리,35.1413722494204,128.970549909223,소상공인시장진흥공단_상가업소정보
음식점,음식점,최가네해돈왕족발,35.1885087407138,128.988439100513,소상공인시장진흥공단_상가업소정보
생활편의,문화체육,시작스터디카페학장점,35.1384236593255,128.978948140077,소상공인시장진흥공단_상가업소정보
생활편의,소매,디즈니골프,35.1293402113626,128.971181337602,소상공인시장진흥공단_상가업소정보
음식점,음식점,노랑통닭사상점,35.1653221053237,128.984560124567,소상공인시장진흥공단_상가업소정보
음식점,음식점,경동유흥주점,35.165999650759,128.983358443513,소상공인시장진흥공단_상가업소정보
생활편의,소매,올리비아로렌,35.1631457315728,128.980984606691,소상공인시장진흥공단_상가업소정보
생활편의,보건의료,마음튼튼정신건강의학과의원,35.1625611116756,128.984767375224,소상공인시장진흥공단_상가업소정보
음식점,음식점,이디야커피부산사상점,35.1275926627189,128.968364011655,소상공인시장진흥공단_상가업소정보
생활편의,소매,밀레사상애플점,35.1631457315728,128.980984606691,소상공인시장진흥공단_상가업소정보
음식점,음식점,고맙소포차,35.1503141955396,129.006095971916,소상공인시장진흥공단_상가업소정보
생활편의,소매,애플아울렛최애숙,35.1631457315728,128.980984606691,소상공인시장진흥공단_상가업소정보
생활편의,소매,진주이태상회,35.151856613189,128.996192885093,소상공인시장진흥공단_상가업소정보
생활편의,문화체육,바디메틱,35.1871495670047,128.990535541423,소상공인시장진흥공단_상가업소정보
음식점,음식점,도담,35.1799489974972,128.980656968646,소상공인시장진흥공단_상가업소정보
음식점,음식점,더차,35.1699579499191,128.988722513422,소상공인시장진흥공단_상가업소정보
음식점,음식점,천림커피숍,35.1567365486393,128.983298102307,소상공인시장진흥공단_상가업소정보
생활편의,보건의료,약손재활운동,35.1288290361654,128.973242218838,소상공인시장진흥공단_상가업소정보
생활편의,소매,현대상사써비스,35.1825350764892,128.985626241034,소상공인시장진흥공단_상가업소정보
음식점,음식점,한신해물천국,35.1672071668353,128.981159956192,소상공인시장진흥공단_상가업소정보
생활편의,소매,지에스25감전,35.1553088774954,128.986829620414,소상공인시장진흥공단_상가업소정보
음식점,음식점,서해,35.1545189696447,128.997596612018,소상공인시장진흥공단_상가업소정보
음식점,음식점,루이스커피,35.1517376955712,128.991373112644,소상공인시장진흥공단_상가업소정보
음식점,음식점,돈굽기숯불갈비,35.187827905495,128.988740847622,소상공인시장진흥공단_상가업소정보
생활편의,소매,부산출장마사지The테라피,35.1632725771786,128.9847956401,소상공인시장진흥공단_상가업소정보
음식점,음식점,제흥상회,35.1842442241201,128.983615175228,소상공인시장진흥공단_상가업소정보
음식점,음식점,모즈,35.1492874826397,129.001155303035,소상공인시장진흥공단_상가업소정보
음식점,음식점,떳쭝가게,35.1724871810193,128.98066249561,소상공인시장진흥공단_상가업소정보
음식점,음식점,엠비제이,35.1631840185055,128.979745481124,소상공인시장진흥공단_상가업소정보
생활편의,소매,정원텍,35.159757357537,128.980430562506,소상공인시장진흥공단_상가업소정보
음식점,음식점,백곰경양식,35.1557890341296,128.995992707468,소상공인시장진흥공단_상가업소정보
생활편의,소매,라헨,35.1643345532276,128.977721218153,소상공인시장진흥공단_상가업소정보
음식점,음식점,신풍구내매점,35.1488075719497,128.983763947268,소상공인시장진흥공단_상가업소정보
음식점,음식점,송림시골밥상,35.1742026516049,128.983217486389,소상공인시장진흥공단_상가업소정보
생활편의,소매,엄마손반찬,35.1558653614005,128.985317917262,소상공인시장진흥공단_상가업소정보
생활편의,문화체육,보드게임장,35.1694533984414,128.980468174501,소상공인시장진흥공단_상가업소정보
음식점,음식점,제주이마이가,35.1877397942012,128.98971567233,소상공인시장진흥공단_상가업소정보
생활편의,소매,도도샵,35.1643345532276,128.977721218153,소상공인시장진흥공단_상가업소정보
음식점,음식점,호돌이갈비,35.170411625847,128.982488850313,소상공인시장진흥공단_상가업소정보
음식점,음식점,대우식당,35.152463098487,128.975140546172,소상공인시장진흥공단_상가업소정보
음식점,음식점,용감한식당,35.1909037859807,128.984721162933,소상공인시장진흥공단_상가업소정보
음식점,음식점,태양다방,35.1953889568256,128.987629744813,소상공인시장진흥공단_상가업소정보
생활편의,소매,사상독일보청기,35.161681546861,128.984548472799,소상공인시장진흥공단_상가업소정보
생활편의,소매,서가한우직판장,35.1515632303155,129.01283071753,소상공인시장진흥공단_상가업소정보
음식점,음식점,노가리슈퍼,35.164567037231,128.984443007662,소상공인시장진흥공단_상가업소정보
생활편의,소매,탑동일마트,35.1544164208572,129.002169723831,소상공인시장진흥공단_상가업소정보
음식점,음식점,먹거리장터,35.1874219749189,128.99041046102,소상공인시장진흥공단_상가업소정보
음식점,음식점,노래가있는풍경,35.1669911832452,128.98169246349,소상공인시장진흥공단_상가업소정보
생활편의,소매,우리유통,35.1564712638319,128.985738644695,소상공인시장진흥공단_상가업소정보
음식점,음식점,명륜진사갈비사상점,35.1656782042522,128.982626334802,소상공인시장진흥공단_상가업소정보
음식점,음식점,본도시락사상점,35.167949427079,128.980958474429,소상공인시장진흥공단_상가업소정보
음식점,음식점,용궁,35.1926483271448,128.986596912887,소상공인시장진흥공단_상가업소정보
생활편의,문화체육,웰존피씨방,35.1679900319674,128.988926996049,소상공인시장진흥공단_상가업소정보
음식점,음식점,떡갈비칼국수,35.1586168101222,128.985143379021,소상공인시장진흥공단_상가업소정보
생활편의,문화체육,로또노래연습장,35.1686500553902,128.980547460698,소상공인시장진흥공단_상가업소정보
음식점,음식점,김동언분식,35.1902665857131,128.987307344389,소상공인시장진흥공단_상가업소정보
음식점,음식점,은커피숍,35.1546972270359,128.982359795358,소상공인시장진흥공단_상가업소정보
생활편의,소매,황금당,35.1715219922467,128.982921889778,소상공인시장진흥공단_상가업소정보
음식점,음식점,블라썸티,35.1907225471565,128.990271431182,소상공인시장진흥공단_상가업소정보
생활편의,소매,미녀와야수,35.1624641791146,128.98463333359,소상공인시장진흥공단_상가업소정보
생활편의,소매,씨유모라역점,35.187980687257,128.987668800875,소상공인시장진흥공단_상가업소정보
음식점,음식점,신짜글이닭발,35.1862570632297,128.989459974988,소상공인시장진흥공단_상가업소정보
음식점,음식점,정담가정식백반,35.1887097836851,128.989914964904,소상공인시장진흥공단_상가업소정보
음식점,음식점,호야족발,35.1712310099836,128.98253069703,소상공인시장진흥공단_상가업소정보
생활편의,소매,닝,35.1643345532276,128.977721218153,소상공인시장진흥공단_상가업소정보
생활편의,소매,케이더블유,35.1589216090234,128.984141238787,소상공인시장진흥공단_상가업소정보
생활편의,소매,알파사상점,35.1689250980715,128.982463730454,소상공인시장진흥공단_상가업소정보
생활편의,소매,오투,35.1643345532276,128.977721218153,소상공인시장진흥공단_상가업소정보
음식점,음식점,몽돌식당,35.1875699013801,128.985792669596,소상공인시장진흥공단_상가업소정보
음식점,음식점,차이쿡,35.1448778122439,128.990394051244,소상공인시장진흥공단_상가업소정보
생활편의,소매,바이윤,35.1643345532276,128.977721218153,소상공인시장진흥공단_상가업소정보
생활편의,소매,올리브,35.189670376116,128.991233735953,소상공인시장진흥공단_상가업소정보
음식점,음식점,동양다방,35.1568350470452,128.987184959459,소상공인시장진흥공단_상가업소정보
음식점,음식점,소복상회,35.1446102609064,128.983080569322,소상공인시장진흥공단_상가업소정보
음식점,음식점,정곱창,35.1649412670106,128.981401284616,소상공인시장진흥공단_상가업소정보
생활편의,소매,세븐일레븐부산모라벽산점,35.1912838695156,128.992305020322,소상공인시장진흥공단_상가업소정보
음식점,음식점,마부마라탕,35.1486409823261,129.012978166285,소상공인시장진흥공단_상가업소정보
음식점,음식점,그린,35.1754467853343,128.988680619679,소상공인시장진흥공단_상가업소정보
음식점,음식점,불떡볶이집,35.1544164208572,129.002169723831,소상공인시장진흥공단_상가업소정보
생활편의,소매,총각정육,35.1425400037124,128.988428137809,소상공인시장진흥공단_상가업소정보
생활편의,문화체육,엔젤노래연습장,35.1876713485639,128.987847877604,소상공인시장진흥공단_상가업소정보
생활편의,소매,지에스25사상모덕점,35.1822609237578,128.982008304733,소상공인시장진흥공단_상가업소정보
생활편의,문화체육,복드림,35.1886961043143,128.986357970238,소상공인시장진흥공단_상가업소정보
음식점,음식점,진갈비,35.1929570011746,128.993037490525,소상공인시장진흥공단_상가업소정보
음식점,음식점,나이스,35.1640750231973,128.984771246837,소상공인시장진흥공단_상가업소정보
생활편의,소매,코렉스자전거,35.1706124996273,128.982329104054,소상공인시장진흥공단_상가업소정보
음식점,음식점,남이섬닭갈비,35.1271830337408,128.971941052573,소상공인시장진흥공단_상가업소정보
음식점,음식점,역전할머니맥주,35.150815745982,129.012801330143,소상공인시장진흥공단_상가업소정보
음식점,음식점,뚜줄김밥,35.1487446531709,129.002919462882,소상공인시장진흥공단_상가업소정보
음식점,음식점,대동춘해물쟁반짜장,35.1517070643022,128.991591813301,소상공인시장진흥공단_상가업소정보
음식점,음식점,차이나88,35.1890663448545,128.987958707325,소상공인시장진흥공단_상가업소정보
생활편의,소매,다온과일,35.1540764693613,129.003653673329,소상공인시장진흥공단_상가업소정보
생활편의,소매,아이스크림3210,35.1643345532276,128.977721218153,소상공인시장진흥공단_상가업소정보
음식점,음식점,아베크실내포장,35.1918474054924,128.992560293585,소상공인시장진흥공단_상가업소정보
음식점,음식점,규온,35.1247139606362,128.971376953262,소상공인시장진흥공단_상가업소정보
음식점,음식점,아침햇살,35.172035414985,128.997739770651,소상공인시장진흥공단_상가업소정보
생활편의,소매,럭키케이스,35.1644417758639,128.983287683952,소상공인시장진흥공단_상가업소정보
음식점,음식점,노스트로,35.159757357537,128.980430562506,소상공인시장진흥공단_상가업소정보
음식점,음식점,컴포즈커피학장점,35.1403900438137,128.982144386821,소상공인시장진흥공단_상가업소정보
음식점,음식점,수타반점,35.1700716959248,128.980131976907,소상공인시장진흥공단_상가업소정보
생활편의,소매,도쿄1번가,35.159757357537,128.980430562506,소상공인시장진흥공단_상가업소정보
생활편의,소매,태양샷시유리,35.1550855076339,128.982862995245,소상공인시장진흥공단_상가업소정보
생활편의,소매,유펌,35.1643345532276,128.977721218153,소상공인시장진흥공단_상가업소정보
생활편의,소매,서영모바일,35.1550715630814,128.985364462506,소상공인시장진흥공단_상가업소정보
생활편의,소매,제이모바일,35.1671005977886,128.982715743179,소상공인시장진흥공단_상가업소정보
음식점,음식점,상해만두,35.1372294543063,128.976472819526,소상공인시장진흥공단_상가업소정보
생활편의,소매,편한신발,35.187913992555,128.990631031232,소상공인시장진흥공단_상가업소정보
생활편의,소매,기은주얼리,35.1643345532276,128.977721218153,소상공인시장진흥공단_상가업소정보
음식점,음식점,부평족발,35.1358759399535,128.978787731823,소상공인시장진흥공단_상가업소정보
생활편의,소매,주례아이스크림할인점,35.154787726671,128.998239604152,소상공인시장진흥공단_상가업소정보
음식점,음식점,모모스테이크,35.1639523036715,128.984011056435,소상공인시장진흥공단_상가업소정보
음식점,음식점,칠칠켄터키모라점,35.1866586313737,128.990249138056,소상공인시장진흥공단_상가업소정보
생활편의,소매,한별통신,35.1629601677363,128.984612465139,소상공인시장진흥공단_상가업소정보
음식점,음식점,희야네포차,35.1661695482976,128.983439390405,소상공인시장진흥공단_상가업소정보
음식점,음식점,하삼동감전점,35.1572052575697,128.986041788845,소상공인시장진흥공단_상가업소정보
생활편의,소매,무크애플사상,35.1631457315728,128.980984606691,소상공인시장진흥공단_상가업소정보
생활편의,소매,민아네,35.1692949425143,128.981891048743,소상공인시장진흥공단_상가업소정보
음식점,음식점,지연이네아구찜,35.1874473957722,128.986119003627,소상공인시장진흥공단_상가업소정보
음식점,음식점,교촌치킨동서대점,35.149764508868,129.013697085328,소상공인시장진흥공단_상가업소정보
생활편의,소매,천일리테일,35.1631457315728,128.980984606691,소상공인시장진흥공단_상가업소정보
생활편의,소매,몽코,35.1643345532276,128.977721218153,소상공인시장진흥공단_상가업소정보
음식점,음식점,24시전주명가콩나물국밥,35.1742909772668,128.984426928273,소상공인시장진흥공단_상가업소정보
음식점,음식점,검정고무신,35.1486403578056,129.012473443385,소상공인시장진흥공단_상가업소정보
생활편의,소매,골마켓북,35.1500241771586,128.98925761477,소상공인시장진흥공단_상가업소정보
생활편의,소매,온천냥이행복사회적협동조합,35.1485674442412,128.971425620623,소상공인시장진흥공단_상가업소정보
생활편의,소매,뉴콜넷,35.1599693336308,128.977385068627,소상공인시장진흥공단_상가업소정보
음식점,음식점,리수스과수원사상점,35.1654765189028,128.981183813001,소상공인시장진흥공단_상가업소정보
생활편의,문화체육,한영당구클럽,35.1541184517057,128.997839189834,소상공인시장진흥공단_상가업소정보
생활편의,소매,다이짱식육점,35.1712394200004,128.981466325078,소상공인시장진흥공단_상가업소정보
음식점,음식점,청현,35.1638682404909,128.986390374958,소상공인시장진흥공단_상가업소정보
음식점,음식점,엄마의부엌,35.1584284953156,128.983986607581,소상공인시장진흥공단_상가업소정보
생활편의,소매,아름스파,35.1544934637574,128.987095080128,소상공인시장진흥공단_상가업소정보
생활편의,소매,꽃들리에,35.1689730562733,128.980083383105,소상공인시장진흥공단_상가업소정보
생활편의,문화체육,골프존24시,35.1615284862429,128.982339039399,소상공인시장진흥공단_상가업소정보
생활편의,소매,농심가모라,35.1880040912363,128.985693464425,소상공인시장진흥공단_상가업소정보
음식점,음식점,더하다신모라점,35.1921875451144,128.992700335248,소상공인시장진흥공단_상가업소정보
음식점,음식점,051카페,35.1616756994107,128.982704745487,소상공인시장진흥공단_상가업소정보
음식점,음식점,삼우정숯불갈비,35.1727947884434,128.989384279117,소상공인시장진흥공단_상가업소정보
음식점,음식점,현현주점,35.1542681897586,128.997502698247,소상공인시장진흥공단_상가업소정보
음식점,음식점,큰맘할매순대국부산,35.1497991331777,129.004547235205,소상공인시장진흥공단_상가업소정보
생활편의,소매,성진상회,35.1428710835078,128.985825050861,소상공인시장진흥공단_상가업소정보
생활편의,보건의료,생명선내과심장혈관흉부외과의원,35.1625611116756,128.984767375224,소상공인시장진흥공단_상가업소정보
음식점,음식점,수맥집,35.1255867845505,128.970904392511,소상공인시장진흥공단_상가업소정보
생활편의,소매,지유,35.1643345532276,128.977721218153,소상공인시장진흥공단_상가업소정보
생활편의,문화체육,뉴다빈치당구클럽,35.1637851437426,128.984862967605,소상공인시장진흥공단_상가업소정보
음식점,음식점,김해떡방앗간,35.1723904364075,128.984369754513,소상공인시장진흥공단_상가업소정보
음식점,음식점,부림생오리,35.1563442865572,128.987436372637,소상공인시장진흥공단_상가업소정보
생활편의,문화체육,에이스당구클럽,35.1692931444468,128.979246089531,소상공인시장진흥공단_상가업소정보
음식점,음식점,찐심버블밀크,35.1732031051324,128.983171253092,소상공인시장진흥공단_상가업소정보
생활편의,소매,골드,35.1643345532276,128.977721218153,소상공인시장진흥공단_상가업소정보
생활편의,소매,디지털마트,35.1413722494204,128.970549909223,소상공인시장진흥공단_상가업소정보
음식점,음식점,가마치통닭사상점,35.1644436388412,128.984824102215,소상공인시장진흥공단_상가업소정보
생활편의,소매,테크만피싱,35.156395635489,128.987602216993,소상공인시장진흥공단_상가업소정보
음식점,음식점,축제라이브,35.1652611603207,128.983329532673,소상공인시장진흥공단_상가업소정보
생활편의,소매,금강탑마트,35.1358759399535,128.978787731823,소상공인시장진흥공단_상가업소정보
음식점,음식점,블랙화이트,35.1928407994657,128.992979762037,소상공인시장진흥공단_상가업소정보
생활편의,소매,사상점아모레화장품,35.1286093546013,128.96846526974,소상공인시장진흥공단_상가업소정보
생활편의,소매,크림,35.1850722910626,128.99081417282,소상공인시장진흥공단_상가업소정보
음식점,음식점,경영이식당,35.1912340555911,128.988209126926,소상공인시장진흥공단_상가업소정보
생활편의,소매,더블에스테크,35.1833491996014,128.98433983056,소상공인시장진흥공단_상가업소정보
음식점,음식점,고금식당,35.1503393529896,129.011099885601,소상공인시장진흥공단_상가업소정보
생활편의,소매,탐나,35.1372845009194,128.97917288247,소상공인시장진흥공단_상가업소정보
생활편의,소매,행운약국,35.1866708607933,128.991149556118,소상공인시장진흥공단_상가업소정보
음식점,음식점,이야기포차,35.1923815680874,128.992957564861,소상공인시장진흥공단_상가업소정보
음식점,음식점,비어스토리시즌투,35.1404949731528,128.988937899548,소상공인시장진흥공단_상가업소정보
생활편의,소매,세사리빙르네시떼점,35.1643345532276,128.977721218153,소상공인시장진흥공단_상가업소정보
음식점,음식점,달콤부부,35.1629601677363,128.984612465139,소상공인시장진흥공단_상가업소정보
음식점,음식점,텐퍼센트주례역점,35.1501405441545,129.002975625371,소상공인시장진흥공단_상가업소정보
생활편의,소매,가희,35.1643345532276,128.977721218153,소상공인시장진흥공단_상가업소정보
생활편의,소매,1001안경콘텍트,35.1275926627189,128.968364011655,소상공인시장진흥공단_상가업소정보
음식점,음식점,도깨비,35.1209670674631,128.962369425065,소상공인시장진흥공단_상가업소정보
생활편의,소매,아모르,35.1643345532276,128.977721218153,소상공인시장진흥공단_상가업소정보
음식점,음식점,부산상회,35.1796349445729,128.977817500901,소상공인시장진흥공단_상가업소정보
음식점,음식점,최가국밥,35.1490744615923,129.01292301375,소상공인시장진흥공단_상가업소정보
생활편의,소매,행복휴대폰마트,35.167195139768,128.981894953798,소상공인시장진흥공단_상가업소정보
생활편의,소매,일삼일오,35.1643345532276,128.977721218153,소상공인시장진흥공단_상가업소정보
생활편의,소매,정남슈퍼,35.1389215249532,128.982119746166,소상공인시장진흥공단_상가업소정보
생활편의,소매,칠성에너지기업사,35.1388902422043,128.97133481552,소상공인시장진흥공단_상가업소정보
음식점,음식점,부산사상시니어클럽할매손김밥,35.1877516917564,128.986247160318,소상공인시장진흥공단_상가업소정보
생활편의,소매,양산도민물장어직판장,35.1305401871608,128.97054112229,소상공인시장진흥공단_상가업소정보
음식점,음식점,서울뚝배기식당,35.154965849098,128.979710890232,소상공인시장진흥공단_상가업소정보
생활편의,소매,마젤토브,35.1643345532276,128.977721218153,소상공인시장진흥공단_상가업소정보
생활편의,소매,산사랑,35.1850978569207,128.991451454292,소상공인시장진흥공단_상가업소정보
생활편의,소매,미센스,35.1275926627189,128.968364011655,소상공인시장진흥공단_상가업소정보
생활편의,소매,시떼편의점,35.1643345532276,128.977721218153,소상공인시장진흥공단_상가업소정보
생활편의,소매,알뜰재활용마트,35.1853688711372,128.987023401616,소상공인시장진흥공단_상가업소정보
생활편의,소매,막스마라Ⅱ,35.1643345532276,128.977721218153,소상공인시장진흥공단_상가업소정보
음식점,음식점,가마솥튀김,35.1858685634647,128.992260604986,소상공인시장진흥공단_상가업소정보
생활편의,소매,세븐부산덕포공단점,35.1740313102142,128.979920707113,소상공인시장진흥공단_상가업소정보
생활편의,소매,새천년가구,35.1290281125951,128.968760554,소상공인시장진흥공단_상가업소정보
생활편의,소매,365착한안경,35.1546531479643,128.998203394018,소상공인시장진흥공단_상가업소정보
생활편의,소매,나우모바일,35.1731232264688,128.989139852053,소상공인시장진흥공단_상가업소정보
생활편의,소매,가보,35.1643345532276,128.977721218153,소상공인시장진흥공단_상가업소정보
생활편의,소매,실버스톤,35.1643345532276,128.977721218153,소상공인시장진흥공단_상가업소정보
생활편의,소매,멜로즈,35.1643345532276,128.977721218153,소상공인시장진흥공단_상가업소정보
생활편의,소매,보아,35.1643345532276,128.977721218153,소상공인시장진흥공단_상가업소정보
음식점,음식점,금손맛집,35.1396288869265,128.980195074325,소상공인시장진흥공단_상가업소정보
생활편의,소매,비앤아이,35.1920851337944,128.989064182105,소상공인시장진흥공단_상가업소정보
음식점,음식점,컴포즈커피사상,35.1525754682564,128.989747660637,소상공인시장진흥공단_상가업소정보
생활편의,소매,제이와이유통,35.1631457315728,128.980984606691,소상공인시장진흥공단_상가업소정보
생활편의,문화체육,백양골프아카데미,35.1536981461065,128.997642376732,소상공인시장진흥공단_상가업소정보
생활편의,소매,눈나라안경,35.1705031216899,128.988999190444,소상공인시장진흥공단_상가업소정보
음식점,음식점,사랑방,35.164442951134,128.985965390848,소상공인시장진흥공단_상가업소정보
음식점,음식점,태백이,35.1311426695759,128.971729394244,소상공인시장진흥공단_상가업소정보
음식점,음식점,이디야사상점,35.1642343045877,128.978893016647,소상공인시장진흥공단_상가업소정보
생활편의,소매,삼성상회,35.1409522428767,128.980830537005,소상공인시장진흥공단_상가업소정보
생활편의,소매,하늘무역,35.152314762758,129.009360009863,소상공인시장진흥공단_상가업소정보
생활편의,소매,개미투,35.1643345532276,128.977721218153,소상공인시장진흥공단_상가업소정보
음식점,음식점,티바두마리치킨,35.1410051289145,128.985856510526,소상공인시장진흥공단_상가업소정보
음식점,음식점,대림반점,35.1356390078327,128.992692231145,소상공인시장진흥공단_상가업소정보
생활편의,소매,한누리정보기술주,35.1532763745884,128.981074441847,소상공인시장진흥공단_상가업소정보
음식점,음식점,이노아이엔에프주,35.1611336193152,128.983339031059,소상공인시장진흥공단_상가업소정보
생활편의,소매,무진산업,35.1815991175664,128.984999766373,소상공인시장진흥공단_상가업소정보
음식점,음식점,꼬꼬네치킨족발,35.192392405621,128.992299159422,소상공인시장진흥공단_상가업소정보
음식점,음식점,의령한우국밥,35.1319555568549,128.97161736028,소상공인시장진흥공단_상가업소정보
음식점,음식점,민속떡방앗간,35.1716479849331,128.98072993644,소상공인시장진흥공단_상가업소정보
음식점,음식점,점핑방방키즈카페,35.1281008721445,128.973685355315,소상공인시장진흥공단_상가업소정보
생활편의,소매,해인,35.1445641489923,128.989739098835,소상공인시장진흥공단_상가업소정보
음식점,음식점,다정가,35.1555326421677,128.986922845853,소상공인시장진흥공단_상가업소정보
생활편의,소매,한솔인테리어,35.1362251162108,128.975614792735,소상공인시장진흥공단_상가업소정보
음식점,음식점,올리브장작,35.1629314105408,128.987464976419,소상공인시장진흥공단_상가업소정보
음식점,음식점,해물육탄전,35.1862570632297,128.989459974988,소상공인시장진흥공단_상가업소정보
생활편의,소매,부산골프,35.162449940188,128.976687932921,소상공인시장진흥공단_상가업소정보
생활편의,소매,대우건재철물,35.1914219575699,128.986095006674,소상공인시장진흥공단_상가업소정보
생활편의,문화체육,매직노래연습장,35.1873657614152,128.990540815692,소상공인시장진흥공단_상가업소정보
생활편의,소매,보훈카오디오,35.1523733326622,129.004193441513,소상공인시장진흥공단_상가업소정보
음식점,음식점,뮤직파워,35.1421420157029,128.987968640547,소상공인시장진흥공단_상가업소정보
음식점,음식점,하동뚝배기,35.1420446494914,128.971871682865,소상공인시장진흥공단_상가업소정보
음식점,음식점,돌쇠깍두기,35.1507423322326,129.002551489909,소상공인시장진흥공단_상가업소정보
음식점,음식점,무한사랑김치찌개,35.1619108542859,128.980449860215,소상공인시장진흥공단_상가업소정보
생활편의,소매,GS25괘법희망,35.1641342856522,128.984454439716,소상공인시장진흥공단_상가업소정보
음식점,음식점,더벤티,35.1466051824775,129.0074970561,소상공인시장진흥공단_상가업소정보
생활편의,소매,제노시스템,35.1499525025911,129.000721734361,소상공인시장진흥공단_상가업소정보
음식점,음식점,쮸JJU,35.1572716963166,128.984737602317,소상공인시장진흥공단_상가업소정보
음식점,음식점,야행성,35.1640530323782,128.984463439269,소상공인시장진흥공단_상가업소정보
음식점,음식점,꾸꾸닭직불구이,35.172243876203,128.982313840125,소상공인시장진흥공단_상가업소정보
음식점,음식점,노랑통닭,35.1380644762649,128.977765594602,소상공인시장진흥공단_상가업소정보
생활편의,소매,하이오피스,35.1582713246218,128.989173140537,소상공인시장진흥공단_상가업소정보
음식점,음식점,김밥천국,35.1501596378499,129.004545107635,소상공인시장진흥공단_상가업소정보
음식점,음식점,오이시,35.1495258721179,129.004178453832,소상공인시장진흥공단_상가업소정보
생활편의,소매,애바다의류잡화,35.1260385347917,128.970279079993,소상공인시장진흥공단_상가업소정보
생활편의,소매,옷사랑,35.1560227185116,128.982863798543,소상공인시장진흥공단_상가업소정보
생활편의,소매,mg유통,35.1275926627189,128.968364011655,소상공인시장진흥공단_상가업소정보
생활편의,문화체육,더몽피시사상역점,35.1633830305276,128.985204360629,소상공인시장진흥공단_상가업소정보
생활편의,소매,종합자전거,35.1576608820284,128.985734644735,소상공인시장진흥공단_상가업소정보
생활편의,소매,피시닥터,35.1413722494204,128.970549909223,소상공인시장진흥공단_상가업소정보
생활편의,소매,센텀약국,35.1614204896424,128.984531155629,소상공인시장진흥공단_상가업소정보
생활편의,소매,대풍상회,35.1291236480733,128.972305962418,소상공인시장진흥공단_상가업소정보
생활편의,소매,가락오디오,35.1562556530028,128.990638326445,소상공인시장진흥공단_상가업소정보
생활편의,소매,BYC신모라점,35.183118060012,128.991282396829,소상공인시장진흥공단_상가업소정보
생활편의,소매,해피문구,35.154507988573,129.016206050758,소상공인시장진흥공단_상가업소정보
생활편의,소매,씨유사상,35.1501671075107,129.011161478576,소상공인시장진흥공단_상가업소정보
생활편의,소매,아이리더,35.1389274039332,128.979004218476,소상공인시장진흥공단_상가업소정보
생활편의,소매,미미미,35.1643345532276,128.977721218153,소상공인시장진흥공단_상가업소정보
생활편의,문화체육,골드리버골프클럽,35.1231153895995,128.966599998437,소상공인시장진흥공단_상가업소정보
음식점,음식점,사상한방장어,35.1628838321012,128.98652006516,소상공인시장진흥공단_상가업소정보
생활편의,소매,잇츠하비,35.1589216090234,128.984141238787,소상공인시장진흥공단_상가업소정보
생활편의,소매,부영석유도매주유소주,35.151646073495,128.973847996734,소상공인시장진흥공단_상가업소정보
생활편의,소매,선진레포츠,35.1747334166048,128.977764589235,소상공인시장진흥공단_상가업소정보
음식점,음식점,주왕산삼계탕,35.1619108542859,128.980449860215,소상공인시장진흥공단_상가업소정보
생활편의,소매,천냥프라자,35.1710140954741,128.982569329588,소상공인시장진흥공단_상가업소정보
음식점,음식점,매화,35.1517787937466,128.995993481202,소상공인시장진흥공단_상가업소정보
생활편의,소매,재클린,35.1643345532276,128.977721218153,소상공인시장진흥공단_상가업소정보
음식점,음식점,사상맛집사상금돼지,35.1630933306214,128.98528510965,소상공인시장진흥공단_상가업소정보
생활편의,소매,대박무역,35.1729645386856,128.979576552306,소상공인시장진흥공단_상가업소정보
음식점,음식점,푸른통닭,35.1705886771725,128.981582230765,소상공인시장진흥공단_상가업소정보
음식점,음식점,성화구내식당,35.1477355052385,128.985943260849,소상공인시장진흥공단_상가업소정보
생활편의,소매,신발장,35.1643345532276,128.977721218153,소상공인시장진흥공단_상가업소정보
생활편의,소매,이소약국,35.1615738083161,128.984523907415,소상공인시장진흥공단_상가업소정보
음식점,음식점,채미식당,35.1506851151975,128.994002735696,소상공인시장진흥공단_상가업소정보
생활편의,문화체육,장난감이야기,35.1498000253218,129.012644643146,소상공인시장진흥공단_상가업소정보
생활편의,소매,넝쿨,35.1643345532276,128.977721218153,소상공인시장진흥공단_상가업소정보
생활편의,소매,명가축산,35.1814391589535,128.989803527157,소상공인시장진흥공단_상가업소정보
음식점,음식점,피자스쿨동서대경남정보대점,35.1486453565966,129.01271494838,소상공인시장진흥공단_상가업소정보
생활편의,소매,지에스25사상리치점,35.1603667766057,128.986689286872,소상공인시장진흥공단_상가업소정보
생활편의,소매,동우이엔씨주,35.1474844201129,128.999015535943,소상공인시장진흥공단_상가업소정보
음식점,음식점,행복한새밭마을팔방미인협동조합새밭마을행복센터,35.1395368673887,128.978656939442,소상공인시장진흥공단_상가업소정보
생활편의,소매,일번지마트,35.1700986386271,128.979035143944,소상공인시장진흥공단_상가업소정보
음식점,음식점,춘추관,35.1471967332085,129.009321922337,소상공인시장진흥공단_상가업소정보
음식점,음식점,옥해아구찜,35.1553298472362,128.98059754152,소상공인시장진흥공단_상가업소정보
생활편의,소매,아모레카운셀러,35.151031285157,129.01338816794,소상공인시장진흥공단_상가업소정보
음식점,음식점,여울목,35.1950174437856,128.994328368624,소상공인시장진흥공단_상가업소정보
음식점,음식점,덕분에식당,35.146523876657,128.994416858129,소상공인시장진흥공단_상가업소정보
생활편의,소매,큰사랑약국,35.1490064175128,129.007248835307,소상공인시장진흥공단_상가업소정보
생활편의,소매,신흥특수모터,35.1540170789937,128.993052628895,소상공인시장진흥공단_상가업소정보
생활편의,소매,우리주유소,35.1694246676758,128.988270533766,소상공인시장진흥공단_상가업소정보
생활편의,소매,안나수,35.1643345532276,128.977721218153,소상공인시장진흥공단_상가업소정보
생활편의,소매,캠브리지,35.1643345532276,128.977721218153,소상공인시장진흥공단_상가업소정보
생활편의,소매,코코키즈,35.1643345532276,128.977721218153,소상공인시장진흥공단_상가업소정보
음식점,음식점,가락촌,35.1305124233891,128.968368479457,소상공인시장진흥공단_상가업소정보
생활편의,소매,폴카,35.1643345532276,128.977721218153,소상공인시장진흥공단_상가업소정보
생활편의,소매,이마트24시부산모덕점,35.1810858462776,128.985525122471,소상공인시장진흥공단_상가업소정보
생활편의,문화체육,명전,35.1611354320674,128.980474951713,소상공인시장진흥공단_상가업소정보
생활편의,소매,태영텔레콤,35.1876263021207,128.988944500541,소상공인시장진흥공단_상가업소정보
음식점,음식점,미남식당,35.1552494484817,128.988803287604,소상공인시장진흥공단_상가업소정보
생활편의,소매,엘,35.1643345532276,128.977721218153,소상공인시장진흥공단_상가업소정보
음식점,음식점,백년오리,35.1543548701228,128.997164663822,소상공인시장진흥공단_상가업소정보
생활편의,소매,하우스데코,35.1643345532276,128.977721218153,소상공인시장진흥공단_상가업소정보
생활편의,소매,희망석유,35.152485367107,129.002868524613,소상공인시장진흥공단_상가업소정보
생활편의,소매,인회컴퓨터,35.1413722494204,128.970549909223,소상공인시장진흥공단_상가업소정보
생활편의,소매,사상온누리약국,35.1629601677363,128.984612465139,소상공인시장진흥공단_상가업소정보
생활편의,소매,베베송,35.1643345532276,128.977721218153,소상공인시장진흥공단_상가업소정보
생활편의,소매,빅죠,35.1643345532276,128.977721218153,소상공인시장진흥공단_상가업소정보
생활편의,소매,자미와상회,35.1643345532276,128.977721218153,소상공인시장진흥공단_상가업소정보
음식점,음식점,오대양횟집,35.1500575540544,129.011246558702,소상공인시장진흥공단_상가업소정보
음식점,음식점,해리스동서대점,35.1464528847826,129.009073227714,소상공인시장진흥공단_상가업소정보
생활편의,소매,골드스타,35.1858685634647,128.992260604986,소상공인시장진흥공단_상가업소정보
생활편의,소매,서부산IC주유소,35.146163636036,128.988922257279,소상공인시장진흥공단_상가업소정보
생활편의,소매,아이시스,35.1643345532276,128.977721218153,소상공인시장진흥공단_상가업소정보
생활편의,소매,금수레,35.1643345532276,128.977721218153,소상공인시장진흥공단_상가업소정보
생활편의,소매,이레산업,35.1740881809789,128.97699165371,소상공인시장진흥공단_상가업소정보
생활편의,소매,BS블레슈,35.1509119595971,129.004826898796,소상공인시장진흥공단_상가업소정보
음식점,음식점,맘스터치,35.1362251162108,128.975614792735,소상공인시장진흥공단_상가업소정보
음식점,음식점,달꼬,35.1496464452186,129.012125174243,소상공인시장진흥공단_상가업소정보
음식점,음식점,파란풍차제과점,35.1722620990096,128.982852064876,소상공인시장진흥공단_상가업소정보
생활편의,소매,올스본,35.1501515473022,129.002855201701,소상공인시장진흥공단_상가업소정보
음식점,음식점,제미니,35.1539954450436,129.016138537896,소상공인시장진흥공단_상가업소정보
음식점,음식점,남천각,35.1817241374579,128.984519844862,소상공인시장진흥공단_상가업소정보
생활편의,소매,디지털컴텍,35.1518206686707,129.014691383383,소상공인시장진흥공단_상가업소정보
음식점,음식점,김밥시대,35.1727947884434,128.989384279117,소상공인시장진흥공단_상가업소정보
생활편의,소매,조아인테리어,35.1902256288595,128.99144488387,소상공인시장진흥공단_상가업소정보
생활편의,소매,모라열쇠,35.187980687257,128.987668800875,소상공인시장진흥공단_상가업소정보
음식점,음식점,초원쌈밥,35.1512387502556,128.997593214133,소상공인시장진흥공단_상가업소정보
생활편의,소매,미스,35.1643345532276,128.977721218153,소상공인시장진흥공단_상가업소정보
생활편의,문화체육,황금스크린골프,35.1511740962258,128.98563183602,소상공인시장진흥공단_상가업소정보
생활편의,문화체육,라일락,35.1511128175303,128.997579162853,소상공인시장진흥공단_상가업소정보
음식점,음식점,설화,35.1604769681724,128.984365573348,소상공인시장진흥공단_상가업소정보
생활편의,소매,OK컴퓨터,35.1508661898663,129.010849520584,소상공인시장진흥공단_상가업소정보
생활편의,소매,우리컴퓨터,35.1288290361654,128.973242218838,소상공인시장진흥공단_상가업소정보
생활편의,소매,매직컴,35.1499525025911,129.000721734361,소상공인시장진흥공단_상가업소정보
음식점,음식점,평강참숯구이,35.155849669654,128.981323386248,소상공인시장진흥공단_상가업소정보
생활편의,소매,엔시스,35.1529541464604,128.986991803839,소상공인시장진흥공단_상가업소정보
생활편의,소매,킹스컴,35.1499525025911,129.000721734361,소상공인시장진흥공단_상가업소정보
생활편의,소매,어스,35.1643345532276,128.977721218153,소상공인시장진흥공단_상가업소정보
생활편의,소매,뉴발란스애플점,35.1631457315728,128.980984606691,소상공인시장진흥공단_상가업소정보
생활편의,소매,블루스카이,35.1643345532276,128.977721218153,소상공인시장진흥공단_상가업소정보
음식점,음식점,가야공원돼지국밥,35.1909293590161,128.990847314055,소상공인시장진흥공단_상가업소정보
생활편의,소매,클래식캠퍼,35.1473319161179,128.985275144887,소상공인시장진흥공단_상가업소정보
음식점,음식점,천하대패,35.1635806527091,128.984693387821,소상공인시장진흥공단_상가업소정보
생활편의,소매,컴텍,35.1499525025911,129.000721734361,소상공인시장진흥공단_상가업소정보
생활편의,소매,에스-다이어리,35.1643345532276,128.977721218153,소상공인시장진흥공단_상가업소정보
생활편의,소매,지아,35.1643345532276,128.977721218153,소상공인시장진흥공단_상가업소정보
생활편의,소매,한솔유통,35.150866571394,129.003212868476,소상공인시장진흥공단_상가업소정보
생활편의,소매,부산컴퓨터프라자,35.1499525025911,129.000721734361,소상공인시장진흥공단_상가업소정보
생활편의,소매,HY,35.1499358748244,129.012604101201,소상공인시장진흥공단_상가업소정보
생활편의,소매,대성종합창호,35.187383804914,128.986699246033,소상공인시장진흥공단_상가업소정보
생활편의,소매,오션어클락,35.1643345532276,128.977721218153,소상공인시장진흥공단_상가업소정보
음식점,음식점,쫄아닥,35.148606330097,129.012351914411,소상공인시장진흥공단_상가업소정보
생활편의,소매,샤인덴탈부산,35.1532763745884,128.981074441847,소상공인시장진흥공단_상가업소정보
생활편의,소매,스페셜오더,35.1915169862898,128.98249662227,소상공인시장진흥공단_상가업소정보
생활편의,소매,에버그린,35.1516099040832,129.006215565052,소상공인시장진흥공단_상가업소정보
생활편의,소매,조은컴퓨터,35.1499525025911,129.000721734361,소상공인시장진흥공단_상가업소정보
음식점,음식점,부산오돌족발,35.1717526732052,128.980941002941,소상공인시장진흥공단_상가업소정보
생활편의,소매,미진마트덕포점,35.1724823876993,128.989201063769,소상공인시장진흥공단_상가업소정보
생활편의,소매,카피앤칼라,35.1484517548515,129.01134966653,소상공인시장진흥공단_상가업소정보
생활편의,소매,지센모라점,35.1873657614152,128.990540815692,소상공인시장진흥공단_상가업소정보
생활편의,소매,라팡,35.1643345532276,128.977721218153,소상공인시장진흥공단_상가업소정보
생활편의,소매,1080안경원,35.1481343634469,129.000040847774,소상공인시장진흥공단_상가업소정보
생활편의,소매,온달유통,35.1760183615338,128.977993283824,소상공인시장진흥공단_상가업소정보
생활편의,소매,한아름인테리어,35.1544802234879,128.997760255398,소상공인시장진흥공단_상가업소정보
음식점,음식점,행복한김밥이야기,35.1404996756186,128.983704909848,소상공인시장진흥공단_상가업소정보
음식점,음식점,대보반점,35.1486886300407,129.016073417295,소상공인시장진흥공단_상가업소정보
음식점,음식점,덕포호프,35.1696661029095,128.982339050256,소상공인시장진흥공단_상가업소정보
음식점,음식점,드림나눔,35.1629601677363,128.984612465139,소상공인시장진흥공단_상가업소정보
생활편의,소매,동신전기,35.159757357537,128.980430562506,소상공인시장진흥공단_상가업소정보
음식점,음식점,바다회,35.1669024179737,128.98271093104,소상공인시장진흥공단_상가업소정보
생활편의,소매,중앙주유소,35.1775620669257,128.976724563294,소상공인시장진흥공단_상가업소정보
생활편의,소매,크로커다일신모라점,35.1882908892481,128.990728045034,소상공인시장진흥공단_상가업소정보
음식점,음식점,화룡,35.1484552765905,129.012765125627,소상공인시장진흥공단_상가업소정보
음식점,음식점,밀양꼬리식당,35.1631052757551,128.988401989519,소상공인시장진흥공단_상가업소정보
음식점,음식점,세영식품(,35.1941647333295,128.98974064074,소상공인시장진흥공단_상가업소정보
생활편의,소매,소년소녀책방,35.1740703256446,128.986342256893,소상공인시장진흥공단_상가업소정보
생활편의,소매,비즈콤,35.1461745485684,129.005204387117,소상공인시장진흥공단_상가업소정보
생활편의,소매,오클린바이오주,35.1520148393462,129.016561471025,소상공인시장진흥공단_상가업소정보
음식점,음식점,청송식당,35.1566430315047,128.980201431984,소상공인시장진흥공단_상가업소정보
음식점,음식점,VIP노래연습장,35.1632725771786,128.9847956401,소상공인시장진흥공단_상가업소정보
생활편의,문화체육,궁전노래연습장,35.1873452381724,128.98575427025,소상공인시장진흥공단_상가업소정보
음식점,음식점,풍천민물장어,35.1628097613189,128.985541589104,소상공인시장진흥공단_상가업소정보
생활편의,소매,경포수퍼,35.1507999369113,129.001247207918,소상공인시장진흥공단_상가업소정보
음식점,음식점,퀸다방,35.1869944505395,128.985163945421,소상공인시장진흥공단_상가업소정보
생활편의,소매,제일슈퍼,35.1674298533682,128.985171050559,소상공인시장진흥공단_상가업소정보
생활편의,소매,대성상회,35.1683447679585,128.987629658646,소상공인시장진흥공단_상가업소정보
음식점,음식점,남영통닭,35.1705031216899,128.988999190444,소상공인시장진흥공단_상가업소정보
음식점,음식점,창성숯불갈비,35.1555931685754,128.986529293762,소상공인시장진흥공단_상가업소정보
음식점,음식점,오뚜기제과,35.1282201658735,128.975212959693,소상공인시장진흥공단_상가업소정보
생활편의,소매,협동상회,35.145812138099,128.990570410023,소상공인시장진흥공단_상가업소정보
생활편의,소매,신흥공구철물,35.1695027501479,128.983509385214,소상공인시장진흥공단_상가업소정보
생활편의,소매,드림오피스,35.145645924954,128.98477337928,소상공인시장진흥공단_상가업소정보
생활편의,소매,사상구상설재활용센타,35.1725377588606,128.983078263879,소상공인시장진흥공단_상가업소정보
생활편의,소매,타이즈엔타이즈,35.1643345532276,128.977721218153,소상공인시장진흥공단_상가업소정보
음식점,음식점,진주반점,35.1940836645412,128.985347432861,소상공인시장진흥공단_상가업소정보
생활편의,소매,아이린,35.1590878075662,128.987195872616,소상공인시장진흥공단_상가업소정보
음식점,음식점,궁전,35.1927242364125,128.992943980655,소상공인시장진흥공단_상가업소정보
생활편의,소매,블랙매치샵,35.1643345532276,128.977721218153,소상공인시장진흥공단_상가업소정보
생활편의,소매,밀레차일드,35.1643345532276,128.977721218153,소상공인시장진흥공단_상가업소정보
생활편의,소매,키즈클럽,35.1643345532276,128.977721218153,소상공인시장진흥공단_상가업소정보
생활편의,소매,첼로,35.1643345532276,128.977721218153,소상공인시장진흥공단_상가업소정보
음식점,음식점,삼진갈비,35.1587926871826,128.986508346305,소상공인시장진흥공단_상가업소정보
생활편의,소매,옥스,35.1643345532276,128.977721218153,소상공인시장진흥공단_상가업소정보
생활편의,소매,누리마트,35.1837239937684,128.99935405324,소상공인시장진흥공단_상가업소정보
생활편의,소매,소라상회,35.1489000784313,128.985817957306,소상공인시장진흥공단_상가업소정보
음식점,음식점,성원반점,35.1840730181925,128.993490066222,소상공인시장진흥공단_상가업소정보
음식점,음식점,복성루,35.1668732867777,128.983939358903,소상공인시장진흥공단_상가업소정보
생활편의,소매,쟝띠모아,35.1643345532276,128.977721218153,소상공인시장진흥공단_상가업소정보
생활편의,소매,사상샷시，샷타공업사,35.1656835289514,128.98505177561,소상공인시장진흥공단_상가업소정보
생활편의,소매,동아상회,35.1643345532276,128.977721218153,소상공인시장진흥공단_상가업소정보
생활편의,소매,타이디,35.1643345532276,128.977721218153,소상공인시장진흥공단_상가업소정보
음식점,음식점,롯데술마시는노래방,35.1635446535092,128.985789909875,소상공인시장진흥공단_상가업소정보
음식점,음식점,푸드랜드,35.1538898543664,128.9848858643,소상공인시장진흥공단_상가업소정보
생활편의,소매,매진사,35.1643345532276,128.977721218153,소상공인시장진흥공단_상가업소정보
생활편의,소매,철물/공구소매업,35.166829884543,128.984388255345,소상공인시장진흥공단_상가업소정보
음식점,음식점,샛별,35.1611992778938,128.985381725501,소상공인시장진흥공단_상가업소정보
생활편의,문화체육,에이스당구클럽,35.1470577891315,129.010635109274,소상공인시장진흥공단_상가업소정보
음식점,음식점,주문진산오징어,35.1627576906473,128.985419610642,소상공인시장진흥공단_상가업소정보
생활편의,소매,순자상회,35.1786153011376,128.987254107761,소상공인시장진흥공단_상가업소정보
생활편의,소매,보광전기,35.1546546699184,128.99701837472,소상공인시장진흥공단_상가업소정보
음식점,음식점,요리주점,35.1721245866895,128.988489938192,소상공인시장진흥공단_상가업소정보
생활편의,소매,만복주방,35.174414263312,128.986800618443,소상공인시장진흥공단_상가업소정보
생활편의,소매,9988골드샵,35.1643345532276,128.977721218153,소상공인시장진흥공단_상가업소정보
음식점,음식점,중국관,35.1593704980969,128.988640266008,소상공인시장진흥공단_상가업소정보
음식점,음식점,대복식당,35.1621034730049,128.980794718478,소상공인시장진흥공단_상가업소정보
생활편의,소매,플로티나,35.1643345532276,128.977721218153,소상공인시장진흥공단_상가업소정보
생활편의,소매,치마바람,35.1643345532276,128.977721218153,소상공인시장진흥공단_상가업소정보
생활편의,소매,미라클,35.1643345532276,128.977721218153,소상공인시장진흥공단_상가업소정보
음식점,음식점,부광떡방앗간,35.1908297720352,128.988133408418,소상공인시장진흥공단_상가업소정보
음식점,음식점,반도반점,35.1550739912469,129.013059864503,소상공인시장진흥공단_상가업소정보
생활편의,소매,동신공구종합상사,35.1550762844833,128.98672520798,소상공인시장진흥공단_상가업소정보
생활편의,소매,해맑은안경,35.1417218859823,128.98885804586,소상공인시장진흥공단_상가업소정보
음식점,음식점,만복집,35.1306902780837,128.972947078153,소상공인시장진흥공단_상가업소정보
음식점,음식점,고향해물천국,35.1691752575029,128.980944316293,소상공인시장진흥공단_상가업소정보
음식점,음식점,오니비,35.1635577819783,128.984989129242,소상공인시장진흥공단_상가업소정보
음식점,음식점,풀코스노래방,35.1661810718504,128.983286029714,소상공인시장진흥공단_상가업소정보
음식점,음식점,털보닭집,35.15702978513,128.986300876675,소상공인시장진흥공단_상가업소정보
음식점,음식점,숲속,35.1923072776701,128.988707329991,소상공인시장진흥공단_상가업소정보
생활편의,소매,태광장식,35.1904074152266,128.991350523105,소상공인시장진흥공단_상가업소정보
생활편의,소매,럭키슈퍼,35.1485694144264,129.009147211192,소상공인시장진흥공단_상가업소정보
생활편의,소매,장미종합화장품,35.1595086779536,128.987908411231,소상공인시장진흥공단_상가업소정보
음식점,음식점,오동동아구할매집,35.1362110462894,128.97702962327,소상공인시장진흥공단_상가업소정보
음식점,음식점,맥주공장소주창고,35.173155647144,128.981666488336,소상공인시장진흥공단_상가업소정보
생활편의,소매,상주장식,35.1747628882936,128.988620056653,소상공인시장진흥공단_상가업소정보
생활편의,소매,씨유학장청파점,35.1399707845671,128.981881891038,소상공인시장진흥공단_상가업소정보
음식점,음식점,주공보리밥,35.1847830310937,128.99360620291,소상공인시장진흥공단_상가업소정보
생활편의,소매,동보석,35.1643345532276,128.977721218153,소상공인시장진흥공단_상가업소정보
생활편의,소매,문화양행,35.1717526732052,128.980941002941,소상공인시장진흥공단_상가업소정보
생활편의,소매,백양장식,35.1867067267473,128.990612554692,소상공인시장진흥공단_상가업소정보
음식점,음식점,자담치킨,35.1936457447095,128.993350724162,소상공인시장진흥공단_상가업소정보
음식점,음식점,당감제일냉면&토리커피,35.1554825624794,128.987228868433,소상공인시장진흥공단_상가업소정보
음식점,음식점,파밀리아제과점,35.1386816222209,128.978603324837,소상공인시장진흥공단_상가업소정보
음식점,음식점,꼬추닥치킨,35.1725157376234,128.982221664728,소상공인시장진흥공단_상가업소정보
생활편의,소매,다솔마트,35.1662891933535,128.980534094892,소상공인시장진흥공단_상가업소정보
음식점,음식점,비타민Ⅰ,35.1621034730049,128.980794718478,소상공인시장진흥공단_상가업소정보
생활편의,소매,수강건강원,35.1495390154537,129.014251100971,소상공인시장진흥공단_상가업소정보
생활편의,소매,평화열쇠,35.1359685926594,128.975871880164,소상공인시장진흥공단_상가업소정보
생활편의,소매,파랑새신발,35.1283307231385,128.973405702236,소상공인시장진흥공단_상가업소정보
음식점,음식점,사계절식당,35.1493970366653,129.004339874012,소상공인시장진흥공단_상가업소정보
생활편의,소매,태영에너지,35.1532268858543,128.999441324341,소상공인시장진흥공단_상가업소정보
음식점,음식점,파네토네제과점,35.1759119459979,128.986145606372,소상공인시장진흥공단_상가업소정보
생활편의,소매,미래산업,35.1643345532276,128.977721218153,소상공인시장진흥공단_상가업소정보
음식점,음식점,호성다방,35.1906200581713,128.988830864648,소상공인시장진흥공단_상가업소정보
생활편의,소매,삼우전기철물,35.187913992555,128.990631031232,소상공인시장진흥공단_상가업소정보
음식점,음식점,통통생소금구이,35.1878450239911,128.988247289372,소상공인시장진흥공단_상가업소정보
생활편의,소매,하프타임사상점,35.1614074293801,128.982577522235,소상공인시장진흥공단_상가업소정보
음식점,음식점,삼덕식당,35.1513941233753,128.982652707579,소상공인시장진흥공단_상가업소정보
생활편의,소매,삼락상회,35.1721398222888,128.978206612227,소상공인시장진흥공단_상가업소정보
생활편의,소매,성모프라자안경,35.1629601677363,128.984612465139,소상공인시장진흥공단_상가업소정보
음식점,음식점,태양실내포장센타,35.1631934812612,128.984673004613,소상공인시장진흥공단_상가업소정보
음식점,음식점,궁전노래방,35.1643834377786,128.984098349473,소상공인시장진흥공단_상가업소정보
생활편의,소매,슈퍼마켓,35.1557596469572,128.991756448983,소상공인시장진흥공단_상가업소정보
생활편의,문화체육,커넥션노래연습장,35.1387356180792,128.978056099395,소상공인시장진흥공단_상가업소정보
음식점,음식점,종가집고향식당,35.1923072776701,128.988707329991,소상공인시장진흥공단_상가업소정보
생활편의,소매,미니슈퍼,35.1678507189527,128.985334926514,소상공인시장진흥공단_상가업소정보
생활편의,소매,미도상회,35.1863136107169,128.984916863272,소상공인시장진흥공단_상가업소정보
생활편의,소매,부마슈퍼,35.190426181957,128.990209313276,소상공인시장진흥공단_상가업소정보
음식점,음식점,현혜반점,35.1742212668415,128.984831323746,소상공인시장진흥공단_상가업소정보
생활편의,소매,토끼슈퍼,35.1519783848469,128.987143631059,소상공인시장진흥공단_상가업소정보
음식점,음식점,우성기획,35.1468563163411,128.986251045327,소상공인시장진흥공단_상가업소정보
생활편의,소매,슈퍼마켓,35.1736514630475,128.987703980687,소상공인시장진흥공단_상가업소정보
음식점,음식점,또오기,35.1546224593094,129.002789246481,소상공인시장진흥공단_상가업소정보
생활편의,소매,카스전자저울.현대,35.1305124233891,128.968368479457,소상공인시장진흥공단_상가업소정보
음식점,음식점,B.B.Q모라점,35.1920803512785,128.992642827864,소상공인시장진흥공단_상가업소정보
생활편의,소매,제일식육점,35.1833957880276,129.000674181565,소상공인시장진흥공단_상가업소정보
음식점,음식점,행님아생뒷고기묵고가자,35.1696224685754,128.98170145276,소상공인시장진흥공단_상가업소정보
생활편의,소매,중도매인１０５２호,35.1303687095353,128.965008337155,소상공인시장진흥공단_상가업소정보
생활편의,소매,서울장식,35.192392405621,128.992299159422,소상공인시장진흥공단_상가업소정보
생활편의,문화체육,콘서트2노래연습장,35.185258520419,128.992640878049,소상공인시장진흥공단_상가업소정보
생활편의,소매,성은종합인테리어,35.1285066312601,128.97145741412,소상공인시장진흥공단_상가업소정보
생활편의,소매,프라우드,35.1643345532276,128.977721218153,소상공인시장진흥공단_상가업소정보
음식점,음식점,할매산장,35.1324688790333,128.996948022732,소상공인시장진흥공단_상가업소정보
생활편의,소매,담배/전자담배소매업,35.1591653689403,128.984114240063,소상공인시장진흥공단_상가업소정보
생활편의,소매,싹스탑,35.1850978569207,128.991451454292,소상공인시장진흥공단_상가업소정보
음식점,음식점,구덕산감나무집,35.1322798886951,128.996932436969,소상공인시장진흥공단_상가업소정보
생활편의,소매,명광공업사,35.1289678256974,128.969143030025,소상공인시장진흥공단_상가업소정보
생활편의,소매,슈퍼마켓,35.179053820202,128.987989204266,소상공인시장진흥공단_상가업소정보
음식점,음식점,만리성,35.1837866417295,129.001561896786,소상공인시장진흥공단_상가업소정보
음식점,음식점,잉꼬양념통닭,35.1555237870682,128.985814368793,소상공인시장진흥공단_상가업소정보
음식점,음식점,한일돼지국밥,35.1921020777244,128.988032681398,소상공인시장진흥공단_상가업소정보
생활편의,소매,파울로구찌,35.1643345532276,128.977721218153,소상공인시장진흥공단_상가업소정보
생활편의,소매,명진란제리,35.1643345532276,128.977721218153,소상공인시장진흥공단_상가업소정보
생활편의,소매,자매상회,35.1825861512605,129.000588473303,소상공인시장진흥공단_상가업소정보
생활편의,소매,정여사,35.1643345532276,128.977721218153,소상공인시장진흥공단_상가업소정보
생활편의,소매,프리죤,35.1643345532276,128.977721218153,소상공인시장진흥공단_상가업소정보
생활편의,소매,남철,35.1520291824384,128.996657942118,소상공인시장진흥공단_상가업소정보
음식점,음식점,할매재첩국집,35.1933599629925,128.986065344235,소상공인시장진흥공단_상가업소정보
생활편의,문화체육,스타컴퓨터랜드,35.1858217677803,128.990722688853,소상공인시장진흥공단_상가업소정보
생활편의,소매,항도양행,35.1643345532276,128.977721218153,소상공인시장진흥공단_상가업소정보
생활편의,소매,토니키즈,35.1643345532276,128.977721218153,소상공인시장진흥공단_상가업소정보
생활편의,소매,금석나인쥬얼리,35.1643345532276,128.977721218153,소상공인시장진흥공단_상가업소정보
음식점,음식점,바이타임사상점,35.1643345532276,128.977721218153,소상공인시장진흥공단_상가업소정보
생활편의,소매,금비,35.1643345532276,128.977721218153,소상공인시장진흥공단_상가업소정보
생활편의,소매,토마토키드,35.1643345532276,128.977721218153,소상공인시장진흥공단_상가업소정보
음식점,음식점,슈메르브레드,35.1560227185116,128.982863798543,소상공인시장진흥공단_상가업소정보
음식점,음식점,제일떡방앗간,35.1556873354173,128.984633270011,소상공인시장진흥공단_상가업소정보
생활편의,소매,칠보당,35.1643345532276,128.977721218153,소상공인시장진흥공단_상가업소정보
생활편의,소매,해피방,35.1643345532276,128.977721218153,소상공인시장진흥공단_상가업소정보
생활편의,소매,아이엠,35.1643345532276,128.977721218153,소상공인시장진흥공단_상가업소정보
음식점,음식점,예일오리숲,35.1883453327788,128.986865363772,소상공인시장진흥공단_상가업소정보
음식점,음식점,장미커피숍,35.1921963033253,128.987782487763,소상공인시장진흥공단_상가업소정보
생활편의,소매,감전상회,35.1543379177915,128.978982444782,소상공인시장진흥공단_상가업소정보
생활편의,소매,게이트맨사상점,35.1547952699597,129.015730341324,소상공인시장진흥공단_상가업소정보
생활편의,소매,모아방,35.1643345532276,128.977721218153,소상공인시장진흥공단_상가업소정보
음식점,음식점,손칼국수,35.1476995202212,129.001270018077,소상공인시장진흥공단_상가업소정보
생활편의,소매,베르사체,35.1643345532276,128.977721218153,소상공인시장진흥공단_상가업소정보
음식점,음식점,대궐안집,35.1617461998819,128.983902593777,소상공인시장진흥공단_상가업소정보
생활편의,소매,포시즌,35.1643345532276,128.977721218153,소상공인시장진흥공단_상가업소정보
생활편의,문화체육,벤허,35.1930733835187,128.993084245672,소상공인시장진흥공단_상가업소정보
생활편의,소매,금성씽크,35.1917035589941,128.987056927276,소상공인시장진흥공단_상가업소정보
음식점,음식점,우짜꼬,35.1700918103482,128.988253855755,소상공인시장진흥공단_상가업소정보
생활편의,소매,시떼저팬,35.1643345532276,128.977721218153,소상공인시장진흥공단_상가업소정보
생활편의,소매,신흥철물,35.1287292767243,128.97494005525,소상공인시장진흥공단_상가업소정보
생활편의,소매,파인애플,35.1643345532276,128.977721218153,소상공인시장진흥공단_상가업소정보
생활편의,소매,리빙하우스,35.1643345532276,128.977721218153,소상공인시장진흥공단_상가업소정보
생활편의,소매,유어스,35.1643345532276,128.977721218153,소상공인시장진흥공단_상가업소정보
음식점,음식점,영진반점,35.1534802548985,128.980179630478,소상공인시장진흥공단_상가업소정보
음식점,음식점,민속떡집,35.1281700072774,128.976078317747,소상공인시장진흥공단_상가업소정보
생활편의,소매,런＆런,35.1643345532276,128.977721218153,소상공인시장진흥공단_상가업소정보
생활편의,소매,큐티베이비,35.1643345532276,128.977721218153,소상공인시장진흥공단_상가업소정보
생활편의,소매,대성토탈장식,35.194815681466,128.993994090868,소상공인시장진흥공단_상가업소정보
생활편의,소매,보물섬,35.1643345532276,128.977721218153,소상공인시장진흥공단_상가업소정보
음식점,음식점,우리기사식당,35.1649925525799,128.98046972422,소상공인시장진흥공단_상가업소정보
생활편의,소매,동명당건강원,35.1939320153739,128.99347847806,소상공인시장진흥공단_상가업소정보
생활편의,소매,아랑주,35.1290675510302,128.971876804143,소상공인시장진흥공단_상가업소정보
음식점,음식점,수정족발,35.1697655519799,128.98231951521,소상공인시장진흥공단_상가업소정보
음식점,음식점,수림다방,35.155561646011,128.986802849501,소상공인시장진흥공단_상가업소정보
생활편의,소매,에이스참솔방가구,35.1643345532276,128.977721218153,소상공인시장진흥공단_상가업소정보
생활편의,소매,대원비데,35.1586187745925,128.981171088036,소상공인시장진흥공단_상가업소정보
생활편의,문화체육,물보라노래연습장,35.1749572209474,128.984465075454,소상공인시장진흥공단_상가업소정보
생활편의,소매,신흥상회,35.156020076607,128.984125624943,소상공인시장진흥공단_상가업소정보
생활편의,소매,현대상회,35.1289636409019,128.972170470839,소상공인시장진흥공단_상가업소정보
생활편의,소매,개나리,35.1643345532276,128.977721218153,소상공인시장진흥공단_상가업소정보
생활편의,소매,인네이처,35.1413722494204,128.970549909223,소상공인시장진흥공단_상가업소정보
음식점,음식점,우성식당,35.1685108056043,128.980796499881,소상공인시장진흥공단_상가업소정보
생활편의,소매,하나로전기조명,35.1882945091764,128.989959723072,소상공인시장진흥공단_상가업소정보
음식점,음식점,괘법쭈꾸미,35.1638368363363,128.984458185632,소상공인시장진흥공단_상가업소정보
음식점,음식점,사상돼지국밥,35.1722191910554,128.979415802047,소상공인시장진흥공단_상가업소정보
생활편의,소매,하프타임사상,35.1625904917533,128.985174121384,소상공인시장진흥공단_상가업소정보
생활편의,소매,남해당,35.1717526732052,128.980941002941,소상공인시장진흥공단_상가업소정보
음식점,음식점,녹동세발낙지,35.1479163578525,129.000145230044,소상공인시장진흥공단_상가업소정보
음식점,음식점,두메산골돼지국밥,35.1856697348128,128.986262341922,소상공인시장진흥공단_상가업소정보
음식점,음식점,에듀폰,35.1682067646182,128.987801892678,소상공인시장진흥공단_상가업소정보
생활편의,소매,이브,35.1643345532276,128.977721218153,소상공인시장진흥공단_상가업소정보
음식점,음식점,대성오리불고기,35.1880085996055,128.985968005682,소상공인시장진흥공단_상가업소정보
음식점,음식점,부영떡방앗간,35.1382272332744,128.980490236123,소상공인시장진흥공단_상가업소정보
생활편의,소매,박하랜드,35.1643345532276,128.977721218153,소상공인시장진흥공단_상가업소정보
음식점,음식점,국시묵는날,35.1870211294551,128.989577398747,소상공인시장진흥공단_상가업소정보
생활편의,소매,행복플러스이불,35.1713493446039,128.981907994084,소상공인시장진흥공단_상가업소정보
생활편의,소매,아리엘,35.1643345532276,128.977721218153,소상공인시장진흥공단_상가업소정보
생활편의,소매,조은데코빌,35.1366076422688,128.975920237294,소상공인시장진흥공단_상가업소정보
생활편의,소매,제이와이상사,35.1776497739168,128.985134209476,소상공인시장진흥공단_상가업소정보
생활편의,소매,풀하우스,35.1643345532276,128.977721218153,소상공인시장진흥공단_상가업소정보
생활편의,소매,새로모아,35.1643345532276,128.977721218153,소상공인시장진흥공단_상가업소정보
생활편의,소매,소라,35.1643345532276,128.977721218153,소상공인시장진흥공단_상가업소정보
생활편의,소매,그린마트,35.1382272332744,128.980490236123,소상공인시장진흥공단_상가업소정보
음식점,음식점,강변떡방앗간,35.165523058431,128.979440036909,소상공인시장진흥공단_상가업소정보
생활편의,소매,모자나라２,35.1643345532276,128.977721218153,소상공인시장진흥공단_상가업소정보
생활편의,소매,까미유,35.1643345532276,128.977721218153,소상공인시장진흥공단_상가업소정보
음식점,음식점,사과나무식당,35.1413722494204,128.970549909223,소상공인시장진흥공단_상가업소정보
음식점,음식점,평화실내포장센타,35.1912198070416,128.98962490131,소상공인시장진흥공단_상가업소정보
생활편의,문화체육,팡팡노래연습장,35.1737093820395,128.983622565836,소상공인시장진흥공단_상가업소정보
생활편의,소매,거성철물,35.1502268655123,129.012446687312,소상공인시장진흥공단_상가업소정보
생활편의,소매,하나장식,35.1924291375668,128.992805037223,소상공인시장진흥공단_상가업소정보
생활편의,소매,엘지종합장식,35.1547952699597,129.015730341324,소상공인시장진흥공단_상가업소정보
음식점,음식점,춘하추동,35.1702896422135,128.982233465994,소상공인시장진흥공단_상가업소정보
음식점,음식점,페리카나치킨,35.1425515232196,128.987726265114,소상공인시장진흥공단_상가업소정보
음식점,음식점,형제식당,35.1485489817565,128.991833022078,소상공인시장진흥공단_상가업소정보
음식점,음식점,한양떡집,35.1721038616354,128.98975157132,소상공인시장진흥공단_상가업소정보
생활편의,소매,드레스룸,35.1643345532276,128.977721218153,소상공인시장진흥공단_상가업소정보
생활편의,문화체육,은자노래연습장,35.1304025623319,128.971799303327,소상공인시장진흥공단_상가업소정보
음식점,음식점,파리바게뜨,35.1685108056043,128.980796499881,소상공인시장진흥공단_상가업소정보
생활편의,소매,한국의료보장구,35.1563940241844,128.989895534697,소상공인시장진흥공단_상가업소정보
음식점,음식점,남해수산횟집,35.1743710002822,128.981191121194,소상공인시장진흥공단_상가업소정보
생활편의,소매,삼흥상회,35.1710013847936,128.978387552218,소상공인시장진흥공단_상가업소정보
음식점,음식점,지코바숯불치킨,35.1377741859259,128.977330720733,소상공인시장진흥공단_상가업소정보
음식점,음식점,충무해물포차,35.1652451774772,128.981002613009,소상공인시장진흥공단_상가업소정보
음식점,음식점,사랑방메기탕,35.1487446531709,129.002919462882,소상공인시장진흥공단_상가업소정보
음식점,음식점,삼선식당,35.1498685649853,129.007972228317,소상공인시장진흥공단_상가업소정보
음식점,음식점,삼성반점,35.146523876657,128.994416858129,소상공인시장진흥공단_상가업소정보
음식점,음식점,조선비생고기,35.169682980252,128.981307828545,소상공인시장진흥공단_상가업소정보
음식점,음식점,블랙&차이나,35.15519951881,129.01418218166,소상공인시장진흥공단_상가업소정보
생활편의,소매,씨저스동양FC,35.183118060012,128.991282396829,소상공인시장진흥공단_상가업소정보
생활편의,소매,마로케트,35.1643345532276,128.977721218153,소상공인시장진흥공단_상가업소정보
생활편의,소매,인재통신,35.1850978569207,128.991451454292,소상공인시장진흥공단_상가업소정보
생활편의,소매,그릇나라,35.1643345532276,128.977721218153,소상공인시장진흥공단_상가업소정보
음식점,음식점,물꽁식당,35.1550739912469,129.013059864503,소상공인시장진흥공단_상가업소정보
음식점,음식점,동신운수구내식당주,35.1481609321405,128.996245230647,소상공인시장진흥공단_상가업소정보
생활편의,소매,아씨방,35.1643345532276,128.977721218153,소상공인시장진흥공단_상가업소정보
음식점,음식점,마산생아구찜,35.1536311076623,129.016370942777,소상공인시장진흥공단_상가업소정보
음식점,음식점,구덕민속촌,35.1330083994789,128.998113033376,소상공인시장진흥공단_상가업소정보
생활편의,소매,색연필,35.1643345532276,128.977721218153,소상공인시장진흥공단_상가업소정보
생활편의,소매,파르페,35.1643345532276,128.977721218153,소상공인시장진흥공단_상가업소정보
생활편의,문화체육,떳다노래연습장,35.171350960615,128.981809258067,소상공인시장진흥공단_상가업소정보
음식점,음식점,진주네,35.1290782572595,128.971218900303,소상공인시장진흥공단_상가업소정보
음식점,음식점,부산식당,35.1444801519973,128.973389647028,소상공인시장진흥공단_상가업소정보
생활편의,소매,우리신발,35.1559597761404,128.985605508543,소상공인시장진흥공단_상가업소정보
생활편의,소매,원메딕스,35.1705846040047,128.982932047484,소상공인시장진흥공단_상가업소정보
음식점,음식점,대림반점,35.1382272332744,128.980490236123,소상공인시장진흥공단_상가업소정보
생활편의,소매,빅세일마트,35.1549885411004,128.98218032648,소상공인시장진흥공단_상가업소정보
생활편의,소매,523312,35.1832155602348,128.989737074617,소상공인시장진흥공단_상가업소정보
생활편의,소매,은하약국,35.1504979531913,129.008602137252,소상공인시장진흥공단_상가업소정보
생활편의,소매,용인단체복,35.1485917983676,128.979326034183,소상공인시장진흥공단_상가업소정보
생활편의,소매,초이스안경,35.1881651367435,128.990703022238,소상공인시장진흥공단_상가업소정보
음식점,음식점,몽블랑베이커리,35.191545729457,128.988985164005,소상공인시장진흥공단_상가업소정보
생활편의,소매,대학도슈퍼,35.1509730744246,129.012552845071,소상공인시장진흥공단_상가업소정보
생활편의,소매,일대상사,35.1456088382309,128.994164123437,소상공인시장진흥공단_상가업소정보
생활편의,소매,야호,35.1496319049649,129.004850350027,소상공인시장진흥공단_상가업소정보
음식점,음식점,산양식당,35.1601892840823,128.985423015133,소상공인시장진흥공단_상가업소정보
음식점,음식점,황금유황생오리,35.1551651798317,129.002122238445,소상공인시장진흥공단_상가업소정보
생활편의,소매,오렌지나무,35.1643345532276,128.977721218153,소상공인시장진흥공단_상가업소정보
음식점,음식점,새천년하이트,35.1673486951734,128.98297418066,소상공인시장진흥공단_상가업소정보
생활편의,소매,입는기쁨,35.1643345532276,128.977721218153,소상공인시장진흥공단_상가업소정보
생활편의,소매,21세기카할인용품점,35.1872258040912,128.988638354769,소상공인시장진흥공단_상가업소정보
음식점,음식점,옛날짜장,35.1543941224169,128.997516750194,소상공인시장진흥공단_상가업소정보
생활편의,소매,영광석유,35.1516989195375,129.007369845255,소상공인시장진흥공단_상가업소정보
음식점,음식점,사상터미널구내식당,35.1631457315728,128.980984606691,소상공인시장진흥공단_상가업소정보
음식점,음식점,명성,35.1818243734281,128.981701338619,소상공인시장진흥공단_상가업소정보
음식점,음식점,양산도집,35.1305401871608,128.97054112229,소상공인시장진흥공단_상가업소정보
생활편의,소매,르네상스,35.1643345532276,128.977721218153,소상공인시장진흥공단_상가업소정보
생활편의,소매,태양이불,35.1413722494204,128.970549909223,소상공인시장진흥공단_상가업소정보
음식점,음식점,치킨아트,35.1434595667323,128.989503751868,소상공인시장진흥공단_상가업소정보
음식점,음식점,문화관,35.1542158454098,128.990830020167,소상공인시장진흥공단_상가업소정보
생활편의,소매,아나카프리,35.1643345532276,128.977721218153,소상공인시장진흥공단_상가업소정보
음식점,음식점,장수보리밥,35.1555365476227,128.978978563189,소상공인시장진흥공단_상가업소정보
음식점,음식점,동궁토속골,35.1239231715371,128.973452908318,소상공인시장진흥공단_상가업소정보
음식점,음식점,오륙도낙지,35.1886308929128,128.987585844988,소상공인시장진흥공단_상가업소정보
생활편의,소매,우리석유,35.1485589509307,129.009234729104,소상공인시장진흥공단_상가업소정보
음식점,음식점,만선,35.1841650603879,128.993920407065,소상공인시장진흥공단_상가업소정보
생활편의,소매,만국석유상사,35.1537917722318,128.97821210043,소상공인시장진흥공단_상가업소정보
생활편의,문화체육,현대,35.1802545884146,128.986207377205,소상공인시장진흥공단_상가업소정보
음식점,음식점,엄궁복국,35.1295650594697,128.970100783942,소상공인시장진흥공단_상가업소정보
생활편의,소매,다솜마트,35.1357098053951,128.976820036829,소상공인시장진흥공단_상가업소정보
음식점,음식점,유원반점,35.1729987164518,128.986294232114,소상공인시장진흥공단_상가업소정보
생활편의,소매,캬라반,35.1910670433842,128.988501453721,소상공인시장진흥공단_상가업소정보
음식점,음식점,포청천,35.1295824014988,128.976781584913,소상공인시장진흥공단_상가업소정보
생활편의,소매,에그,35.1643345532276,128.977721218153,소상공인시장진흥공단_상가업소정보
음식점,음식점,대명상회,35.1536070785413,128.974619570786,소상공인시장진흥공단_상가업소정보
음식점,음식점,전주식당,35.1508510994563,128.992130532803,소상공인시장진흥공단_상가업소정보
음식점,음식점,불막열삼,35.1439742842316,128.988342349865,소상공인시장진흥공단_상가업소정보
생활편의,소매,동백숙녀복,35.1288829232973,128.972146585391,소상공인시장진흥공단_상가업소정보
음식점,음식점,지코바,35.1239231715371,128.973452908318,소상공인시장진흥공단_상가업소정보
생활편의,소매,꾸미방이불점,35.1485546728223,129.008949354525,소상공인시장진흥공단_상가업소정보
생활편의,소매,대한상사,35.1493822403841,128.991579033367,소상공인시장진흥공단_상가업소정보
음식점,음식점,베스킨라빈스,35.1509976506775,129.012158450522,소상공인시장진흥공단_상가업소정보
생활편의,소매,동산상회,35.1415385295711,128.974174361127,소상공인시장진흥공단_상가업소정보
생활편의,소매,런던베이직,35.1937239261068,128.993528282855,소상공인시장진흥공단_상가업소정보
음식점,음식점,길림성,35.1537917722318,128.97821210043,소상공인시장진흥공단_상가업소정보
음식점,음식점,홈우동,35.1643345532276,128.977721218153,소상공인시장진흥공단_상가업소정보
생활편의,소매,"호박넝쿨,하나로큐빅",35.1643345532276,128.977721218153,소상공인시장진흥공단_상가업소정보
음식점,음식점,일미정,35.1525665252345,128.978742030348,소상공인시장진흥공단_상가업소정보
생활편의,소매,현보석,35.1744841768131,128.988580340677,소상공인시장진흥공단_상가업소정보
생활편의,소매,덕포철물,35.1727156831225,128.981568006893,소상공인시장진흥공단_상가업소정보
생활편의,소매,경우용품상사,35.124823015351,128.964107264929,소상공인시장진흥공단_상가업소정보
음식점,음식점,한국관,35.1696059611568,128.979956059708,소상공인시장진흥공단_상가업소정보
생활편의,소매,토탈패션나드리,35.1417218859823,128.98885804586,소상공인시장진흥공단_상가업소정보
생활편의,소매,한남슈퍼,35.1948135191983,128.987549853908,소상공인시장진흥공단_상가업소정보
음식점,음식점,발리술마시는노래주점,35.1636624453284,128.984651479674,소상공인시장진흥공단_상가업소정보
생활편의,소매,보화스위스서,35.1643345532276,128.977721218153,소상공인시장진흥공단_상가업소정보
생활편의,소매,옥진주,35.1643345532276,128.977721218153,소상공인시장진흥공단_상가업소정보
생활편의,문화체육,행운플러스,35.1572052575697,128.986041788845,소상공인시장진흥공단_상가업소정보
생활편의,소매,조선사상중앙감전센터,35.1514520515956,128.984618163343,소상공인시장진흥공단_상가업소정보
음식점,음식점,덕원구내식당,35.1903339051274,128.983752249814,소상공인시장진흥공단_상가업소정보
음식점,음식점,신라정,35.1697139965727,128.990406688866,소상공인시장진흥공단_상가업소정보
생활편의,소매,국제시계,35.1643345532276,128.977721218153,소상공인시장진흥공단_상가업소정보
생활편의,문화체육,럭셔리노래연습장,35.1570859928228,128.986170566279,소상공인시장진흥공단_상가업소정보
음식점,음식점,낙원집,35.1394789736608,128.979993969106,소상공인시장진흥공단_상가업소정보
생활편의,소매,에바니아힐링케어,35.1529676160806,129.004767618117,소상공인시장진흥공단_상가업소정보
음식점,음식점,진흥구내매점,35.1482299418332,128.98326715949,소상공인시장진흥공단_상가업소정보
음식점,음식점,삼천포숯불장어구이,35.1652451774772,128.981002613009,소상공인시장진흥공단_상가업소정보
음식점,음식점,미진횟집,35.1614074293801,128.982577522235,소상공인시장진흥공단_상가업소정보
생활편의,소매,유니베라사상,35.1664682294615,128.982810132059,소상공인시장진흥공단_상가업소정보
음식점,음식점,주공반점,35.1835984544092,128.993851679205,소상공인시장진흥공단_상가업소정보
음식점,음식점,금강산숯불갈비,35.1657096362174,128.984558568482,소상공인시장진흥공단_상가업소정보
음식점,음식점,하동오리불고기,35.1901285811662,128.988028500572,소상공인시장진흥공단_상가업소정보
생활편의,소매,새서울안경원,35.1560115552911,128.982995203106,소상공인시장진흥공단_상가업소정보
음식점,음식점,동원반점,35.1788372583051,128.986908279219,소상공인시장진흥공단_상가업소정보
생활편의,소매,마이크로시스템,35.1413722494204,128.970549909223,소상공인시장진흥공단_상가업소정보
생활편의,소매,패션나라,35.1718459268826,128.982951707853,소상공인시장진흥공단_상가업소정보
음식점,음식점,형제왕족발,35.1658613544293,128.985198764073,소상공인시장진흥공단_상가업소정보
음식점,음식점,무지개반점,35.1455507407503,129.005869313364,소상공인시장진흥공단_상가업소정보
생활편의,소매,８８석유,35.1652203812569,128.987465813564,소상공인시장진흥공단_상가업소정보
생활편의,문화체육,행복복권나드리마트,35.1872492270472,128.987211895571,소상공인시장진흥공단_상가업소정보
생활편의,소매,국제,35.1643345532276,128.977721218153,소상공인시장진흥공단_상가업소정보
음식점,음식점,전가네,35.1556228186776,128.978662438532,소상공인시장진흥공단_상가업소정보
음식점,음식점,전주돼지국밥,35.1700518855628,128.980241245014,소상공인시장진흥공단_상가업소정보
생활편의,소매,러브퀼트퀼트,35.1413722494204,128.970549909223,소상공인시장진흥공단_상가업소정보
생활편의,문화체육,이브,35.1933059674533,128.993188729931,소상공인시장진흥공단_상가업소정보
생활편의,소매,바다공조,35.188380827432,128.98744802549,소상공인시장진흥공단_상가업소정보
생활편의,소매,２５시슈퍼,35.191963968706,128.992596073978,소상공인시장진흥공단_상가업소정보
음식점,음식점,다원가마솥한방돼지국밥,35.1323823368206,128.971419225457,소상공인시장진흥공단_상가업소정보
음식점,음식점,상주반점,35.1285066312601,128.97145741412,소상공인시장진흥공단_상가업소정보
생활편의,소매,미화당슈퍼한신태화점,35.1683432388909,128.980572942299,소상공인시장진흥공단_상가업소정보
생활편의,소매,금빛,35.1643345532276,128.977721218153,소상공인시장진흥공단_상가업소정보
생활편의,소매,리빙필,35.1643345532276,128.977721218153,소상공인시장진흥공단_상가업소정보
음식점,음식점,구내식당,35.1427113557968,128.969112054503,소상공인시장진흥공단_상가업소정보
생활편의,소매,GS25학장호연점,35.1401786908281,128.985145269113,소상공인시장진흥공단_상가업소정보
생활편의,소매,한라주유소,35.1412203325007,128.978763519061,소상공인시장진흥공단_상가업소정보
생활편의,소매,모닝마트,35.1719766874354,128.979366021878,소상공인시장진흥공단_상가업소정보
생활편의,소매,나비베베,35.1643345532276,128.977721218153,소상공인시장진흥공단_상가업소정보
생활편의,소매,센스골드,35.1643345532276,128.977721218153,소상공인시장진흥공단_상가업소정보
음식점,음식점,7번가피자,35.1329206574359,128.973779760198,소상공인시장진흥공단_상가업소정보
생활편의,소매,이마트사상점휠라인티모,35.1642343045877,128.978893016647,소상공인시장진흥공단_상가업소정보
생활편의,소매,황지상회,35.1541464704966,128.982423239727,소상공인시장진흥공단_상가업소정보
음식점,음식점,목포홍어집,35.1685901502371,128.98200563701,소상공인시장진흥공단_상가업소정보
음식점,음식점,나눔떡마을,35.1559111120343,128.981423633071,소상공인시장진흥공단_상가업소정보
생활편의,소매,장수건강원,35.1591254209402,128.985452021515,소상공인시장진흥공단_상가업소정보
음식점,음식점,등나무집,35.1910614612573,128.987194975148,소상공인시장진흥공단_상가업소정보
생활편의,소매,홍대디자인가구,35.1413722494204,128.970549909223,소상공인시장진흥공단_상가업소정보
생활편의,문화체육,골드노래연습장,35.1700518855628,128.980241245014,소상공인시장진흥공단_상가업소정보
생활편의,소매,럭키석유,35.1518017184482,129.002248285627,소상공인시장진흥공단_상가업소정보
음식점,음식점,밀양떡방앗간,35.1770473444562,128.989444016145,소상공인시장진흥공단_상가업소정보
생활편의,문화체육,장진노래연습장,35.1503393529896,129.011099885601,소상공인시장진흥공단_상가업소정보
음식점,음식점,정미식당,35.1550162758385,128.992572257497,소상공인시장진흥공단_상가업소정보
음식점,음식점,충무회초장,35.1711988989812,128.981739716813,소상공인시장진흥공단_상가업소정보
음식점,음식점,푸짐한식당,35.1875699013801,128.985792669596,소상공인시장진흥공단_상가업소정보
생활편의,소매,럭키메가마트,35.1555365476227,128.978978563189,소상공인시장진흥공단_상가업소정보
생활편의,소매,오렌지,35.1643345532276,128.977721218153,소상공인시장진흥공단_상가업소정보
생활편의,소매,해피니스,35.1643345532276,128.977721218153,소상공인시장진흥공단_상가업소정보
음식점,음식점,동백노래주점,35.1636523916891,128.985814477637,소상공인시장진흥공단_상가업소정보
생활편의,문화체육,황진이노래연습장,35.1692919688406,128.980420359805,소상공인시장진흥공단_상가업소정보
음식점,음식점,소문난돼지국밥집,35.1889717151892,128.990975181913,소상공인시장진흥공단_상가업소정보
생활편의,소매,치크,35.1631457315728,128.980984606691,소상공인시장진흥공단_상가업소정보
생활편의,문화체육,뉴럭키스터디카페,35.1498439649749,129.015421657016,소상공인시장진흥공단_상가업소정보
음식점,음식점,육갑이,35.1636772427768,128.985398070451,소상공인시장진흥공단_상가업소정보
생활편의,소매,루칸,35.1643345532276,128.977721218153,소상공인시장진흥공단_상가업소정보
생활편의,소매,청하반찬,35.1408945572532,128.987653054934,소상공인시장진흥공단_상가업소정보
생활편의,소매,풍년상사,35.1850978569207,128.991451454292,소상공인시장진흥공단_상가업소정보
음식점,음식점,커피문,35.1550739912469,129.013059864503,소상공인시장진흥공단_상가업소정보
생활편의,소매,본동얼음,35.1652203812569,128.987465813564,소상공인시장진흥공단_상가업소정보
생활편의,소매,무지개１,35.1643345532276,128.977721218153,소상공인시장진흥공단_상가업소정보
음식점,음식점,거북횟집,35.1540721141922,129.00391691019,소상공인시장진흥공단_상가업소정보
음식점,음식점,일미아구찜,35.1551521280624,128.98649662292,소상공인시장진흥공단_상가업소정보
생활편의,소매,가인,35.1643345532276,128.977721218153,소상공인시장진흥공단_상가업소정보
음식점,음식점,푸른바다식당,35.1560802347435,128.983754005212,소상공인시장진흥공단_상가업소정보
생활편의,문화체육,별노래연습장,35.1296736048474,128.971737846994,소상공인시장진흥공단_상가업소정보
생활편의,소매,낙동낚시,35.1910057544723,128.990585714642,소상공인시장진흥공단_상가업소정보
생활편의,소매,질샌더,35.1643345532276,128.977721218153,소상공인시장진흥공단_상가업소정보
음식점,음식점,산들해,35.1697316109355,128.981089512442,소상공인시장진흥공단_상가업소정보
생활편의,소매,친한친구,35.1643345532276,128.977721218153,소상공인시장진흥공단_상가업소정보
음식점,음식점,주주클럽,35.1529676160806,129.004767618117,소상공인시장진흥공단_상가업소정보
생활편의,소매,마루화방,35.172035414985,128.997739770651,소상공인시장진흥공단_상가업소정보
생활편의,소매,대성슈퍼,35.1305704661822,128.974216656465,소상공인시장진흥공단_상가업소정보
생활편의,소매,사상장마을,35.1597863140233,128.988562602508,소상공인시장진흥공단_상가업소정보
생활편의,소매,마마붐붐,35.1714208401049,128.981393902939,소상공인시장진흥공단_상가업소정보
음식점,음식점,차이나궁,35.1552441887524,129.001158567076,소상공인시장진흥공단_상가업소정보
음식점,음식점,할매족발집,35.18759855366,128.986243432374,소상공인시장진흥공단_상가업소정보
음식점,음식점,교촌치킨,35.1538856434351,129.015696924042,소상공인시장진흥공단_상가업소정보
음식점,음식점,석우촌,35.1544319261925,128.997956583174,소상공인시장진흥공단_상가업소정보
음식점,음식점,다이버해물천국,35.1621034730049,128.980794718478,소상공인시장진흥공단_상가업소정보
생활편의,소매,２번가,35.1643345532276,128.977721218153,소상공인시장진흥공단_상가업소정보
생활편의,소매,덕포이불,35.1711203693423,128.982132910489,소상공인시장진흥공단_상가업소정보
음식점,음식점,오복생갈비,35.1516358904857,128.992083834198,소상공인시장진흥공단_상가업소정보
음식점,음식점,한라식당,35.1937076825495,128.986842272049,소상공인시장진흥공단_상가업소정보
음식점,음식점,부영식당,35.1537203144046,128.994109733914,소상공인시장진흥공단_상가업소정보
생활편의,소매,인터윈,35.1643345532276,128.977721218153,소상공인시장진흥공단_상가업소정보
생활편의,소매,은빛텔레콤,35.159757357537,128.980430562506,소상공인시장진흥공단_상가업소정보
생활편의,소매,반도가구,35.1587236920664,128.986868787773,소상공인시장진흥공단_상가업소정보
음식점,음식점,"신성빌딩,가마치냉정역점",35.151031285157,129.01338816794,소상공인시장진흥공단_상가업소정보
생활편의,문화체육,KBS노래연습장,35.1885328448029,128.990810789843,소상공인시장진흥공단_상가업소정보
생활편의,소매,혼수이불,35.1878255629748,128.986688048039,소상공인시장진흥공단_상가업소정보
생활편의,소매,진주상회,35.1843609156934,128.993519052904,소상공인시장진흥공단_상가업소정보
생활편의,소매,새한부엌가구,35.19295612202,128.992543462992,소상공인시장진흥공단_상가업소정보
생활편의,소매,루마버텍스제로,35.1320123521558,128.973110617116,소상공인시장진흥공단_상가업소정보
생활편의,소매,우리들약국,35.1413954389008,128.983485288539,소상공인시장진흥공단_상가업소정보
생활편의,소매,미니문구,35.1289118965506,128.973134524964,소상공인시장진흥공단_상가업소정보
음식점,음식점,７번가피자,35.1696059611568,128.979956059708,소상공인시장진흥공단_상가업소정보
생활편의,소매,씨유괘법,35.1661672124121,128.983581999906,소상공인시장진흥공단_상가업소정보
음식점,음식점,낙원떡집,35.1838308837571,128.993418291001,소상공인시장진흥공단_상가업소정보
음식점,음식점,오복촌,35.1572731603699,128.979141339981,소상공인시장진흥공단_상가업소정보
음식점,음식점,토탈먹거리방,35.1558711145419,128.984966923088,소상공인시장진흥공단_상가업소정보
생활편의,소매,헬프컴119부산외장하드복구전문,35.1523157234441,129.002227965382,소상공인시장진흥공단_상가업소정보
음식점,음식점,잔비워,35.1679636520949,128.978434666964,소상공인시장진흥공단_상가업소정보
생활편의,소매,I.D,35.1643345532276,128.977721218153,소상공인시장진흥공단_상가업소정보
음식점,음식점,해물나라,35.1303863178443,128.97279713982,소상공인시장진흥공단_상가업소정보
생활편의,소매,팬텀부산사상점,35.1672201892797,128.98201628098,소상공인시장진흥공단_상가업소정보
음식점,음식점,낙동반점,35.129411650639,128.971775408004,소상공인시장진흥공단_상가업소정보
생활편의,문화체육,첼로노래연습장,35.1919182277,128.992089979154,소상공인시장진흥공단_상가업소정보
음식점,음식점,봉숭아학당,35.1468065670606,129.010025486449,소상공인시장진흥공단_상가업소정보
생활편의,소매,우현,35.1564931972103,128.984400469292,소상공인시장진흥공단_상가업소정보
생활편의,소매,보떼덕포점,35.1708505114634,128.982653156873,소상공인시장진흥공단_상가업소정보
음식점,음식점,정원소주방,35.1724990603252,128.980487180862,소상공인시장진흥공단_상가업소정보
생활편의,소매,올포유부산신모라점,35.1874915139854,128.990565837934,소상공인시장진흥공단_상가업소정보
음식점,음식점,게미아구찜,35.1751999618457,128.988894117085,소상공인시장진흥공단_상가업소정보
생활편의,소매,스타문구사,35.1555717053332,128.985639967322,소상공인시장진흥공단_상가업소정보
생활편의,소매,세원재활용센타,35.1439742842316,128.988342349865,소상공인시장진흥공단_상가업소정보
생활편의,소매,사람사이-콤,35.1413722494204,128.970549909223,소상공인시장진흥공단_상가업소정보
음식점,음식점,맛나상회,35.1475602388494,128.9762728199,소상공인시장진흥공단_상가업소정보
음식점,음식점,삼성반점,35.1827529589175,128.993754185664,소상공인시장진흥공단_상가업소정보
생활편의,소매,디앤지쥬얼리,35.1631457315728,128.980984606691,소상공인시장진흥공단_상가업소정보
생활편의,소매,"중고에어컨,냉장고,가전제품수거,매입,백양재활용센터",35.1911122508842,128.989589345188,소상공인시장진흥공단_상가업소정보
생활편의,소매,삼천리자전거,35.1661679060489,128.982989403113,소상공인시장진흥공단_상가업소정보
음식점,음식점,하성노래주점,35.1646281343227,128.981261997416,소상공인시장진흥공단_상가업소정보
생활편의,소매,한국가스,35.1502274008641,128.990052558701,소상공인시장진흥공단_상가업소정보
음식점,음식점,가마솥식당,35.1752368497461,128.984998699487,소상공인시장진흥공단_상가업소정보
음식점,음식점,목포녹동세발낙지,35.169682980252,128.981307828545,소상공인시장진흥공단_상가업소정보
음식점,음식점,직송식당,35.156020076607,128.984125624943,소상공인시장진흥공단_상가업소정보
생활편의,소매,한빛안경,35.1509111200631,129.004333128009,소상공인시장진흥공단_상가업소정보
음식점,음식점,IMF활어,35.1362110462894,128.97702962327,소상공인시장진흥공단_상가업소정보
생활편의,문화체육,천하명당복권방행운을주는사람들,35.1611354320674,128.980474951713,소상공인시장진흥공단_상가업소정보
생활편의,문화체육,행운복권방,35.191545729457,128.988985164005,소상공인시장진흥공단_상가업소정보
생활편의,문화체육,복권방,35.128088768212,128.969999400742,소상공인시장진흥공단_상가업소정보
생활편의,소매,건.갤러리,35.1643345532276,128.977721218153,소상공인시장진흥공단_상가업소정보
생활편의,문화체육,부자복권방,35.1922505076755,128.989968395926,소상공인시장진흥공단_상가업소정보
생활편의,소매,뽀대나라,35.1643345532276,128.977721218153,소상공인시장진흥공단_상가업소정보
음식점,음식점,처가집양념치킨,35.1389235982433,128.98364471876,소상공인시장진흥공단_상가업소정보
음식점,음식점,혜원식당,35.1532763745884,128.981074441847,소상공인시장진흥공단_상가업소정보
음식점,음식점,장수촌돼지국밥,35.1515653571677,129.011075202324,소상공인시장진흥공단_상가업소정보
생활편의,문화체육,돈벼락맞는곳,35.1413722494204,128.970549909223,소상공인시장진흥공단_상가업소정보
생활편의,소매,광포상회,35.1516278433181,129.006764621482,소상공인시장진흥공단_상가업소정보
생활편의,문화체육,복권천국덕포점,35.1724423539128,128.981199191683,소상공인시장진흥공단_상가업소정보
생활편의,소매,헤베,35.1890880985758,128.99102193159,소상공인시장진흥공단_상가업소정보
생활편의,문화체육,스위트초이스,35.1285066312601,128.97145741412,소상공인시장진흥공단_상가업소정보
생활편의,문화체육,황금복권방,35.1591653689403,128.984114240063,소상공인시장진흥공단_상가업소정보
생활편의,문화체육,슈퍼복권나라,35.1498972822348,128.999699976889,소상공인시장진흥공단_상가업소정보
음식점,음식점,착한낙지사상점,35.1634902971366,128.979752905947,소상공인시장진흥공단_상가업소정보
음식점,음식점,양지한식,35.1606999936422,128.983953995628,소상공인시장진흥공단_상가업소정보
생활편의,소매,르네시떼하나악세사리,35.1643345532276,128.977721218153,소상공인시장진흥공단_상가업소정보
생활편의,소매,폰할인마트,35.1702896422135,128.982233465994,소상공인시장진흥공단_상가업소정보
생활편의,소매,동양할인마트,35.1436058550718,128.991021349257,소상공인시장진흥공단_상가업소정보
음식점,음식점,이판상회,35.1790126680661,128.983905111441,소상공인시장진흥공단_상가업소정보
생활편의,소매,프리웨이,35.1499465222548,128.98849864702,소상공인시장진흥공단_상가업소정보
생활편의,소매,속옷나라,35.1670800667277,128.982868886957,소상공인시장진흥공단_상가업소정보
생활편의,소매,대한종합상사,35.1451873246346,128.983061658018,소상공인시장진흥공단_상가업소정보
음식점,음식점,대궁반점,35.1592639197631,128.984149554231,소상공인시장진흥공단_상가업소정보
생활편의,문화체육,우신프라자볼링장,35.1850978569207,128.991451454292,소상공인시장진흥공단_상가업소정보
생활편의,소매,고창상회,35.1547952699597,129.015730341324,소상공인시장진흥공단_상가업소정보
음식점,음식점,피자에땅,35.1498234417736,129.014488525976,소상공인시장진흥공단_상가업소정보
음식점,음식점,한방남원추어탕,35.1569046075209,128.988986235117,소상공인시장진흥공단_상가업소정보
생활편의,소매,경동주유소,35.1529753528927,129.0097383495,소상공인시장진흥공단_상가업소정보
음식점,음식점,선진상회,35.1809903062918,128.983656823865,소상공인시장진흥공단_상가업소정보
음식점,음식점,술마시는고추노래주점,35.1266710641444,128.969065786117,소상공인시장진흥공단_상가업소정보
음식점,음식점,멕시칸,35.1552502339473,129.015467248144,소상공인시장진흥공단_상가업소정보
음식점,음식점,우리식당,35.1643345532276,128.977721218153,소상공인시장진흥공단_상가업소정보
생활편의,소매,중앙슈퍼킹마트,35.1668936394598,128.983797185904,소상공인시장진흥공단_상가업소정보
생활편의,소매,대성상회,35.1719077863763,128.980824040509,소상공인시장진흥공단_상가업소정보
생활편의,소매,뷰티,35.1643345532276,128.977721218153,소상공인시장진흥공단_상가업소정보
생활편의,소매,모라마트,35.1844165250463,128.986297697807,소상공인시장진흥공단_상가업소정보
음식점,음식점,공구반점,35.159757357537,128.980430562506,소상공인시장진흥공단_상가업소정보
음식점,음식점,개미식당,35.1497981716274,129.001880996215,소상공인시장진흥공단_상가업소정보
생활편의,소매,이쁜걸,35.1643345532276,128.977721218153,소상공인시장진흥공단_상가업소정보
음식점,음식점,임가네맛고을,35.1673486951734,128.98297418066,소상공인시장진흥공단_상가업소정보
음식점,음식점,맥시칸치킨,35.1692931444468,128.979246089531,소상공인시장진흥공단_상가업소정보
생활편의,소매,이팜약국,35.1642343045877,128.978893016647,소상공인시장진흥공단_상가업소정보
음식점,음식점,초가찜,35.1496541629654,129.004049935966,소상공인시장진흥공단_상가업소정보
음식점,음식점,동해곰장어,35.1540773110255,129.004147463388,소상공인시장진흥공단_상가업소정보
음식점,음식점,정원식당,35.1303934592895,128.972358530471,소상공인시장진흥공단_상가업소정보
생활편의,소매,현대종합장식,35.1542040092943,128.998115599284,소상공인시장진흥공단_상가업소정보
생활편의,소매,성동체육사,35.1521912877906,129.004847319597,소상공인시장진흥공단_상가업소정보
음식점,음식점,김밥하우스,35.187980687257,128.987668800875,소상공인시장진흥공단_상가업소정보
생활편의,소매,한마음약국,35.185288434091,128.992465978461,소상공인시장진흥공단_상가업소정보
음식점,음식점,제일식당,35.1526569158367,128.978173648565,소상공인시장진흥공단_상가업소정보
생활편의,소매,미화,35.1418934835157,128.984989439436,소상공인시장진흥공단_상가업소정보
생활편의,소매,보보침구,35.1643345532276,128.977721218153,소상공인시장진흥공단_상가업소정보
음식점,음식점,다래성,35.1302154183877,128.973330522799,소상공인시장진흥공단_상가업소정보
생활편의,소매,주은상사,35.1631457315728,128.980984606691,소상공인시장진흥공단_상가업소정보
생활편의,소매,붐,35.1643345532276,128.977721218153,소상공인시장진흥공단_상가업소정보
음식점,음식점,미미식당,35.14063487858,128.967679691305,소상공인시장진흥공단_상가업소정보
음식점,음식점,곰보식당,35.1965571270284,128.987833865732,소상공인시장진흥공단_상가업소정보
생활편의,소매,오픈카오디오,35.1540170789937,128.993052628895,소상공인시장진흥공단_상가업소정보
음식점,음식점,용빈각,35.1462038366831,129.008332008525,소상공인시장진흥공단_상가업소정보
음식점,음식점,원탁가라오케,35.1691481967497,128.980394923064,소상공인시장진흥공단_상가업소정보
음식점,음식점,한양떡집,35.1843609156934,128.993519052904,소상공인시장진흥공단_상가업소정보
음식점,음식점,제이에스푸드,35.1700520685039,128.983533705219,소상공인시장진흥공단_상가업소정보
생활편의,소매,럭키동인슈퍼,35.192858714836,128.990795597385,소상공인시장진흥공단_상가업소정보
음식점,음식점,일류떡방앗간,35.1669106169883,128.984960887337,소상공인시장진흥공단_상가업소정보
음식점,음식점,모두모두주점,35.167075633398,128.980937275751,소상공인시장진흥공단_상가업소정보
음식점,음식점,진미각,35.1489330869196,129.004602792151,소상공인시장진흥공단_상가업소정보
생활편의,문화체육,동명로또,35.1552519440456,128.991941581261,소상공인시장진흥공단_상가업소정보
생활편의,문화체육,허니비즈니스,35.1934223497189,128.993235485516,소상공인시장진흥공단_상가업소정보
생활편의,소매,한진석유,35.1515368540453,129.006817248097,소상공인시장진흥공단_상가업소정보
음식점,음식점,태원식당,35.1578935170317,128.988033700128,소상공인시장진흥공단_상가업소정보
음식점,음식점,남강떡방앗간,35.1660402735396,128.985828649174,소상공인시장진흥공단_상가업소정보
음식점,음식점,마트월드원산면옥,35.1413722494204,128.970549909223,소상공인시장진흥공단_상가업소정보
음식점,음식점,비빔골보리밥,35.1564917258353,128.980636685372,소상공인시장진흥공단_상가업소정보
음식점,음식점,김해상회,35.1524593760811,128.99351936083,소상공인시장진흥공단_상가업소정보
생활편의,소매,모라상회스타문구,35.1897131216628,128.986437618595,소상공인시장진흥공단_상가업소정보
생활편의,소매,동국의료기,35.1572781434151,128.983794069907,소상공인시장진흥공단_상가업소정보
생활편의,문화체육,성금로또，성금슈퍼,35.1751763612901,128.988685007052,소상공인시장진흥공단_상가업소정보
생활편의,문화체육,복권방,35.1526849162219,129.00496915776,소상공인시장진흥공단_상가업소정보
생활편의,문화체육,행복마을,35.1825861512605,129.000588473303,소상공인시장진흥공단_상가업소정보
음식점,음식점,부산수산횟집,35.1286046519811,128.970417693376,소상공인시장진흥공단_상가업소정보
음식점,음식점,통영활어회도매센타,35.1397945234762,128.978882592431,소상공인시장진흥공단_상가업소정보
음식점,음식점,미도식당,35.1328768728322,128.965386743731,소상공인시장진흥공단_상가업소정보
생활편의,소매,잉글랜드,35.1643345532276,128.977721218153,소상공인시장진흥공단_상가업소정보
음식점,음식점,청도떡방앗간,35.1552777710483,128.980475577375,소상공인시장진흥공단_상가업소정보
음식점,음식점,떳다철가방,35.1662715580767,128.984363712711,소상공인시장진흥공단_상가업소정보
생활편의,소매,르네시떼,35.1643345532276,128.977721218153,소상공인시장진흥공단_상가업소정보
생활편의,소매,유정서비스,35.1413722494204,128.970549909223,소상공인시장진흥공단_상가업소정보
생활편의,문화체육,킹앤퀸당구장,35.1472653383772,129.010618272742,소상공인시장진흥공단_상가업소정보
생활편의,보건의료,하나메디칼의원,35.1875268576536,128.987317452091,소상공인시장진흥공단_상가업소정보
생활편의,문화체육,24시노래연습장,35.1725157376234,128.982221664728,소상공인시장진흥공단_상가업소정보
생활편의,문화체육,조은생각,35.1672248055876,128.984485648563,소상공인시장진흥공단_상가업소정보
음식점,음식점,지코바치킨괘법점사상,35.1678211230926,128.980538328566,소상공인시장진흥공단_상가업소정보
음식점,음식점,만리장성,35.1535203676768,128.979379600518,소상공인시장진흥공단_상가업소정보
음식점,음식점,지코바,35.185558036708,128.989223393273,소상공인시장진흥공단_상가업소정보
음식점,음식점,신흥갈비,35.1563103437884,128.981257748802,소상공인시장진흥공단_상가업소정보
음식점,음식점,경수복국,35.1562872665432,128.98101578303,소상공인시장진흥공단_상가업소정보
생활편의,소매,태야슈퍼,35.1585182596098,128.985108063985,소상공인시장진흥공단_상가업소정보
음식점,음식점,다준푸드,35.153879022875,129.012843883812,소상공인시장진흥공단_상가업소정보
생활편의,소매,포항장갑,35.1561742113968,128.987366396899,소상공인시장진흥공단_상가업소정보
생활편의,소매,우경상사,35.1510385805163,129.006431953038,소상공인시장진흥공단_상가업소정보
음식점,음식점,진성떡.고추방앗간,35.1833957880276,129.000674181565,소상공인시장진흥공단_상가업소정보
생활편의,소매,서원탑할인마트,35.1827529589175,128.993754185664,소상공인시장진흥공단_상가업소정보
생활편의,소매,풍전조명전업사,35.1920464071745,128.988130124933,소상공인시장진흥공단_상가업소정보
음식점,음식점,거창반점,35.1301258894463,128.966088484348,소상공인시장진흥공단_상가업소정보
음식점,음식점,일성관,35.1690630791312,128.98943602175,소상공인시장진흥공단_상가업소정보
음식점,음식점,정원식당,35.182666482865,128.979252063066,소상공인시장진흥공단_상가업소정보
생활편의,소매,신흥상회,35.1563103437884,128.981257748802,소상공인시장진흥공단_상가업소정보
음식점,음식점,봉분식,35.1366628826388,128.992355168113,소상공인시장진흥공단_상가업소정보
음식점,음식점,초이스커피숍,35.1632243426357,128.986638087251,소상공인시장진흥공단_상가업소정보
음식점,음식점,땅땅치킨신라대점,35.1696777962144,128.988221824049,소상공인시장진흥공단_상가업소정보
음식점,음식점,손칼국수,35.1516771541184,128.99176664193,소상공인시장진흥공단_상가업소정보
생활편의,소매,트라이오렌지덕포점,35.171350960615,128.981809258067,소상공인시장진흥공단_상가업소정보
생활편의,소매,마임부산모라지사,35.1876084388651,128.990579667698,소상공인시장진흥공단_상가업소정보
생활편의,소매,하나로종합인테리어,35.140756363613,128.982888321469,소상공인시장진흥공단_상가업소정보
음식점,음식점,별미식당,35.1478213053132,128.991694593785,소상공인시장진흥공단_상가업소정보
생활편의,소매,빅세일마트,35.1538694650212,129.003637623626,소상공인시장진흥공단_상가업소정보
음식점,음식점,황제식당,35.1708189691384,128.982378017027,소상공인시장진흥공단_상가업소정보
생활편의,소매,보노보,35.1643345532276,128.977721218153,소상공인시장진흥공단_상가업소정보
음식점,음식점,수미식당,35.1556873354173,128.984633270011,소상공인시장진흥공단_상가업소정보
생활편의,소매,남도설비전기철물,35.1897958198311,128.986889709637,소상공인시장진흥공단_상가업소정보
음식점,음식점,이래옥,35.1248955855663,128.967410622062,소상공인시장진흥공단_상가업소정보
음식점,음식점,청풍각,35.1546538503003,129.010141742077,소상공인시장진흥공단_상가업소정보
음식점,음식점,베리노베이커리,35.1878106139832,128.987598794283,소상공인시장진흥공단_상가업소정보
음식점,음식점,가족식당,35.1427178662538,128.971481991063,소상공인시장진흥공단_상가업소정보
생활편의,소매,세븐일레븐부산덕포신익점,35.1733197784063,128.989792182505,소상공인시장진흥공단_상가업소정보
음식점,음식점,태양식당,35.175236634549,128.983912115335,소상공인시장진흥공단_상가업소정보
음식점,음식점,북면막걸리,35.1274189396619,128.972396476075,소상공인시장진흥공단_상가업소정보
음식점,음식점,"생생돈까스,bhc,큰맘할매순대국",35.138453779842,128.979310899402,소상공인시장진흥공단_상가업소정보
음식점,음식점,교원,35.1482495497467,129.012672283177,소상공인시장진흥공단_상가업소정보
음식점,음식점,BHC,35.1286397302175,128.974904984625,소상공인시장진흥공단_상가업소정보
생활편의,소매,아세미,35.1643345532276,128.977721218153,소상공인시장진흥공단_상가업소정보
생활편의,소매,형제전기조명,35.1930733835187,128.993084245672,소상공인시장진흥공단_상가업소정보
생활편의,소매,영아트와미키,35.1372845009194,128.97917288247,소상공인시장진흥공단_상가업소정보
생활편의,소매,신라약국,35.172285832281,128.988548741378,소상공인시장진흥공단_상가업소정보
음식점,음식점,푸른집,35.1237786016176,128.972922924654,소상공인시장진흥공단_상가업소정보
생활편의,소매,합성슈퍼,35.1472409441737,129.014797895686,소상공인시장진흥공단_상가업소정보
생활편의,문화체육,벨로체노래연습장,35.1500075578429,129.006110387288,소상공인시장진흥공단_상가업소정보
생활편의,소매,우진디자인시스템,35.1462494724304,128.970437106168,소상공인시장진흥공단_상가업소정보
음식점,음식점,고메밀면,35.1859889651122,128.990419412565,소상공인시장진흥공단_상가업소정보
생활편의,소매,장윤유통,35.1558653614005,128.985317917262,소상공인시장진흥공단_상가업소정보
음식점,음식점,쇼걸술마시는노래방,35.1661810718504,128.983286029714,소상공인시장진흥공단_상가업소정보
음식점,음식점,창녕순대국밥,35.1539100649036,128.985851950581,소상공인시장진흥공단_상가업소정보
생활편의,소매,조영패션,35.1643345532276,128.977721218153,소상공인시장진흥공단_상가업소정보
생활편의,소매,믿음상사,35.1479681745364,128.971147836639,소상공인시장진흥공단_상가업소정보
음식점,음식점,유가네닭갈비,35.1639713745536,128.983396974066,소상공인시장진흥공단_상가업소정보
생활편의,문화체육,남경노래연습장,35.130144355739,128.971606595028,소상공인시장진흥공단_상가업소정보
생활편의,소매,쏘나타,35.1643345532276,128.977721218153,소상공인시장진흥공단_상가업소정보
생활편의,소매,J2,35.1643345532276,128.977721218153,소상공인시장진흥공단_상가업소정보
생활편의,소매,서원탑훼미리마트,35.125861582377,128.971185238532,소상공인시장진흥공단_상가업소정보
음식점,음식점,이색식당,35.1961746438825,128.987528128592,소상공인시장진흥공단_상가업소정보
음식점,음식점,제일반점,35.1909763844603,128.990727707471,소상공인시장진흥공단_상가업소정보
음식점,음식점,통일식당,35.1722748468277,128.977112367907,소상공인시장진흥공단_상가업소정보
생활편의,소매,한양장식,35.1723524516772,128.981186034774,소상공인시장진흥공단_상가업소정보
음식점,음식점,현대식당,35.18229898057,128.979682210243,소상공인시장진흥공단_상가업소정보
음식점,음식점,삼락식당,35.18229898057,128.979682210243,소상공인시장진흥공단_상가업소정보
음식점,음식점,아지매재첩국,35.1934956248321,128.986035713152,소상공인시장진흥공단_상가업소정보
음식점,음식점,남해식당,35.1729645386856,128.979576552306,소상공인시장진흥공단_상가업소정보
생활편의,소매,대동만물상회,35.1717526732052,128.980941002941,소상공인시장진흥공단_상가업소정보
음식점,음식점,삼락하동재첩국,35.1934358084485,128.985836652979,소상공인시장진흥공단_상가업소정보
음식점,음식점,할매재첩국,35.1933599629925,128.986065344235,소상공인시장진흥공단_상가업소정보
생활편의,소매,유성당,35.1723042392298,128.982479933151,소상공인시장진흥공단_상가업소정보
음식점,음식점,송백민물장어구이,35.1612274453039,128.982562179483,소상공인시장진흥공단_상가업소정보
음식점,음식점,모아모아,35.15886567168,128.987552588258,소상공인시장진흥공단_상가업소정보
생활편의,소매,산업주유소,35.1390985058103,128.970165971744,소상공인시장진흥공단_상가업소정보
생활편의,문화체육,미조리노래연습장,35.1492573234259,129.001889689123,소상공인시장진흥공단_상가업소정보
음식점,음식점,엄마손한양족발,35.191545729457,128.988985164005,소상공인시장진흥공단_상가업소정보
음식점,음식점,김밥천국,35.148917793392,129.00443783757,소상공인시장진흥공단_상가업소정보
생활편의,소매,아산주유소,35.1417156557633,128.979335034458,소상공인시장진흥공단_상가업소정보
생활편의,소매,티나라,35.1643345532276,128.977721218153,소상공인시장진흥공단_상가업소정보
음식점,음식점,리치하우스,35.1250343008845,128.97660583262,소상공인시장진흥공단_상가업소정보
음식점,음식점,행복떡방,35.1717526732052,128.980941002941,소상공인시장진흥공단_상가업소정보
생활편의,문화체육,인공위성,35.1384236593255,128.978948140077,소상공인시장진흥공단_상가업소정보
생활편의,문화체육,21세기노래연습장,35.188723458366,128.990727622149,소상공인시장진흥공단_상가업소정보
음식점,음식점,박달재영양탕,35.1857235923255,128.990116561797,소상공인시장진흥공단_상가업소정보
생활편의,소매,DC플러스마트,35.1690488886384,128.979854752977,소상공인시장진흥공단_상가업소정보
음식점,음식점,BBQ,35.167949427079,128.980958474429,소상공인시장진흥공단_상가업소정보
음식점,음식점,동일식당,35.179252179131,128.987983059692,소상공인시장진흥공단_상가업소정보
음식점,음식점,새들원,35.1282165719441,128.96934432434,소상공인시장진흥공단_상가업소정보
음식점,음식점,늘봄보쌈,35.1244008991542,128.970678376414,소상공인시장진흥공단_상가업소정보
음식점,음식점,냉정떡방앗간,35.1484811546726,129.010121539038,소상공인시장진흥공단_상가업소정보
음식점,음식점,유성구내식당,35.1478540637344,128.973174883351,소상공인시장진흥공단_상가업소정보
생활편의,소매,포시즌신모라점,35.1927242364125,128.992943980655,소상공인시장진흥공단_상가업소정보
음식점,음식점,울타리없는만두분식,35.1733197784063,128.989792182505,소상공인시장진흥공단_상가업소정보
생활편의,소매,퀸베이비,35.1850978569207,128.991451454292,소상공인시장진흥공단_상가업소정보
생활편의,소매,초이스,35.1643345532276,128.977721218153,소상공인시장진흥공단_상가업소정보
생활편의,소매,킹마트,35.1562332536278,128.98156312289,소상공인시장진흥공단_상가업소정보
생활편의,소매,자연주의,35.1642343045877,128.978893016647,소상공인시장진흥공단_상가업소정보
음식점,음식점,큰바다도매회센타,35.1561002273228,128.983633788037,소상공인시장진흥공단_상가업소정보
생활편의,소매,메디칼박상일약국,35.1700455511104,128.982831156561,소상공인시장진흥공단_상가업소정보
음식점,음식점,동창식당,35.1426852283883,128.970164660154,소상공인시장진흥공단_상가업소정보
생활편의,소매,이마트24사상모라점,35.188770141844,128.985690153579,소상공인시장진흥공단_상가업소정보
생활편의,문화체육,엠존,35.1380214044168,128.97764387638,소상공인시장진흥공단_상가업소정보
생활편의,소매,애니팜,35.1643345532276,128.977721218153,소상공인시장진흥공단_상가업소정보
생활편의,소매,루디아패션,35.1670217716988,128.984777023974,소상공인시장진흥공단_상가업소정보
생활편의,소매,늘푸른건강원,35.1843609156934,128.993519052904,소상공인시장진흥공단_상가업소정보
음식점,음식점,포항물회,35.1876263021207,128.988944500541,소상공인시장진흥공단_상가업소정보
음식점,음식점,대성산꼼장어,35.1297125781704,128.97211174813,소상공인시장진흥공단_상가업소정보
생활편의,소매,데이바이데이,35.1487304578101,129.011389442796,소상공인시장진흥공단_상가업소정보
생활편의,소매,나드리부림특약점,35.1727156831225,128.981568006893,소상공인시장진흥공단_상가업소정보
생활편의,소매,한솔조명,35.140069657179,128.981346718189,소상공인시장진흥공단_상가업소정보
생활편의,소매,한일상사,35.1880284271225,128.988603030896,소상공인시장진흥공단_상가업소정보
음식점,음식점,유정,35.1588392986303,128.984764719591,소상공인시장진흥공단_상가업소정보
음식점,음식점,이시봉족발보쌈,35.1652451774772,128.981002613009,소상공인시장진흥공단_상가업소정보
음식점,음식점,토담,35.1703190012638,128.982091505254,소상공인시장진흥공단_상가업소정보
음식점,음식점,보라떡방앗간,35.1550739912469,129.013059864503,소상공인시장진흥공단_상가업소정보
생활편의,소매,GS25사상낙동점,35.1639225890237,128.98087176294,소상공인시장진흥공단_상가업소정보
음식점,음식점,이모네손칼국수보리밥,35.1639523036715,128.984011056435,소상공인시장진흥공단_상가업소정보
음식점,음식점,불티나술마시는노래방,35.1634294913557,128.984569000673,소상공인시장진흥공단_상가업소정보
생활편의,소매,고성신발,35.1560512572211,128.984422652308,소상공인시장진흥공단_상가업소정보
음식점,음식점,강남포차,35.1872126438405,128.98943936575,소상공인시장진흥공단_상가업소정보
생활편의,소매,해피골드,35.1643345532276,128.977721218153,소상공인시장진흥공단_상가업소정보
음식점,음식점,고기신랑버섯각시,35.1662840334742,128.985801654198,소상공인시장진흥공단_상가업소정보
생활편의,소매,대명슈퍼,35.1612352906633,128.978776454134,소상공인시장진흥공단_상가업소정보
음식점,음식점,보성감자탕,35.191545729457,128.988985164005,소상공인시장진흥공단_상가업소정보
생활편의,소매,코비,35.1643345532276,128.977721218153,소상공인시장진흥공단_상가업소정보
생활편의,문화체육,열린노래연습장,35.1857304091284,128.991346145732,소상공인시장진흥공단_상가업소정보
음식점,음식점,김천식당,35.1509775149046,128.997586827041,소상공인시장진흥공단_상가업소정보
음식점,음식점,울타리활어센타,35.1236187538378,128.97388430809,소상공인시장진흥공단_상가업소정보
생활편의,소매,리치랜드,35.1643345532276,128.977721218153,소상공인시장진흥공단_상가업소정보
생활편의,소매,궁쥬얼리,35.1643345532276,128.977721218153,소상공인시장진흥공단_상가업소정보
생활편의,소매,나래텔레콤,35.1707098200698,128.982989963384,소상공인시장진흥공단_상가업소정보
음식점,음식점,유성노래주점,35.1652901853869,128.983758231738,소상공인시장진흥공단_상가업소정보
생활편의,소매,두이냉열시스템,35.1413722494204,128.970549909223,소상공인시장진흥공단_상가업소정보
생활편의,소매,임마뉴엘,35.1643345532276,128.977721218153,소상공인시장진흥공단_상가업소정보
생활편의,소매,비겐바디케어,35.1715526985385,128.981045901295,소상공인시장진흥공단_상가업소정보
음식점,음식점,한독식당,35.1489848410774,128.980641225915,소상공인시장진흥공단_상가업소정보
음식점,음식점,골목아구찜,35.1861226628442,128.989412790075,소상공인시장진흥공단_상가업소정보
생활편의,소매,퀸스,35.1573153178842,128.985375103867,소상공인시장진흥공단_상가업소정보
생활편의,문화체육,현성노래연습장,35.1560265689709,128.984279404083,소상공인시장진흥공단_상가업소정보
생활편의,문화체육,따봉노래연습장,35.1662358634737,128.983792179916,소상공인시장진흥공단_상가업소정보
음식점,음식점,엄궁밀면,35.1255864042067,128.968710602957,소상공인시장진흥공단_상가업소정보
음식점,음식점,호림정,35.1490681390918,129.005154704358,소상공인시장진흥공단_상가업소정보
생활편의,소매,부산대로전산,35.1891984031807,128.988148541146,소상공인시장진흥공단_상가업소정보
음식점,음식점,비어콜,35.1557534872542,128.985545629671,소상공인시장진흥공단_상가업소정보
생활편의,소매,세발유통,35.1912779507296,128.991569370673,소상공인시장진흥공단_상가업소정보
생활편의,소매,예삐짱,35.1643345532276,128.977721218153,소상공인시장진흥공단_상가업소정보
음식점,음식점,골라먹는재미,35.1462038366831,129.008332008525,소상공인시장진흥공단_상가업소정보
음식점,음식점,안동돼지국밥,35.1704452901148,128.988679509753,소상공인시장진흥공단_상가업소정보
음식점,음식점,딜라이트푸드학장점,35.1366628826388,128.992355168113,소상공인시장진흥공단_상가업소정보
음식점,음식점,옛날수제통닭,35.1561376972322,128.983546914111,소상공인시장진흥공단_상가업소정보
생활편의,소매,일신전기철물,35.1645426869025,128.983729099027,소상공인시장진흥공단_상가업소정보
음식점,음식점,록양식당,35.189708935214,128.991080992354,소상공인시장진흥공단_상가업소정보
생활편의,문화체육,동그라미노래연습장,35.1939320153739,128.99347847806,소상공인시장진흥공단_상가업소정보
생활편의,소매,크로바데코,35.1643345532276,128.977721218153,소상공인시장진흥공단_상가업소정보
음식점,음식점,예진할매식당,35.1493048738394,129.000102415113,소상공인시장진흥공단_상가업소정보
생활편의,소매,개와고양이,35.1551553800371,128.979693537647,소상공인시장진흥공단_상가업소정보
생활편의,소매,앤셜리,35.1643345532276,128.977721218153,소상공인시장진흥공단_상가업소정보
생활편의,소매,칠성자전거,35.1887314212384,128.98695160734,소상공인시장진흥공단_상가업소정보
생활편의,소매,씨유모라점,35.1917867905457,128.988573886276,소상공인시장진흥공단_상가업소정보
생활편의,소매,벽지/장판/마루소매업,35.1875699013801,128.985792669596,소상공인시장진흥공단_상가업소정보
생활편의,소매,이조철물,35.1923039276334,128.992747089425,소상공인시장진흥공단_상가업소정보
음식점,음식점,초량식당,35.1932870728273,128.992694260216,소상공인시장진흥공단_상가업소정보
음식점,음식점,경남식당,35.1893712934311,128.983652001838,소상공인시장진흥공단_상가업소정보
음식점,음식점,평화횟집,35.1923072776701,128.988707329991,소상공인시장진흥공단_상가업소정보
생활편의,소매,범진수족관,35.1880379633353,128.989668057343,소상공인시장진흥공단_상가업소정보
생활편의,소매,모라가구갤러리,35.1909603830473,128.988959915351,소상공인시장진흥공단_상가업소정보
생활편의,소매,현창종합상사,35.1922308945773,128.987322261928,소상공인시장진흥공단_상가업소정보
생활편의,소매,조다쉬,35.1875268576536,128.987317452091,소상공인시장진흥공단_상가업소정보
음식점,음식점,옛날손짜장,35.1872392379884,128.992206255116,소상공인시장진흥공단_상가업소정보
음식점,음식점,사철밀면,35.1922580067439,128.992251965837,소상공인시장진흥공단_상가업소정보
음식점,음식점,우정식당,35.1920464071745,128.988130124933,소상공인시장진흥공단_상가업소정보
음식점,음식점,장어탕,35.1615966817812,128.980925085366,소상공인시장진흥공단_상가업소정보
생활편의,소매,한일약국,35.1906200581713,128.988830864648,소상공인시장진흥공단_상가업소정보
생활편의,소매,백진종합상사,35.1818938173725,128.983514138349,소상공인시장진흥공단_상가업소정보
생활편의,소매,이노티안경,35.1390230903814,128.979214978175,소상공인시장진흥공단_상가업소정보
생활편의,소매,청자상회,35.1706124996273,128.982329104054,소상공인시장진흥공단_상가업소정보
생활편의,소매,진주상회,35.1712394200004,128.981466325078,소상공인시장진흥공단_상가업소정보
음식점,음식점,또와분식,35.1708189691384,128.982378017027,소상공인시장진흥공단_상가업소정보
음식점,음식점,고봉김밥백양점,35.1837866417295,129.001561896786,소상공인시장진흥공단_상가업소정보
생활편의,소매,태광기공사,35.1778886763321,128.985403441448,소상공인시장진흥공단_상가업소정보
생활편의,소매,삼성기공사,35.1794802257981,128.985068968733,소상공인시장진흥공단_상가업소정보
생활편의,소매,덕포비와이씨,35.171328455156,128.982083087363,소상공인시장진흥공단_상가업소정보
생활편의,소매,제일상회,35.1591653689403,128.984114240063,소상공인시장진흥공단_상가업소정보
생활편의,소매,청도상회,35.1665809282482,128.985282104295,소상공인시장진흥공단_상가업소정보
생활편의,소매,장화상회,35.1561767569459,128.980058453015,소상공인시장진흥공단_상가업소정보
음식점,음식점,여주식당,35.1476554675332,128.971535280405,소상공인시장진흥공단_상가업소정보
생활편의,소매,FORYOU,35.1538898543664,128.9848858643,소상공인시장진흥공단_상가업소정보
생활편의,소매,낚시랜드,35.1505713437398,129.00090147092,소상공인시장진흥공단_상가업소정보
생활편의,소매,한양슈퍼,35.1491324404623,129.012145432288,소상공인시장진흥공단_상가업소정보
음식점,음식점,마장동황제축산사상점,35.1630068453697,128.985063529283,소상공인시장진흥공단_상가업소정보
음식점,음식점,명가밀면,35.1745610420513,128.984444468849,소상공인시장진흥공단_상가업소정보
음식점,음식점,치킨신드롬,35.1697139965727,128.990406688866,소상공인시장진흥공단_상가업소정보
음식점,음식점,지리산어탕국수,35.1614074293801,128.982577522235,소상공인시장진흥공단_상가업소정보
생활편의,소매,성진공업사,35.146323875625,128.984647213867,소상공인시장진흥공단_상가업소정보
음식점,음식점,신사동왕족발,35.1411545200307,128.982788271254,소상공인시장진흥공단_상가업소정보
음식점,음식점,대림떡방앗간,35.135321928157,128.992245695873,소상공인시장진흥공단_상가업소정보
생활편의,소매,아현설비,35.1326964454338,128.973160035871,소상공인시장진흥공단_상가업소정보
음식점,음식점,승학떡방앗간,35.1279785839409,128.974000510974,소상공인시장진흥공단_상가업소정보
음식점,음식점,멕시카나치킨,35.1282231795358,128.970046515874,소상공인시장진흥공단_상가업소정보
음식점,음식점,맥시칸치킨,35.1295915434182,128.972350156546,소상공인시장진흥공단_상가업소정보
생활편의,소매,왕자상회,35.1290990372638,128.971603329195,소상공인시장진흥공단_상가업소정보
생활편의,소매,정금당,35.1293715176822,128.970918826511,소상공인시장진흥공단_상가업소정보
생활편의,소매,금보석,35.1288185326873,128.970565448539,소상공인시장진흥공단_상가업소정보
생활편의,소매,영구장식,35.1291236480733,128.972305962418,소상공인시장진흥공단_상가업소정보
음식점,음식점,이지비어,35.1550715630814,128.985364462506,소상공인시장진흥공단_상가업소정보
생활편의,소매,GS25주례동서점,35.150394395431,129.011584014662,소상공인시장진흥공단_상가업소정보
생활편의,소매,비니,35.1643345532276,128.977721218153,소상공인시장진흥공단_상가업소정보
생활편의,소매,화신상회,35.1710162508386,128.982437682157,소상공인시장진흥공단_상가업소정보
생활편의,문화체육,라이브노래연습장,35.1384943652467,128.977929584523,소상공인시장진흥공단_상가업소정보
음식점,음식점,곤드래,35.1751999618457,128.988894117085,소상공인시장진흥공단_상가업소정보
음식점,음식점,가장맛있는족발,35.1854050495359,128.990855222013,소상공인시장진흥공단_상가업소정보
생활편의,소매,정원이네반찬,35.1542715621928,129.00384499387,소상공인시장진흥공단_상가업소정보
생활편의,소매,국제금고,35.1552519440456,128.991941581261,소상공인시장진흥공단_상가업소정보
음식점,음식점,최가네추어탕우거지해장국,35.1610860466022,128.980188439278,소상공인시장진흥공단_상가업소정보
음식점,음식점,우디브룩,35.1342543807144,128.99851646556,소상공인시장진흥공단_상가업소정보
음식점,음식점,삼성복국,35.1486112771084,128.985843854389,소상공인시장진흥공단_상가업소정보
음식점,음식점,산노을,35.1543184552268,129.016223318274,소상공인시장진흥공단_상가업소정보
생활편의,소매,신우공업사,35.167195139768,128.981894953798,소상공인시장진흥공단_상가업소정보
음식점,음식점,청도추어탕,35.1553088774954,128.986829620414,소상공인시장진흥공단_상가업소정보
생활편의,소매,덴폴,35.1290036006629,128.971930108774,소상공인시장진흥공단_상가업소정보
음식점,음식점,와족,35.1870690612026,128.988854077115,소상공인시장진흥공단_상가업소정보
생활편의,소매,화연이네,35.1643345532276,128.977721218153,소상공인시장진흥공단_상가업소정보
음식점,음식점,실안장어구이,35.1909623378654,128.990485856442,소상공인시장진흥공단_상가업소정보
음식점,음식점,장수돼지국밥,35.1837866417295,129.001561896786,소상공인시장진흥공단_상가업소정보
생활편의,소매,기타의류소매업,35.1565274960568,128.97955122202,소상공인시장진흥공단_상가업소정보
생활편의,소매,홀릭,35.1643345532276,128.977721218153,소상공인시장진흥공단_상가업소정보
생활편의,소매,해태유업엄궁특약점,35.1290782572595,128.971218900303,소상공인시장진흥공단_상가업소정보
생활편의,소매,가락타운주유소,35.1262526628575,128.968748580024,소상공인시장진흥공단_상가업소정보
생활편의,소매,서원유통,35.126813502077,128.973050985989,소상공인시장진흥공단_상가업소정보
음식점,음식점,대성상회,35.178187024461,128.985344843031,소상공인시장진흥공단_상가업소정보
생활편의,소매,녹십자약국,35.1366628826388,128.992355168113,소상공인시장진흥공단_상가업소정보
생활편의,소매,OK상사,35.1486423254026,128.989443411754,소상공인시장진흥공단_상가업소정보
음식점,음식점,시드니,35.1672140212421,128.981291816165,소상공인시장진흥공단_상가업소정보
생활편의,소매,수림유리,35.1793100731769,128.982803754915,소상공인시장진흥공단_상가업소정보
음식점,음식점,동그라미,35.1485545472357,129.012756599079,소상공인시장진흥공단_상가업소정보
음식점,음식점,해물나라,35.1542703230459,128.997919712769,소상공인시장진흥공단_상가업소정보
생활편의,소매,제일유통,35.1672223433006,128.98683412386,소상공인시장진흥공단_상가업소정보
음식점,음식점,어촌활어,35.128379701148,128.975929815434,소상공인시장진흥공단_상가업소정보
생활편의,소매,경남상사,35.1836875866791,128.986236048054,소상공인시장진흥공단_상가업소정보
생활편의,소매,다모아이불,35.1876751301184,128.987068587622,소상공인시장진흥공단_상가업소정보
생활편의,소매,올리지오플라워,35.1724423539128,128.981199191683,소상공인시장진흥공단_상가업소정보
음식점,음식점,걸작,35.1300218795612,128.973040645283,소상공인시장진흥공단_상가업소정보
생활편의,소매,큰솔병원매점,35.140709673602,128.982437381672,소상공인시장진흥공단_상가업소정보
음식점,음식점,주공감자탕,35.1837239937684,128.99935405324,소상공인시장진흥공단_상가업소정보
생활편의,소매,바이제이,35.1643345532276,128.977721218153,소상공인시장진흥공단_상가업소정보
생활편의,소매,삼호약국,35.128333857495,128.972659867948,소상공인시장진흥공단_상가업소정보
음식점,음식점,두터울만두집,35.1508799210495,129.004584723752,소상공인시장진흥공단_상가업소정보
음식점,음식점,유경술마시는노래방,35.1661672124121,128.983581999906,소상공인시장진흥공단_상가업소정보
생활편의,소매,부산의료기,35.150048330464,129.000921579032,소상공인시장진흥공단_상가업소정보
음식점,음식점,이웃집,35.1643834377786,128.984098349473,소상공인시장진흥공단_상가업소정보
생활편의,소매,에이스종합상사,35.1420446494914,128.971871682865,소상공인시장진흥공단_상가업소정보
음식점,음식점,통영장어구이,35.1304946999215,128.971121412676,소상공인시장진흥공단_상가업소정보
음식점,음식점,형제식당,35.1356390078327,128.992692231145,소상공인시장진흥공단_상가업소정보
생활편의,소매,마임주례,35.1503832014627,129.011715404734,소상공인시장진흥공단_상가업소정보
생활편의,문화체육,남정헬스,35.1479692017823,129.015441245507,소상공인시장진흥공단_상가업소정보
음식점,음식점,옥영식당,35.1512387502556,128.997593214133,소상공인시장진흥공단_상가업소정보
생활편의,소매,광명사,35.1508684751904,128.998187634063,소상공인시장진흥공단_상가업소정보
생활편의,소매,갤러리안경원,35.1509406067913,129.011794962607,소상공인시장진흥공단_상가업소정보
생활편의,소매,매일할인마트,35.1541212355524,128.996577400314,소상공인시장진흥공단_상가업소정보
음식점,음식점,정하특미,35.1525454908396,128.98168215123,소상공인시장진흥공단_상가업소정보
생활편의,소매,파크랜드,35.150873701817,129.003871376723,소상공인시장진흥공단_상가업소정보
음식점,음식점,모.닭.불,35.1644879515093,128.981017166025,소상공인시장진흥공단_상가업소정보
음식점,음식점,부산돼지국밥,35.1565254638766,128.981328804599,소상공인시장진흥공단_상가업소정보
음식점,음식점,치킨플라이,35.1727947884434,128.989384279117,소상공인시장진흥공단_상가업소정보
음식점,음식점,봉구스밥버거,35.1687938233281,128.983876276832,소상공인시장진흥공단_상가업소정보
음식점,음식점,청운횟집,35.1637635313056,128.9850819223,소상공인시장진흥공단_상가업소정보
생활편의,소매,에스케이TM,35.1935782935103,128.990330126383,소상공인시장진흥공단_상가업소정보
음식점,음식점,굽네치킨,35.1542563150729,129.004766324726,소상공인시장진흥공단_상가업소정보
생활편의,소매,GS25엄궁동일점,35.1284576572448,128.969481761909,소상공인시장진흥공단_상가업소정보
음식점,음식점,뎐벼락막창,35.172285832281,128.988548741378,소상공인시장진흥공단_상가업소정보
음식점,음식점,오성식당,35.1821651508025,128.980150952739,소상공인시장진흥공단_상가업소정보
생활편의,소매,송이샵,35.1643345532276,128.977721218153,소상공인시장진흥공단_상가업소정보
음식점,음식점,우리도가니탕,35.1539556957266,128.99020921108,소상공인시장진흥공단_상가업소정보
음식점,음식점,궁전,35.1550715630814,128.985364462506,소상공인시장진흥공단_상가업소정보
생활편의,소매,유성,35.1374058391713,128.971178342134,소상공인시장진흥공단_상가업소정보
생활편의,소매,창가텔레콤,35.15886567168,128.987552588258,소상공인시장진흥공단_상가업소정보
음식점,음식점,모라성,35.1844619431308,129.001051576918,소상공인시장진흥공단_상가업소정보
생활편의,소매,키이로자매,35.1643345532276,128.977721218153,소상공인시장진흥공단_상가업소정보
음식점,음식점,교촌모라점,35.1899478220533,128.991350282636,소상공인시장진흥공단_상가업소정보
생활편의,소매,안동상회,35.1555707743955,128.981294675994,소상공인시장진흥공단_상가업소정보
생활편의,소매,시크제인,35.1643345532276,128.977721218153,소상공인시장진흥공단_상가업소정보
생활편의,소매,개미패션,35.1643345532276,128.977721218153,소상공인시장진흥공단_상가업소정보
음식점,음식점,부산상회,35.1459956827347,128.98652635988,소상공인시장진흥공단_상가업소정보
생활편의,문화체육,토토랑프로토랑,35.1561523931946,128.982098837543,소상공인시장진흥공단_상가업소정보
생활편의,소매,마임사상지사,35.1679636520949,128.978434666964,소상공인시장진흥공단_상가업소정보
음식점,음식점,노블,35.1588187654813,128.98491784733,소상공인시장진흥공단_상가업소정보
음식점,음식점,종점다방,35.191545729457,128.988985164005,소상공인시장진흥공단_상가업소정보
음식점,음식점,간빠이,35.1723042392298,128.982479933151,소상공인시장진흥공단_상가업소정보
음식점,음식점,용궁해물뽈찜시원한대구탕,35.1697316109355,128.981089512442,소상공인시장진흥공단_상가업소정보
생활편의,소매,센시블,35.1643345532276,128.977721218153,소상공인시장진흥공단_상가업소정보
음식점,음식점,플라워,35.1293402113626,128.971181337602,소상공인시장진흥공단_상가업소정보
음식점,음식점,동경실내포장센타,35.1647176593147,128.984600305699,소상공인시장진흥공단_상가업소정보
음식점,음식점,무한지대고기부페,35.1492470955025,129.011753264308,소상공인시장진흥공단_상가업소정보
음식점,음식점,삼미상회,35.1446654005057,128.990158478015,소상공인시장진흥공단_상가업소정보
음식점,음식점,광성상회,35.1486732500438,128.993591563728,소상공인시장진흥공단_상가업소정보
생활편의,소매,현대상회,35.1708991928653,128.98022887124,소상공인시장진흥공단_상가업소정보
음식점,음식점,해물아구찜,35.1723524516772,128.981186034774,소상공인시장진흥공단_상가업소정보
음식점,음식점,황제쟁반짜장,35.17033249846,128.981817460672,소상공인시장진흥공단_상가업소정보
음식점,음식점,호복식당,35.1696661029095,128.982339050256,소상공인시장진흥공단_상가업소정보
음식점,음식점,명성오리불고기,35.1295915434182,128.972350156546,소상공인시장진흥공단_상가업소정보
생활편의,소매,정관장홍삼,35.1304025623319,128.971799303327,소상공인시장진흥공단_상가업소정보
음식점,음식점,청풍중화요리,35.1255864042067,128.968710602957,소상공인시장진흥공단_상가업소정보
생활편의,소매,팀첼린져,35.1487534484021,128.996928995499,소상공인시장진흥공단_상가업소정보
음식점,음식점,홍쉬엔샹,35.1389274039332,128.979004218476,소상공인시장진흥공단_상가업소정보
생활편의,소매,중고상품소매업,35.1298937190328,128.972609743316,소상공인시장진흥공단_상가업소정보
음식점,음식점,어디고,35.1702896422135,128.982233465994,소상공인시장진흥공단_상가업소정보
생활편의,소매,체이스컬트,35.1275926627189,128.968364011655,소상공인시장진흥공단_상가업소정보
음식점,음식점,남영슈퍼,35.1836362335583,128.978364518237,소상공인시장진흥공단_상가업소정보
음식점,음식점,홍해루,35.1926780456625,128.989177439789,소상공인시장진흥공단_상가업소정보
생활편의,소매,씨유사상,35.1572731603699,128.979141339981,소상공인시장진흥공단_상가업소정보
음식점,음식점,가정식맛그대로,35.147679706575,128.990988945811,소상공인시장진흥공단_상가업소정보
생활편의,소매,만어낚시,35.19271731559,128.989529689767,소상공인시장진흥공단_상가업소정보
생활편의,소매,개구쟁이,35.1643345532276,128.977721218153,소상공인시장진흥공단_상가업소정보
음식점,음식점,한일돈까스,35.1909134928148,128.99126407723,소상공인시장진흥공단_상가업소정보
음식점,음식점,외식일번가서부산,35.1265863723612,128.967067381587,소상공인시장진흥공단_상가업소정보
음식점,음식점,부산엄궁뚜레쥬르,35.1288699040636,128.971839129929,소상공인시장진흥공단_상가업소정보
생활편의,소매,영광상사,35.1546529777614,128.978452410414,소상공인시장진흥공단_상가업소정보
생활편의,소매,이슬로건강원,35.1941640566988,128.993615885618,소상공인시장진흥공단_상가업소정보
음식점,음식점,공주식당,35.18229898057,128.979682210243,소상공인시장진흥공단_상가업소정보
음식점,음식점,영커피숍,35.1575415820991,128.984766106291,소상공인시장진흥공단_상가업소정보
음식점,음식점,포항식당,35.1929283024314,128.987657611474,소상공인시장진흥공단_상가업소정보
생활편의,문화체육,산타페노래연습장,35.18828047395,128.988620151342,소상공인시장진흥공단_상가업소정보
생활편의,소매,센스,35.1643345532276,128.977721218153,소상공인시장진흥공단_상가업소정보
음식점,음식점,이까야,35.1880284271225,128.988603030896,소상공인시장진흥공단_상가업소정보
음식점,음식점,청도추어탕,35.1535730836874,129.005210406775,소상공인시장진흥공단_상가업소정보
생활편의,소매,모아유통,35.1520373206231,129.002714899693,소상공인시장진흥공단_상가업소정보
음식점,음식점,구구안동찜닭,35.1305704661822,128.974216656465,소상공인시장진흥공단_상가업소정보
생활편의,소매,모라텔레콤,35.1849533063227,128.993116405497,소상공인시장진흥공단_상가업소정보
생활편의,소매,씨유삼락공단점,35.1732849932286,128.981472072954,소상공인시장진흥공단_상가업소정보
음식점,음식점,웰빙한방왕족발,35.1713702338015,128.981732900703,소상공인시장진흥공단_상가업소정보
생활편의,소매,오뚜기홍어집,35.1282201658735,128.975212959693,소상공인시장진흥공단_상가업소정보
음식점,음식점,불막열삼,35.1917402115701,128.992502786643,소상공인시장진흥공단_상가업소정보
생활편의,소매,러브플러스,35.1540170789937,128.993052628895,소상공인시장진흥공단_상가업소정보
생활편의,소매,예쁜여우,35.1539340321876,129.016038268804,소상공인시장진흥공단_상가업소정보
생활편의,문화체육,혜성노래연습장,35.1695521295943,128.980492518943,소상공인시장진흥공단_상가업소정보
음식점,음식점,김여사네,35.1663330733388,128.989402430062,소상공인시장진흥공단_상가업소정보
생활편의,소매,우신프라자약국,35.1850978569207,128.991451454292,소상공인시장진흥공단_상가업소정보
음식점,음식점,조방낙지,35.1619108542859,128.980449860215,소상공인시장진흥공단_상가업소정보
음식점,음식점,뚜레쥬르신모라,35.1858671691341,128.990701842583,소상공인시장진흥공단_상가업소정보
생활편의,소매,덕포식품,35.1712394200004,128.981466325078,소상공인시장진흥공단_상가업소정보
음식점,음식점,철가방,35.1909842316894,128.992989294595,소상공인시장진흥공단_상가업소정보
생활편의,소매,우주냉열,35.1476612865799,129.015532396606,소상공인시장진흥공단_상가업소정보
음식점,음식점,남강루,35.1451335115246,128.984146530393,소상공인시장진흥공단_상가업소정보
음식점,음식점,비비큐학장점,35.140991585365,128.985033361242,소상공인시장진흥공단_상가업소정보
음식점,음식점,한솥도시락동서대,35.1466051824775,129.0074970561,소상공인시장진흥공단_상가업소정보
생활편의,소매,축협마트,35.1712310099836,128.98253069703,소상공인시장진흥공단_상가업소정보
음식점,음식점,진미식당,35.1486593334847,128.984561302127,소상공인시장진흥공단_상가업소정보
생활편의,소매,사상수족관,35.1679795693422,128.981870095413,소상공인시장진흥공단_상가업소정보
음식점,음식점,파리바게뜨부산,35.1286432552394,128.973029318925,소상공인시장진흥공단_상가업소정보
생활편의,소매,금랑,35.1643345532276,128.977721218153,소상공인시장진흥공단_상가업소정보
생활편의,소매,감전지업사,35.1556819335601,128.978905274779,소상공인시장진흥공단_상가업소정보
음식점,음식점,영이어시장,35.1502268655123,129.012446687312,소상공인시장진흥공단_상가업소정보
음식점,음식점,산내양곱창,35.1641903314197,128.984883789898,소상공인시장진흥공단_상가업소정보
음식점,음식점,전통수제비,35.188723458366,128.990727622149,소상공인시장진흥공단_상가업소정보
생활편의,소매,코코,35.1372845009194,128.97917288247,소상공인시장진흥공단_상가업소정보
음식점,음식점,아방궁,35.188826710232,128.985537847125,소상공인시장진흥공단_상가업소정보
음식점,음식점,부킹누래주점,35.1628097613189,128.985541589104,소상공인시장진흥공단_상가업소정보
음식점,음식점,풍년식당,35.1643345532276,128.977721218153,소상공인시장진흥공단_상가업소정보
생활편의,소매,장미슈퍼,35.1757439868095,128.984297616952,소상공인시장진흥공단_상가업소정보
음식점,음식점,삼창식당,35.1515656513304,128.990326546433,소상공인시장진흥공단_상가업소정보
생활편의,소매,수정슈퍼,35.1520148393462,129.016561471025,소상공인시장진흥공단_상가업소정보
생활편의,소매,룰루랄라,35.1643345532276,128.977721218153,소상공인시장진흥공단_상가업소정보
음식점,음식점,오빠반점황궁쟁반짜장,35.1888947176754,128.992916296922,소상공인시장진흥공단_상가업소정보
음식점,음식점,효성구내매점,35.137895760766,128.969314191321,소상공인시장진흥공단_상가업소정보
음식점,음식점,구덕골장모님국밥,35.1771027952759,128.984967245474,소상공인시장진흥공단_상가업소정보
생활편의,소매,현대부엌가구,35.1373175686511,128.976595625085,소상공인시장진흥공단_상가업소정보
음식점,음식점,꼬마베이커리,35.1671227723197,128.983012591934,소상공인시장진흥공단_상가업소정보
생활편의,소매,수스,35.1643345532276,128.977721218153,소상공인시장진흥공단_상가업소정보
생활편의,소매,스마트주유소,35.1517694691711,129.013976920049,소상공인시장진흥공단_상가업소정보
생활편의,소매,이마트24사상감전점,35.1539556957266,128.99020921108,소상공인시장진흥공단_상가업소정보
생활편의,문화체육,MBC노래연습장,35.1867067267473,128.990612554692,소상공인시장진흥공단_상가업소정보
음식점,음식점,울타리없는만두집,35.1871495670047,128.990535541423,소상공인시장진흥공단_상가업소정보
생활편의,소매,서부산종합재활용센타,35.140895791117,128.969924048506,소상공인시장진흥공단_상가업소정보
음식점,음식점,닭드리숯불두마리치킨,35.1840730181925,128.993490066222,소상공인시장진흥공단_상가업소정보
생활편의,소매,에스골프피팅센터,35.1540170789937,128.993052628895,소상공인시장진흥공단_상가업소정보
음식점,음식점,김삿갓초장,35.1290243704959,128.968990820583,소상공인시장진흥공단_상가업소정보
음식점,음식점,행복한밥상,35.1492492417968,128.999651200756,소상공인시장진흥공단_상가업소정보
음식점,음식점,올인,35.167176794082,128.982465180693,소상공인시장진흥공단_상가업소정보
생활편의,소매,삼선의료기,35.1501529056223,129.007671996936,소상공인시장진흥공단_상가업소정보
생활편의,소매,재활용중고의류,35.1644417758639,128.983287683952,소상공인시장진흥공단_상가업소정보
생활편의,소매,황금당,35.1667496884867,128.983782714243,소상공인시장진흥공단_상가업소정보
음식점,음식점,밀양국밥,35.1639575375233,128.984241638167,소상공인시장진흥공단_상가업소정보
생활편의,소매,홈할인마트,35.1894977937858,128.990768470893,소상공인시장진흥공단_상가업소정보
생활편의,소매,부국할인마트,35.1568009691177,128.985966120863,소상공인시장진흥공단_상가업소정보
음식점,음식점,땅땅치킨괘법점,35.1600565549097,128.988020507403,소상공인시장진흥공단_상가업소정보
생활편의,소매,일진상회,35.1920604586288,128.986725308504,소상공인시장진흥공단_상가업소정보
생활편의,소매,동아tools,35.1458573931127,129.013458171394,소상공인시장진흥공단_상가업소정보
생활편의,소매,GS25사상,35.1617068219097,128.986304882438,소상공인시장진흥공단_상가업소정보
생활편의,소매,아랫도리,35.1643345532276,128.977721218153,소상공인시장진흥공단_상가업소정보
음식점,음식점,본죽모라점,35.1840143966633,128.989932180033,소상공인시장진흥공단_상가업소정보
생활편의,소매,대박Time마트,35.1847736096463,128.986503972652,소상공인시장진흥공단_상가업소정보
음식점,음식점,소주천국,35.15483668613,128.979894297877,소상공인시장진흥공단_상가업소정보
음식점,음식점,땡큐노래주점,35.1642106649616,128.984192918305,소상공인시장진흥공단_상가업소정보
생활편의,소매,사랑나누기악세사리,35.171350960615,128.981809258067,소상공인시장진흥공단_상가업소정보
생활편의,문화체육,윙스크린,35.133134457351,128.973379035123,소상공인시장진흥공단_상가업소정보
생활편의,소매,동네마트,35.1646780206658,128.980966906207,소상공인시장진흥공단_상가업소정보
생활편의,소매,아울렛,35.1643345532276,128.977721218153,소상공인시장진흥공단_상가업소정보
생활편의,소매,가람상회,35.1305124233891,128.968368479457,소상공인시장진흥공단_상가업소정보
생활편의,소매,새신을신꼬,35.1712805409492,128.982257524386,소상공인시장진흥공단_상가업소정보
음식점,음식점,본죽&비빔밥카페부산,35.1283401876507,128.972824559632,소상공인시장진흥공단_상가업소정보
음식점,음식점,장원아구찜,35.1631796187919,128.984968963597,소상공인시장진흥공단_상가업소정보
음식점,음식점,영남루,35.1672328717023,128.983443270091,소상공인시장진흥공단_상가업소정보
음식점,음식점,발렌타인,35.1412378097987,128.983755737544,소상공인시장진흥공단_상가업소정보
생활편의,소매,지에스25부산도서관점,35.1722596773504,128.985749444144,소상공인시장진흥공단_상가업소정보
생활편의,문화체육,민들레노래연습장,35.1928407994657,128.992979762037,소상공인시장진흥공단_상가업소정보
음식점,음식점,대가추어탕,35.1412148342993,128.985708012187,소상공인시장진흥공단_상가업소정보
음식점,음식점,또와손칼국수,35.1703802324477,128.981653995898,소상공인시장진흥공단_상가업소정보
음식점,음식점,교촌치킨덕포점,35.1757262174957,128.988676451783,소상공인시장진흥공단_상가업소정보
생활편의,소매,르네시떼,35.1643345532276,128.977721218153,소상공인시장진흥공단_상가업소정보
생활편의,소매,그린상회,35.1637635914942,128.979572973064,소상공인시장진흥공단_상가업소정보
생활편의,소매,성동모바일,35.1555365476227,128.978978563189,소상공인시장진흥공단_상가업소정보
음식점,음식점,파리바게뜨감전점,35.1558775376865,128.983474759282,소상공인시장진흥공단_상가업소정보
음식점,음식점,홍대개미사상점,35.1629601677363,128.984612465139,소상공인시장진흥공단_상가업소정보
생활편의,소매,오피스디포-북,35.186165547641,128.986801307737,소상공인시장진흥공단_상가업소정보
생활편의,소매,지에스25구포나루점,35.1864678557607,128.989245573601,소상공인시장진흥공단_상가업소정보
생활편의,소매,새사상주차장,35.1549682497265,128.983419762923,소상공인시장진흥공단_상가업소정보
음식점,음식점,우리국밥집,35.1917979616456,128.988442425392,소상공인시장진흥공단_상가업소정보
음식점,음식점,황제,35.1658349882242,128.983508084035,소상공인시장진흥공단_상가업소정보
음식점,음식점,쓰리고유흥주점,35.164567037231,128.984443007662,소상공인시장진흥공단_상가업소정보
음식점,음식점,제일숯불갈비,35.190453813443,128.993459350229,소상공인시장진흥공단_상가업소정보
생활편의,문화체육,귀빈,35.1570068821792,128.985499284297,소상공인시장진흥공단_상가업소정보
음식점,음식점,신전떡볶이,35.1469405024318,129.010643195045,소상공인시장진흥공단_상가업소정보
생활편의,소매,오아시스,35.1643345532276,128.977721218153,소상공인시장진흥공단_상가업소정보
음식점,음식점,은파식당,35.1531914463287,128.98955418414,소상공인시장진흥공단_상가업소정보
생활편의,문화체육,동경단란주점,35.1293715176822,128.970918826511,소상공인시장진흥공단_상가업소정보
생활편의,소매,오렌지,35.1492588299124,129.004523007794,소상공인시장진흥공단_상가업소정보
생활편의,소매,대명문약국,35.1516358904857,128.992083834198,소상공인시장진흥공단_상가업소정보
음식점,음식점,진흥F.S.,35.1619672851042,128.978651530356,소상공인시장진흥공단_상가업소정보
생활편의,소매,밀양슈퍼,35.1715374792814,128.979772425522,소상공인시장진흥공단_상가업소정보
생활편의,소매,세븐일레븐사상새벽로점,35.1561376972322,128.983546914111,소상공인시장진흥공단_상가업소정보
음식점,음식점,감전식당,35.1539198637045,128.980300012885,소상공인시장진흥공단_상가업소정보
생활편의,소매,씨유사상유통단지점,35.159757357537,128.980430562506,소상공인시장진흥공단_상가업소정보
음식점,음식점,모라숯불갈비,35.1872257999633,128.986442924239,소상공인시장진흥공단_상가업소정보
생활편의,소매,쿠키,35.1643345532276,128.977721218153,소상공인시장진흥공단_상가업소정보
생활편의,소매,표준당,35.1560227185116,128.982863798543,소상공인시장진흥공단_상가업소정보
음식점,음식점,국빈관,35.1777292816518,128.976970082622,소상공인시장진흥공단_상가업소정보
음식점,음식점,양송이,35.149132155007,129.012704995692,소상공인시장진흥공단_상가업소정보
생활편의,소매,미니마켓,35.1643345532276,128.977721218153,소상공인시장진흥공단_상가업소정보
음식점,음식점,곱테랑,35.1604769681724,128.984365573348,소상공인시장진흥공단_상가업소정보
음식점,음식점,산호라이브,35.1653966422345,128.983310874777,소상공인시장진흥공단_상가업소정보
생활편의,소매,후니옷장,35.1643345532276,128.977721218153,소상공인시장진흥공단_상가업소정보
생활편의,소매,유리구두,35.1643345532276,128.977721218153,소상공인시장진흥공단_상가업소정보
생활편의,소매,한샘리하우스행복,35.1284576572448,128.969481761909,소상공인시장진흥공단_상가업소정보
음식점,음식점,중앙매점,35.175552086476,128.977850277977,소상공인시장진흥공단_상가업소정보
음식점,음식점,금산인삼건강원건강떡집,35.1547952699597,129.015730341324,소상공인시장진흥공단_상가업소정보
생활편의,소매,애플,35.1643345532276,128.977721218153,소상공인시장진흥공단_상가업소정보
음식점,음식점,영덕식당,35.1644879515093,128.981017166025,소상공인시장진흥공단_상가업소정보
음식점,음식점,나로도횟집,35.1293402113626,128.971181337602,소상공인시장진흥공단_상가업소정보
음식점,음식점,소담집,35.1271860690447,128.970646770382,소상공인시장진흥공단_상가업소정보
음식점,음식점,청도실비,35.1519792636334,129.011655953244,소상공인시장진흥공단_상가업소정보
생활편의,소매,센스,35.1643345532276,128.977721218153,소상공인시장진흥공단_상가업소정보
음식점,음식점,삼삼구이통닭,35.1870207656305,128.985757350639,소상공인시장진흥공단_상가업소정보
생활편의,소매,더아이,35.1317286489208,128.972270071924,소상공인시장진흥공단_상가업소정보
생활편의,소매,코코컴퍼니,35.1643345532276,128.977721218153,소상공인시장진흥공단_상가업소정보
생활편의,소매,초크,35.1643345532276,128.977721218153,소상공인시장진흥공단_상가업소정보
음식점,음식점,비.에이치.씨치킨,35.1737219045691,128.989450773563,소상공인시장진흥공단_상가업소정보
생활편의,소매,앨리스,35.1643345532276,128.977721218153,소상공인시장진흥공단_상가업소정보
음식점,음식점,한양떡집,35.1372845009194,128.97917288247,소상공인시장진흥공단_상가업소정보
생활편의,소매,맥시멈레이싱새한물류,35.1395108349444,128.970856097956,소상공인시장진흥공단_상가업소정보
음식점,음식점,장충왕족발,35.1638368363363,128.984458185632,소상공인시장진흥공단_상가업소정보
음식점,음식점,불오뎅과불꼬챙이,35.148917793392,129.00443783757,소상공인시장진흥공단_상가업소정보
음식점,음식점,제일식당,35.1710465081273,128.982240867126,소상공인시장진흥공단_상가업소정보
음식점,음식점,태화반점,35.138931492242,128.987561435621,소상공인시장진흥공단_상가업소정보
생활편의,소매,유천철물,35.1503141955396,129.006095971916,소상공인시장진흥공단_상가업소정보
생활편의,소매,팝콘,35.1643345532276,128.977721218153,소상공인시장진흥공단_상가업소정보
음식점,음식점,국수2000냥,35.1509406067913,129.011794962607,소상공인시장진흥공단_상가업소정보
음식점,음식점,덕포점굽네치킨,35.1736663579478,128.984598325129,소상공인시장진흥공단_상가업소정보
음식점,음식점,세은상회,35.1419858589173,128.972715039122,소상공인시장진흥공단_상가업소정보
음식점,음식점,현이네집,35.1548408099056,128.97964202317,소상공인시장진흥공단_상가업소정보
음식점,음식점,감전튀김집,35.1560220531841,128.984004970392,소상공인시장진흥공단_상가업소정보
생활편의,소매,안경친구,35.1865706889038,128.991212973972,소상공인시장진흥공단_상가업소정보
생활편의,소매,낙동종묘농약사,35.1696456282678,128.97808033011,소상공인시장진흥공단_상가업소정보
생활편의,소매,달팽이,35.1643345532276,128.977721218153,소상공인시장진흥공단_상가업소정보
생활편의,소매,심바이크,35.1915813960356,128.985714667264,소상공인시장진흥공단_상가업소정보
생활편의,소매,금오의류,35.1557177748176,128.984425524092,소상공인시장진흥공단_상가업소정보
생활편의,문화체육,그린힐헬스클럽,35.1540764693613,129.003653673329,소상공인시장진흥공단_상가업소정보
생활편의,소매,지혜로운아이,35.1372845009194,128.97917288247,소상공인시장진흥공단_상가업소정보
음식점,음식점,합천반점,35.1426870089913,128.971163082037,소상공인시장진흥공단_상가업소정보
생활편의,문화체육,홀인원스크린골프,35.1652451774772,128.981002613009,소상공인시장진흥공단_상가업소정보
음식점,음식점,양순식당,35.1545208330162,128.982125086947,소상공인시장진흥공단_상가업소정보
생활편의,소매,부산그릇,35.16709163943,128.983812970762,소상공인시장진흥공단_상가업소정보
생활편의,소매,테크만통산,35.1928713167191,128.991125242074,소상공인시장진흥공단_상가업소정보
음식점,음식점,오장가네조방낙지,35.1609830102948,128.980427361115,소상공인시장진흥공단_상가업소정보
생활편의,소매,마트안경,35.1413722494204,128.970549909223,소상공인시장진흥공단_상가업소정보
생활편의,소매,명,35.1643345532276,128.977721218153,소상공인시장진흥공단_상가업소정보
생활편의,소매,씨유엄궁한신점,35.1245242353645,128.969189597103,소상공인시장진흥공단_상가업소정보
생활편의,소매,천부슈퍼,35.1572380516789,128.9922753139,소상공인시장진흥공단_상가업소정보
음식점,음식점,등촌식당,35.1922716113791,128.987586721801,소상공인시장진흥공단_상가업소정보
음식점,음식점,77돌곱창,35.157157845541,128.985085975563,소상공인시장진흥공단_상가업소정보
생활편의,소매,정광상사,35.1550715630814,128.985364462506,소상공인시장진흥공단_상가업소정보
생활편의,소매,세븐일레븐부산주례원룸점,35.1504169887923,129.01402038626,소상공인시장진흥공단_상가업소정보
음식점,음식점,수타상회,35.1492721844181,129.000990348148,소상공인시장진흥공단_상가업소정보
음식점,음식점,원족발,35.14968456106,129.012543050559,소상공인시장진흥공단_상가업소정보
음식점,음식점,태평양숯불갈비,35.1542570658641,128.992707357309,소상공인시장진흥공단_상가업소정보
생활편의,소매,기네스,35.1643345532276,128.977721218153,소상공인시장진흥공단_상가업소정보
생활편의,소매,주례늘푸른약국,35.1503874941439,129.004934723317,소상공인시장진흥공단_상가업소정보
음식점,음식점,주례뽈찜,35.1490759455543,129.004683100841,소상공인시장진흥공단_상가업소정보
생활편의,소매,윈정보통신_JC연합,35.1508285814021,129.012571230219,소상공인시장진흥공단_상가업소정보
생활편의,소매,하프타임냉정점,35.1515221380531,129.01096441554,소상공인시장진흥공단_상가업소정보
생활편의,소매,대현전기철물,35.1390230903814,128.979214978175,소상공인시장진흥공단_상가업소정보
음식점,음식점,닭은쿠두마리치킨,35.138931492242,128.987561435621,소상공인시장진흥공단_상가업소정보
생활편의,문화체육,째즈노래연습장,35.1854203254455,128.992117938226,소상공인시장진흥공단_상가업소정보
생활편의,소매,아리따움학장점,35.1385228769749,128.978391040512,소상공인시장진흥공단_상가업소정보
음식점,음식점,먹보대패삼겹살,35.1698934319585,128.981664130205,소상공인시장진흥공단_상가업소정보
음식점,음식점,한마음쉼터,35.183529998556,129.002367871895,소상공인시장진흥공단_상가업소정보
음식점,음식점,산풀주막,35.1396288869265,128.980195074325,소상공인시장진흥공단_상가업소정보
생활편의,소매,덕포자전거,35.1724990603252,128.980487180862,소상공인시장진흥공단_상가업소정보
생활편의,소매,그외기타종합소매업,35.1541464704966,128.982423239727,소상공인시장진흥공단_상가업소정보
생활편의,소매,대성의류,35.1558653614005,128.985317917262,소상공인시장진흥공단_상가업소정보
음식점,음식점,남영다방,35.156470281482,128.983598882104,소상공인시장진흥공단_상가업소정보
음식점,음식점,제일숯불갈비,35.1556733288983,128.986037462247,소상공인시장진흥공단_상가업소정보
음식점,음식점,문화식당,35.1483494607884,128.971530080976,소상공인시장진흥공단_상가업소정보
생활편의,문화체육,당구장,35.1550518072289,128.979965348649,소상공인시장진흥공단_상가업소정보
생활편의,문화체육,여래노래연습장,35.1578408800497,128.986298653772,소상공인시장진흥공단_상가업소정보
생활편의,소매,만물철물,35.1541563653132,128.97961446453,소상공인시장진흥공단_상가업소정보
음식점,음식점,인연,35.1662358634737,128.983792179916,소상공인시장진흥공단_상가업소정보
생활편의,소매,일심상회,35.1593150088476,128.989275371725,소상공인시장진흥공단_상가업소정보
생활편의,문화체육,신명,35.1582229936534,128.977265978579,소상공인시장진흥공단_상가업소정보
생활편의,소매,삼성상회,35.1571465666741,128.98906893842,소상공인시장진흥공단_상가업소정보
생활편의,소매,동남종합철물,35.1557167923085,128.977874663636,소상공인시장진흥공단_상가업소정보
생활편의,소매,수복슈퍼,35.1644029296966,128.981256533587,소상공인시장진흥공단_상가업소정보
생활편의,소매,갤러리안경위드렌즈,35.1858671691341,128.990701842583,소상공인시장진흥공단_상가업소정보
생활편의,소매,IVORY,35.1643345532276,128.977721218153,소상공인시장진흥공단_상가업소정보
생활편의,소매,생얼미인,35.1495258721179,129.004178453832,소상공인시장진흥공단_상가업소정보
음식점,음식점,감나무식당,35.1954379612032,128.987389417246,소상공인시장진흥공단_상가업소정보
음식점,음식점,우성곱창,35.16472885969,128.985566301255,소상공인시장진흥공단_상가업소정보
음식점,음식점,힛트단란주점,35.1573841082945,128.984476978267,소상공인시장진흥공단_상가업소정보
음식점,음식점,석쇠갈비,35.1638368363363,128.984458185632,소상공인시장진흥공단_상가업소정보
생활편의,문화체육,귀빈당구장,35.1280326561023,128.972893924818,소상공인시장진흥공단_상가업소정보
음식점,음식점,함지박,35.171350960615,128.981809258067,소상공인시장진흥공단_상가업소정보
음식점,음식점,봄봄노래연습장,35.1649412670106,128.981401284616,소상공인시장진흥공단_상가업소정보
음식점,음식점,우리끼리,35.1904074152266,128.991350523105,소상공인시장진흥공단_상가업소정보
생활편의,소매,헬스뱅크,35.1643345532276,128.977721218153,소상공인시장진흥공단_상가업소정보
음식점,음식점,맥시칸치킨,35.1535940869041,129.002851815798,소상공인시장진흥공단_상가업소정보
음식점,음식점,KMSBakeShop&Mini-Mart,35.166002704988,128.983171954519,소상공인시장진흥공단_상가업소정보
음식점,음식점,디케이치킨,35.1306902780837,128.972947078153,소상공인시장진흥공단_상가업소정보
생활편의,소매,동호상사,35.1404571440883,128.990143773091,소상공인시장진흥공단_상가업소정보
음식점,음식점,신천지술마시는노래방,35.1647176593147,128.984600305699,소상공인시장진흥공단_상가업소정보
생활편의,소매,천공유골함,35.1532763745884,128.981074441847,소상공인시장진흥공단_상가업소정보
음식점,음식점,부산식당,35.1485524160016,128.991076042002,소상공인시장진흥공단_상가업소정보
생활편의,소매,화장품나라,35.1416143584121,128.983874587151,소상공인시장진흥공단_상가업소정보
생활편의,소매,핑크하트,35.1643345532276,128.977721218153,소상공인시장진흥공단_상가업소정보
음식점,음식점,토마토도시락위드플스,35.1507253011266,129.012821046347,소상공인시장진흥공단_상가업소정보
생활편의,소매,동백，전기철물,35.1580320304066,128.986182596582,소상공인시장진흥공단_상가업소정보
음식점,음식점,실비식당,35.1724712629101,128.982736418166,소상공인시장진흥공단_상가업소정보
생활편의,소매,우정에너지,35.1578387517664,128.988624919738,소상공인시장진흥공단_상가업소정보
음식점,음식점,호박노래방,35.1615284862429,128.982339039399,소상공인시장진흥공단_상가업소정보
음식점,음식점,제일칼국수,35.1903782751385,128.989286028565,소상공인시장진흥공단_상가업소정보
음식점,음식점,쇼,35.1629060062834,128.987365593269,소상공인시장진흥공단_상가업소정보
음식점,음식점,대성오리,35.1907306791712,128.988679874679,소상공인시장진흥공단_상가업소정보
생활편의,소매,천년웰빙,35.1712394200004,128.981466325078,소상공인시장진흥공단_상가업소정보
생활편의,소매,에이페이지갤러리,35.1492223386419,129.012158618113,소상공인시장진흥공단_상가업소정보
음식점,음식점,떡볶이참잘하는집떡참부산학장점,35.1409635524742,128.982893347925,소상공인시장진흥공단_상가업소정보
생활편의,소매,화신전기조명,35.186544612506,128.987315482551,소상공인시장진흥공단_상가업소정보
생활편의,소매,장안약국,35.1384236593255,128.978948140077,소상공인시장진흥공단_상가업소정보
음식점,음식점,모라식당,35.1844165250463,128.986297697807,소상공인시장진흥공단_상가업소정보
음식점,음식점,청기와샤브샤브,35.1329390798652,128.997398300522,소상공인시장진흥공단_상가업소정보
생활편의,소매,학장자전거,35.1429370355993,128.986199674048,소상공인시장진흥공단_상가업소정보
생활편의,소매,삼덕상회,35.144717281813,128.98864568439,소상공인시장진흥공단_상가업소정보
음식점,음식점,잉글리쉬,35.1410307606199,129.011068289195,소상공인시장진흥공단_상가업소정보
음식점,음식점,행복식당,35.1523738536758,128.987756735304,소상공인시장진흥공단_상가업소정보
생활편의,보건의료,윤상경소아청소년과의원,35.1857304091284,128.991346145732,소상공인시장진흥공단_상가업소정보
음식점,음식점,띵가띵가,35.1637352297671,128.98460935253,소상공인시장진흥공단_상가업소정보
음식점,음식점,시골밥상,35.1404996756186,128.983704909848,소상공인시장진흥공단_상가업소정보
음식점,음식점,나그네포차,35.1853060421793,128.993586050296,소상공인시장진흥공단_상가업소정보
생활편의,소매,에스엠바이크,35.1508651811994,129.00275200099,소상공인시장진흥공단_상가업소정보
음식점,음식점,자유4실내포장,35.1667496884867,128.983782714243,소상공인시장진흥공단_상가업소정보
생활편의,소매,루이까스텔,35.1631457315728,128.980984606691,소상공인시장진흥공단_상가업소정보
생활편의,소매,밝은세상안경원,35.1567758411277,128.983650194324,소상공인시장진흥공단_상가업소정보
생활편의,소매,소리상사,35.1929109587107,128.990906651462,소상공인시장진흥공단_상가업소정보
생활편의,소매,세븐일레븐부산모라역점,35.1885087407138,128.988439100513,소상공인시장진흥공단_상가업소정보
생활편의,소매,마인드브릿지,35.1631457315728,128.980984606691,소상공인시장진흥공단_상가업소정보
음식점,음식점,정재운현미칼국수,35.1638023139121,128.979409301453,소상공인시장진흥공단_상가업소정보
음식점,음식점,이웃집소녀떡볶이,35.1698399427195,128.988225772595,소상공인시장진흥공단_상가업소정보
생활편의,소매,킹마트,35.1404996756186,128.983704909848,소상공인시장진흥공단_상가업소정보
음식점,음식점,토토노래방주점,35.1642789746471,128.984973736993,소상공인시장진흥공단_상가업소정보
생활편의,소매,다온인테리어밝은페인트,35.1478345604564,129.000187115105,소상공인시장진흥공단_상가업소정보
생활편의,소매,대기상회,35.1500241771586,128.98925761477,소상공인시장진흥공단_상가업소정보
음식점,음식점,순풍삼계탕,35.1597563524792,128.985445411603,소상공인시장진흥공단_상가업소정보
음식점,음식점,찜닭킹&가마실감자탕,35.1696426392744,128.98157024476,소상공인시장진흥공단_상가업소정보
음식점,음식점,케네디로즈,35.1497641995056,129.00284570666,소상공인시장진흥공단_상가업소정보
음식점,음식점,신중국관,35.1605499704837,128.985409835911,소상공인시장진흥공단_상가업소정보
음식점,음식점,미진축산,35.1634804841749,128.984756797216,소상공인시장진흥공단_상가업소정보
음식점,음식점,사천게장집,35.1935197616189,128.985663048664,소상공인시장진흥공단_상가업소정보
음식점,음식점,심청이왕족발,35.1553142098152,128.978797610931,소상공인시장진흥공단_상가업소정보
생활편의,소매,헤라,35.1643345532276,128.977721218153,소상공인시장진흥공단_상가업소정보
생활편의,소매,보운온누리약국,35.1529676160806,129.004767618117,소상공인시장진흥공단_상가업소정보
음식점,음식점,세븐,35.1629012646048,128.984907328583,소상공인시장진흥공단_상가업소정보
음식점,음식점,황소꼬리,35.155024823913,128.980513336379,소상공인시장진흥공단_상가업소정보
음식점,음식점,한일식당,35.1920851337944,128.989064182105,소상공인시장진흥공단_상가업소정보
음식점,음식점,피자스쿨부산학장점,35.1372845009194,128.97917288247,소상공인시장진흥공단_상가업소정보
음식점,음식점,까치분식,35.1740908703279,128.986737870684,소상공인시장진흥공단_상가업소정보
생활편의,소매,모노파틴,35.150023442132,128.991495913277,소상공인시장진흥공단_상가업소정보
음식점,음식점,창녕식당,35.1916789817674,128.991842626664,소상공인시장진흥공단_상가업소정보
음식점,음식점,올래식당,35.1703802324477,128.981653995898,소상공인시장진흥공단_상가업소정보
음식점,음식점,청진관,35.1608674688464,128.988029272203,소상공인시장진흥공단_상가업소정보
음식점,음식점,동래불족발,35.1493501703153,129.012600646092,소상공인시장진흥공단_상가업소정보
음식점,음식점,김밥친구,35.1873657614152,128.990540815692,소상공인시장진흥공단_상가업소정보
음식점,음식점,소문난돼지국밥,35.1411606559942,128.982963955545,소상공인시장진흥공단_상가업소정보
음식점,음식점,엄마손시골식당,35.1722191910554,128.979415802047,소상공인시장진흥공단_상가업소정보
생활편의,소매,제일사무기,35.1583732614048,128.986256733687,소상공인시장진흥공단_상가업소정보
생활편의,소매,하나텔레콤,35.1396810861991,128.981962632885,소상공인시장진흥공단_상가업소정보
생활편의,소매,폰마트냉정,35.1509730744246,129.012552845071,소상공인시장진흥공단_상가업소정보
음식점,음식점,조선껍데기,35.1872126438405,128.98943936575,소상공인시장진흥공단_상가업소정보
생활편의,문화체육,발리노래연습장,35.1705458764697,128.983095730633,소상공인시장진흥공단_상가업소정보
생활편의,소매,윤스킨앤바디,35.1680907195584,128.981686225274,소상공인시장진흥공단_상가업소정보
생활편의,소매,수스부산덕포점,35.1702130868945,128.982505979157,소상공인시장진흥공단_상가업소정보
생활편의,소매,오양DC마트,35.1721038616354,128.98975157132,소상공인시장진흥공단_상가업소정보
생활편의,소매,에스지유통,35.1487245516643,129.00031862057,소상공인시장진흥공단_상가업소정보
생활편의,소매,씨유주례삼거리,35.1500009344436,129.00106305579,소상공인시장진흥공단_상가업소정보
생활편의,소매,모라열린약국,35.1856116794978,128.99144204054,소상공인시장진흥공단_상가업소정보
생활편의,소매,사상점에드윈,35.1275926627189,128.968364011655,소상공인시장진흥공단_상가업소정보
음식점,음식점,푸짐한포차,35.1557534872542,128.985545629671,소상공인시장진흥공단_상가업소정보
생활편의,소매,모란한복,35.1490970093067,128.999592615196,소상공인시장진흥공단_상가업소정보
음식점,음식점,본동실비,35.1529676160806,129.004767618117,소상공인시장진흥공단_상가업소정보
음식점,음식점,도미노피자모라점,35.190474659438,128.989453042535,소상공인시장진흥공단_상가업소정보
생활편의,소매,하이소싹쓰리,35.1309658944306,128.971516708564,소상공인시장진흥공단_상가업소정보
생활편의,문화체육,코보,35.1739474601038,128.986690478996,소상공인시장진흥공단_상가업소정보
생활편의,소매,한일기공사,35.1450591104371,128.98428735329,소상공인시장진흥공단_상가업소정보
생활편의,소매,덕상상회,35.175314172493,128.990170062883,소상공인시장진흥공단_상가업소정보
음식점,음식점,삼락식당,35.1658835674257,128.98219234931,소상공인시장진흥공단_상가업소정보
음식점,음식점,청해루,35.165450755242,128.9849583233,소상공인시장진흥공단_상가업소정보
음식점,음식점,국제식당,35.16523775364,128.983658190213,소상공인시장진흥공단_상가업소정보
생활편의,소매,동원슈퍼,35.1631766024357,128.986801534654,소상공인시장진흥공단_상가업소정보
생활편의,소매,하동유리,35.1574379978903,128.985037918094,소상공인시장진흥공단_상가업소정보
음식점,음식점,장수원,35.1655990438679,128.981406270751,소상공인시장진흥공단_상가업소정보
음식점,음식점,강변보리밥,35.1623968409132,128.977180470234,소상공인시장진흥공단_상가업소정보
음식점,음식점,제일갈비마을,35.1630634650739,128.98710605144,소상공인시장진흥공단_상가업소정보
음식점,음식점,황토식당,35.1697160809168,128.978180810331,소상공인시장진흥공단_상가업소정보
생활편의,소매,고려한복이블,35.1670217716988,128.984777023974,소상공인시장진흥공단_상가업소정보
생활편의,소매,하나로슈퍼,35.1660109220138,128.986519316219,소상공인시장진흥공단_상가업소정보
음식점,음식점,임페리얼,35.1930733835187,128.993084245672,소상공인시장진흥공단_상가업소정보
생활편의,소매,현대상회,35.1590878075662,128.987195872616,소상공인시장진흥공단_상가업소정보
음식점,음식점,골목집포장마차,35.1644029296966,128.981256533587,소상공인시장진흥공단_상가업소정보
음식점,음식점,뒷고기집,35.1555365476227,128.978978563189,소상공인시장진흥공단_상가업소정보
음식점,음식점,신바람양분식,35.1650154124779,128.980173975812,소상공인시장진흥공단_상가업소정보
생활편의,소매,현대상사,35.1949832240152,128.985995084721,소상공인시장진흥공단_상가업소정보
음식점,음식점,꼬꼬몽꼬,35.1636089539488,128.985165956707,소상공인시장진흥공단_상가업소정보
음식점,음식점,한신,35.1672071668353,128.981159956192,소상공인시장진흥공단_상가업소정보
음식점,음식점,간이역,35.185258520419,128.992640878049,소상공인시장진흥공단_상가업소정보
생활편의,소매,세원장식,35.1665196973397,128.986268308765,소상공인시장진흥공단_상가업소정보
생활편의,소매,일덕장식,35.1661073122578,128.986686275818,소상공인시장진흥공단_상가업소정보
생활편의,소매,일성사,35.1662946734004,128.986251860791,소상공인시장진흥공단_상가업소정보
생활편의,소매,삼우약국,35.1657788422675,128.985284552274,소상공인시장진흥공단_상가업소정보
생활편의,문화체육,헐리웃영화관,35.1634972221583,128.984285323531,소상공인시장진흥공단_상가업소정보
음식점,음식점,미조리식당,35.1617430951564,128.982991698683,소상공인시장진흥공단_상가업소정보
음식점,음식점,데이투데이,35.1639713745536,128.983396974066,소상공인시장진흥공단_상가업소정보
음식점,음식점,일억조식당,35.1593446683611,128.977007822743,소상공인시장진흥공단_상가업소정보
생활편의,소매,밀양상회,35.1592639197631,128.984149554231,소상공인시장진흥공단_상가업소정보
음식점,음식점,청해장어,35.1288071084865,128.972375112804,소상공인시장진흥공단_상가업소정보
생활편의,소매,송송송,35.1643345532276,128.977721218153,소상공인시장진흥공단_상가업소정보
생활편의,소매,사상이마트프로스팩스점,35.1642343045877,128.978893016647,소상공인시장진흥공단_상가업소정보
음식점,음식점,시골집명품석갈비,35.1670271826744,128.981144614839,소상공인시장진흥공단_상가업소정보
생활편의,소매,트라이오렌지신모라점,35.1898316193347,128.991292558853,소상공인시장진흥공단_상가업소정보
생활편의,소매,공구상,35.1586559780948,128.977792206417,소상공인시장진흥공단_상가업소정보
생활편의,소매,루비,35.1643345532276,128.977721218153,소상공인시장진흥공단_상가업소정보
음식점,음식점,올래칼국수와오리,35.1948841306169,128.994215327507,소상공인시장진흥공단_상가업소정보
생활편의,소매,신부산대림,35.1558160086933,128.977317445597,소상공인시장진흥공단_상가업소정보
음식점,음식점,승승,35.1287738351468,128.972758236562,소상공인시장진흥공단_상가업소정보
생활편의,소매,부산상회,35.1543759604286,128.993149166216,소상공인시장진흥공단_상가업소정보
음식점,음식점,승경활어,35.1299267292071,128.971689103386,소상공인시장진흥공단_상가업소정보
음식점,음식점,첫잔은원샷,35.1505519612381,129.012948441909,소상공인시장진흥공단_상가업소정보
음식점,음식점,세원밀면,35.1421420157029,128.987968640547,소상공인시장진흥공단_상가업소정보
음식점,음식점,맛나감자탕,35.1847347382547,128.993802605502,소상공인시장진흥공단_상가업소정보
음식점,음식점,유성식당,35.1460401288866,128.98491461305,소상공인시장진흥공단_상가업소정보
생활편의,소매,샤잔마트,35.1638023139121,128.979409301453,소상공인시장진흥공단_상가업소정보
생활편의,소매,씨유감전공단점,35.1528245063809,128.976740303084,소상공인시장진흥공단_상가업소정보
음식점,음식점,멕시칸닭강정,35.1542715621928,129.00384499387,소상공인시장진흥공단_상가업소정보
음식점,음식점,불나라닭발,35.1362110462894,128.97702962327,소상공인시장진흥공단_상가업소정보
생활편의,소매,원일건축인테리어,35.1411606559942,128.982963955545,소상공인시장진흥공단_상가업소정보
생활편의,소매,사상럭키수퍼렛,35.1636708047001,128.987987773935,소상공인시장진흥공단_상가업소정보
생활편의,소매,영남상회,35.1493048738394,129.000102415113,소상공인시장진흥공단_상가업소정보
음식점,음식점,백화반점,35.1540721141922,129.00391691019,소상공인시장진흥공단_상가업소정보
생활편의,소매,주례전기철물,35.1475156047245,129.000947332168,소상공인시장진흥공단_상가업소정보
생활편의,소매,럭키비와이씨,35.1476995202212,129.001270018077,소상공인시장진흥공단_상가업소정보
생활편의,소매,현대양품,35.1540764693613,129.003653673329,소상공인시장진흥공단_상가업소정보
음식점,음식점,맥시칸치킨,35.1502268655123,129.012446687312,소상공인시장진흥공단_상가업소정보
음식점,음식점,낙원각,35.1507318652191,128.998820681581,소상공인시장진흥공단_상가업소정보
생활편의,소매,거창페인트,35.1536734435807,129.005136061956,소상공인시장진흥공단_상가업소정보
생활편의,소매,가빈장식,35.1470423903753,129.000134809277,소상공인시장진흥공단_상가업소정보
생활편의,소매,모나미문구,35.148041800036,129.006182814714,소상공인시장진흥공단_상가업소정보
생활편의,소매,충북슈퍼,35.1505055991831,129.010313982294,소상공인시장진흥공단_상가업소정보
생활편의,소매,스쿨룩스,35.1940568634172,128.993558375529,소상공인시장진흥공단_상가업소정보
생활편의,소매,새부산석유,35.1516948905641,129.002168861215,소상공인시장진흥공단_상가업소정보
생활편의,소매,개미,35.1468198508887,129.010311076457,소상공인시장진흥공단_상가업소정보
음식점,음식점,가마솥돼지국밥집,35.1497716309706,129.004030873008,소상공인시장진흥공단_상가업소정보
생활편의,소매,여명안경점,35.1700918103482,128.988253855755,소상공인시장진흥공단_상가업소정보
생활편의,소매,합천슈퍼,35.146233284961,129.013072456337,소상공인시장진흥공단_상가업소정보
생활편의,소매,대성당,35.1529676160806,129.004767618117,소상공인시장진흥공단_상가업소정보
생활편의,소매,중서약국,35.1495736768541,129.009994808069,소상공인시장진흥공단_상가업소정보
생활편의,문화체육,F.M노래연습장,35.1507253011266,129.012821046347,소상공인시장진흥공단_상가업소정보
음식점,음식점,엄마밥상,35.1466859075315,129.00860717595,소상공인시장진흥공단_상가업소정보
생활편의,소매,부일약국,35.1496917466602,129.012652947992,소상공인시장진흥공단_상가업소정보
생활편의,문화체육,골프연습장,35.1528536973736,129.008923393492,소상공인시장진흥공단_상가업소정보
음식점,음식점,백양분식,35.1543841714524,128.998120005858,소상공인시장진흥공단_상가업소정보
음식점,음식점,동해횟집,35.1478395838609,129.000428618179,소상공인시장진흥공단_상가업소정보
생활편의,소매,참새미반찬,35.1712310099836,128.98253069703,소상공인시장진흥공단_상가업소정보
음식점,음식점,고려식당,35.1761416905559,128.977063339365,소상공인시장진흥공단_상가업소정보
생활편의,소매,씨유학장,35.1443527994622,128.987792018677,소상공인시장진흥공단_상가업소정보
음식점,음식점,한라횟집,35.1897958198311,128.986889709637,소상공인시장진흥공단_상가업소정보
음식점,음식점,고향보리밥,35.139131547539,128.979195662919,소상공인시장진흥공단_상가업소정보
음식점,음식점,지원식당,35.141389233348,128.977802159662,소상공인시장진흥공단_상가업소정보
음식점,음식점,소래식당,35.1742654474352,128.981583674616,소상공인시장진흥공단_상가업소정보
생활편의,소매,올리브코코,35.1643345532276,128.977721218153,소상공인시장진흥공단_상가업소정보
음식점,음식점,김해통닭,35.1711988989812,128.981739716813,소상공인시장진흥공단_상가업소정보
생활편의,소매,담우,35.1643345532276,128.977721218153,소상공인시장진흥공단_상가업소정보
생활편의,문화체육,태양노래연습장,35.1865662052682,128.990389585358,소상공인시장진흥공단_상가업소정보
생활편의,소매,마코사상점,35.1692627106099,128.98220853399,소상공인시장진흥공단_상가업소정보
생활편의,소매,가락지,35.1643345532276,128.977721218153,소상공인시장진흥공단_상가업소정보
음식점,음식점,어랑에프앤씨,35.1499162382057,129.004550108221,소상공인시장진흥공단_상가업소정보
생활편의,소매,몽드아히브2,35.1643345532276,128.977721218153,소상공인시장진흥공단_상가업소정보
음식점,음식점,붐바이스파이스뷰,35.1631840185055,128.979745481124,소상공인시장진흥공단_상가업소정보
음식점,음식점,미니푸드,35.1639451141175,128.984449842787,소상공인시장진흥공단_상가업소정보
음식점,음식점,블랙박스,35.1260700747347,128.978298147312,소상공인시장진흥공단_상가업소정보
음식점,음식점,교촌치킨,35.1283087475985,128.974754390631,소상공인시장진흥공단_상가업소정보
생활편의,소매,mimeu,35.1476995202212,129.001270018077,소상공인시장진흥공단_상가업소정보
생활편의,소매,다모아마트,35.1476995202212,129.001270018077,소상공인시장진흥공단_상가업소정보
생활편의,소매,형제유통,35.171971443723,128.989583717564,소상공인시장진흥공단_상가업소정보
생활편의,소매,씨유괘법,35.1628519488487,128.986815584183,소상공인시장진흥공단_상가업소정보
생활편의,소매,씨유,35.1776739056001,128.984761616746,소상공인시장진흥공단_상가업소정보
음식점,음식점,주례7080,35.1493048738394,129.000102415113,소상공인시장진흥공단_상가업소정보
생활편의,소매,럭키장식,35.1662858323391,128.985691954573,소상공인시장진흥공단_상가업소정보
생활편의,소매,신신건업,35.1411606559942,128.982963955545,소상공인시장진흥공단_상가업소정보
생활편의,소매,럭키마트,35.1487446531709,129.002919462882,소상공인시장진흥공단_상가업소정보
생활편의,소매,올리비아로렌,35.1509331936352,129.0035436689,소상공인시장진흥공단_상가업소정보
생활편의,문화체육,돌샘노래연습장,35.1467618712965,129.000204744797,소상공인시장진흥공단_상가업소정보
생활편의,소매,유아상사,35.1643345532276,128.977721218153,소상공인시장진흥공단_상가업소정보
음식점,음식점,파리바게뜨,35.1501513045501,129.003414774253,소상공인시장진흥공단_상가업소정보
생활편의,소매,동백인테리어,35.1277027215025,128.973785437382,소상공인시장진흥공단_상가업소정보
생활편의,소매,일공공일안경콘텍트,35.1507253011266,129.012821046347,소상공인시장진흥공단_상가업소정보
생활편의,소매,은지상회,35.1554333820188,128.987480048132,소상공인시장진흥공단_상가업소정보
생활편의,소매,페인트타운,35.155024823913,128.980513336379,소상공인시장진흥공단_상가업소정보
음식점,음식점,만포장식당,35.1550837155778,128.980218497405,소상공인시장진흥공단_상가업소정보
음식점,음식점,이가네,35.1557423211488,128.985677033293,소상공인시장진흥공단_상가업소정보
생활편의,소매,동영철물,35.1556437861655,128.986190364663,소상공인시장진흥공단_상가업소정보
생활편의,소매,우진상회,35.1572789215924,128.977133394498,소상공인시장진흥공단_상가업소정보
생활편의,소매,화신귀금속,35.1574317209076,128.985970483003,소상공인시장진흥공단_상가업소정보
생활편의,소매,상가상회,35.1534802548985,128.980179630478,소상공인시장진흥공단_상가업소정보
생활편의,소매,중앙약국,35.1561634373141,128.983075700959,소상공인시장진흥공단_상가업소정보
생활편의,소매,진주상회,35.1541464704966,128.982423239727,소상공인시장진흥공단_상가업소정보
생활편의,소매,대성이불,35.1557177748176,128.984425524092,소상공인시장진흥공단_상가업소정보
생활편의,소매,명보석,35.1563546971076,128.985702892051,소상공인시장진흥공단_상가업소정보
생활편의,소매,백광메리야스,35.1557934344771,128.98420790348,소상공인시장진흥공단_상가업소정보
생활편의,소매,신흥금방,35.1564712638319,128.985738644695,소상공인시장진흥공단_상가업소정보
생활편의,소매,진주수퍼마켓,35.1558704137009,128.985559444657,소상공인시장진흥공단_상가업소정보
생활편의,소매,삼신상회,35.1531408683839,128.976682122215,소상공인시장진흥공단_상가업소정보
음식점,음식점,일번가식당,35.1531743950825,128.976836549714,소상공인시장진흥공단_상가업소정보
생활편의,소매,88낚시,35.1401625507061,128.971233850469,소상공인시장진흥공단_상가업소정보
음식점,음식점,사상꼬리집,35.1658467157172,128.980589208748,소상공인시장진흥공단_상가업소정보
생활편의,문화체육,한울볼링장,35.1590878075662,128.987195872616,소상공인시장진흥공단_상가업소정보
생활편의,문화체육,미래노래연습장,35.1503141955396,129.006095971916,소상공인시장진흥공단_상가업소정보
생활편의,소매,신용슈퍼,35.1564923135203,129.004700497201,소상공인시장진흥공단_상가업소정보
음식점,음식점,신라해장국덕포점,35.1776739056001,128.984761616746,소상공인시장진흥공단_상가업소정보
음식점,음식점,포항가자미물회식당,35.1693882862828,128.982244506955,소상공인시장진흥공단_상가업소정보
음식점,음식점,튀김참잘하는집,35.1671496419299,128.983572941874,소상공인시장진흥공단_상가업소정보
음식점,음식점,황금코다리모라점,35.1858853774728,128.990142461586,소상공인시장진흥공단_상가업소정보
음식점,음식점,처갓집양념치킨,35.1473337203486,129.006494582468,소상공인시장진흥공단_상가업소정보
생활편의,문화체육,장미노래연습장,35.1668383878666,128.985518826552,소상공인시장진흥공단_상가업소정보
음식점,음식점,송이집,35.1901954218989,128.987799600756,소상공인시장진흥공단_상가업소정보
음식점,음식점,북면막걸리,35.1704452901148,128.988679509753,소상공인시장진흥공단_상가업소정보
생활편의,소매,에이비씨골프유림,35.1511525178457,129.0071698921,소상공인시장진흥공단_상가업소정보
생활편의,소매,훈샵,35.1643345532276,128.977721218153,소상공인시장진흥공단_상가업소정보
음식점,음식점,수빈떡집,35.1712394200004,128.981466325078,소상공인시장진흥공단_상가업소정보
음식점,음식점,노랑통닭,35.1503337633623,129.013063759579,소상공인시장진흥공단_상가업소정보
음식점,음식점,이자까야식객,35.1632383604075,128.985233765648,소상공인시장진흥공단_상가업소정보
음식점,음식점,수일관,35.1298429777001,128.971851625903,소상공인시장진흥공단_상가업소정보
음식점,음식점,상구야치킨,35.1876623387469,128.988396518577,소상공인시장진흥공단_상가업소정보
생활편의,문화체육,가빈노래연습장,35.169400375842,128.982606967667,소상공인시장진흥공단_상가업소정보
음식점,음식점,쏘잉쏘잉,35.1642343045877,128.978893016647,소상공인시장진흥공단_상가업소정보
생활편의,소매,대원,35.159757357537,128.980430562506,소상공인시장진흥공단_상가업소정보
음식점,음식점,윤상옥신쭈꾸미,35.1640530323782,128.984463439269,소상공인시장진흥공단_상가업소정보
음식점,음식점,하동식당,35.1412148342993,128.985708012187,소상공인시장진흥공단_상가업소정보
음식점,음식점,고추노래방,35.1615284862429,128.982339039399,소상공인시장진흥공단_상가업소정보
생활편의,소매,안경코디안경점,35.1543548701228,128.997164663822,소상공인시장진흥공단_상가업소정보
음식점,음식점,후,35.1774460452417,128.989311048084,소상공인시장진흥공단_상가업소정보
음식점,음식점,주례원조할매집,35.1504468475821,129.005704231144,소상공인시장진흥공단_상가업소정보
음식점,음식점,파리바게뜨학장점,35.1370704092017,128.976830998245,소상공인시장진흥공단_상가업소정보
음식점,음식점,천일식당,35.1512827504137,128.986150175643,소상공인시장진흥공단_상가업소정보
음식점,음식점,루모아,35.1503832014627,129.011715404734,소상공인시장진흥공단_상가업소정보
음식점,음식점,옛날보리밥,35.190025481793,128.991011875032,소상공인시장진흥공단_상가업소정보
음식점,음식점,별미식당,35.1827529589175,128.993754185664,소상공인시장진흥공단_상가업소정보
생활편의,문화체육,영심이노래연습장,35.170411625847,128.982488850313,소상공인시장진흥공단_상가업소정보
음식점,음식점,제우스,35.1509331936352,129.0035436689,소상공인시장진흥공단_상가업소정보
생활편의,소매,가인인테리어,35.1245242353645,128.969189597103,소상공인시장진흥공단_상가업소정보
생활편의,소매,신화컴퓨터,35.1666892060131,128.985273762444,소상공인시장진흥공단_상가업소정보
음식점,음식점,김해뒷고기껍데기,35.1489592025346,129.011724232147,소상공인시장진흥공단_상가업소정보
음식점,음식점,벤츠노래주점,35.1645437874831,128.984211986455,소상공인시장진흥공단_상가업소정보
생활편의,소매,만사형통,35.1643345532276,128.977721218153,소상공인시장진흥공단_상가업소정보
생활편의,소매,씨유감전,35.1538898543664,128.9848858643,소상공인시장진흥공단_상가업소정보
생활편의,소매,젊음을쓰다,35.1508080496368,129.010551840291,소상공인시장진흥공단_상가업소정보
음식점,음식점,원조오대포포장마차,35.1564680051015,128.981535898418,소상공인시장진흥공단_상가업소정보
생활편의,소매,수비비안사상점,35.1275926627189,128.968364011655,소상공인시장진흥공단_상가업소정보
음식점,음식점,도화지,35.1947084884068,128.993936579789,소상공인시장진흥공단_상가업소정보
생활편의,소매,우리할인마트,35.1430689729792,128.989691725214,소상공인시장진흥공단_상가업소정보
음식점,음식점,부부식당,35.129689572207,128.97131042351,소상공인시장진흥공단_상가업소정보
생활편의,소매,크림,35.1643345532276,128.977721218153,소상공인시장진흥공단_상가업소정보
생활편의,소매,지엠에스,35.1510356605756,129.013124942404,소상공인시장진흥공단_상가업소정보
음식점,음식점,샤브향사상점,35.1633830305276,128.985204360629,소상공인시장진흥공단_상가업소정보
음식점,음식점,고향상회,35.1916726627583,128.982895604839,소상공인시장진흥공단_상가업소정보
생활편의,소매,조은부엌가구,35.1683076339164,128.981647591357,소상공인시장진흥공단_상가업소정보
생활편의,소매,남영장판집,35.1747072150641,128.989266252726,소상공인시장진흥공단_상가업소정보
음식점,음식점,수문밥집,35.1431018387699,128.981639650313,소상공인시장진흥공단_상가업소정보
생활편의,소매,게이트-5,35.1643345532276,128.977721218153,소상공인시장진흥공단_상가업소정보
생활편의,소매,블루,35.171350960615,128.981809258067,소상공인시장진흥공단_상가업소정보
생활편의,소매,사상석유,35.1581108947538,128.984670207417,소상공인시장진흥공단_상가업소정보
생활편의,소매,새동창주유소,35.1426852283883,128.970164660154,소상공인시장진흥공단_상가업소정보
생활편의,소매,대륙철물,35.1753570566954,128.989754037586,소상공인시장진흥공단_상가업소정보
생활편의,소매,우먼센스,35.1711818376933,128.982781928034,소상공인시장진흥공단_상가업소정보
음식점,음식점,성진강식당,35.1723620304085,128.981702099958,소상공인시장진흥공단_상가업소정보
생활편의,소매,조은아케이트,35.1788206821454,128.989564072207,소상공인시장진흥공단_상가업소정보
음식점,음식점,덕포분식,35.1752368497461,128.984998699487,소상공인시장진흥공단_상가업소정보
생활편의,소매,주일전기조명,35.1751763612901,128.988685007052,소상공인시장진흥공단_상가업소정보
생활편의,소매,디씨엔디씨,35.1705562008354,128.980813197993,소상공인시장진흥공단_상가업소정보
생활편의,소매,동성상회,35.1742212668415,128.984831323746,소상공인시장진흥공단_상가업소정보
생활편의,소매,한양상회,35.1710162508386,128.982437682157,소상공인시장진흥공단_상가업소정보
생활편의,소매,동아신발총판,35.1710287884451,128.981120988483,소상공인시장진흥공단_상가업소정보
생활편의,소매,대신슈퍼,35.1833957880276,129.000674181565,소상공인시장진흥공단_상가업소정보
생활편의,소매,수연당약국,35.1724823876993,128.989201063769,소상공인시장진흥공단_상가업소정보
생활편의,소매,메디팜하나약국,35.1672775003058,128.982368855424,소상공인시장진흥공단_상가업소정보
음식점,음식점,소영식당,35.1759999216413,128.982427002389,소상공인시장진흥공단_상가업소정보
생활편의,소매,뉴월드마트,35.1636574655604,128.979449686577,소상공인시장진흥공단_상가업소정보
음식점,음식점,통영숯불장어조개구이,35.1880379633353,128.989668057343,소상공인시장진흥공단_상가업소정보
생활편의,소매,안동두채,35.1541464704966,128.982423239727,소상공인시장진흥공단_상가업소정보
음식점,음식점,경북초장,35.1560512572211,128.984422652308,소상공인시장진흥공단_상가업소정보
음식점,음식점,대패삼겹살,35.1574981954086,128.98576360926,소상공인시장진흥공단_상가업소정보
음식점,음식점,옛날꽁보리밥,35.1476469719615,129.000632366936,소상공인시장진흥공단_상가업소정보
음식점,음식점,울엄마간식,35.1286432552394,128.973029318925,소상공인시장진흥공단_상가업소정보
음식점,음식점,진양매점,35.1351787430648,128.970696804117,소상공인시장진흥공단_상가업소정보
음식점,음식점,덕포숯불갈비,35.171350960615,128.981809258067,소상공인시장진흥공단_상가업소정보
음식점,음식점,코리엔탈깻잎두마리치킨,35.1262356406009,128.972565377781,소상공인시장진흥공단_상가업소정보
생활편의,소매,칠성에너지기업사,35.1388902422043,128.97133481552,소상공인시장진흥공단_상가업소정보
생활편의,소매,칠성에너지기업사,35.1388902422043,128.97133481552,소상공인시장진흥공단_상가업소정보
음식점,음식점,해물나라조개부인,35.1881093198684,128.98861597976,소상공인시장진흥공단_상가업소정보
생활편의,소매,조은상회,35.176601624937,128.989147783962,소상공인시장진흥공단_상가업소정보
생활편의,문화체육,담덕엄궁헬스,35.1309665764575,128.973688709422,소상공인시장진흥공단_상가업소정보
생활편의,소매,신라스포츠,35.1663910871535,128.9886136907,소상공인시장진흥공단_상가업소정보
음식점,음식점,금강상회,35.1837823096548,128.984306455565,소상공인시장진흥공단_상가업소정보
생활편의,문화체육,소라노래연습장,35.1725701160662,128.981652275122,소상공인시장진흥공단_상가업소정보
생활편의,소매,천호월드,35.1732743593732,128.985971680526,소상공인시장진흥공단_상가업소정보
음식점,음식점,엄마손우리집가정식백반,35.1503495918897,129.013195815145,소상공인시장진흥공단_상가업소정보
생활편의,소매,모솜인테리어,35.1389235982433,128.98364471876,소상공인시장진흥공단_상가업소정보
생활편의,소매,이쁜걸,35.1386855625739,128.978362066091,소상공인시장진흥공단_상가업소정보
음식점,음식점,케니지,35.1713327697368,128.987867026591,소상공인시장진흥공단_상가업소정보
생활편의,소매,올젠사상점,35.1631457315728,128.980984606691,소상공인시장진흥공단_상가업소정보
생활편의,소매,남부씽크,35.1705728748302,128.982547640384,소상공인시장진흥공단_상가업소정보
생활편의,문화체육,프로,35.151856613189,128.996192885093,소상공인시장진흥공단_상가업소정보
음식점,음식점,초이스,35.1653660471269,128.984078326951,소상공인시장진흥공단_상가업소정보
생활편의,소매,아트플라워,35.1617068219097,128.986304882438,소상공인시장진흥공단_상가업소정보
생활편의,소매,엄궁문구,35.1359685926594,128.975871880164,소상공인시장진흥공단_상가업소정보
생활편의,소매,길의료기,35.1906200581713,128.988830864648,소상공인시장진흥공단_상가업소정보
생활편의,소매,크로커다일사상점,35.1647057076554,128.983129481998,소상공인시장진흥공단_상가업소정보
생활편의,소매,보훈의료기,35.1534541628144,129.005317213519,소상공인시장진흥공단_상가업소정보
음식점,음식점,마실,35.1642601181165,128.979519164684,소상공인시장진흥공단_상가업소정보
음식점,음식점,따따붓따,35.1703802324477,128.981653995898,소상공인시장진흥공단_상가업소정보
생활편의,소매,후니,35.189670376116,128.991233735953,소상공인시장진흥공단_상가업소정보
생활편의,소매,엘가노,35.1643345532276,128.977721218153,소상공인시장진흥공단_상가업소정보
생활편의,소매,동일상회,35.142021676591,128.988711746112,소상공인시장진흥공단_상가업소정보
음식점,음식점,초마,35.1573721307974,128.989052484825,소상공인시장진흥공단_상가업소정보
생활편의,소매,디어베이비,35.1275926627189,128.968364011655,소상공인시장진흥공단_상가업소정보
음식점,음식점,영천식당,35.1517098533804,128.994708031446,소상공인시장진흥공단_상가업소정보
음식점,음식점,오춘자비어,35.1630787472337,128.985624946225,소상공인시장진흥공단_상가업소정보
음식점,음식점,커피젤,35.1510291027764,129.005916025071,소상공인시장진흥공단_상가업소정보
음식점,음식점,코코호도모라점,35.1877716533208,128.991066647226,소상공인시장진흥공단_상가업소정보
생활편의,소매,이샘가발,35.1674852270787,128.982340975062,소상공인시장진흥공단_상가업소정보
음식점,음식점,카노,35.1833957880276,129.000674181565,소상공인시장진흥공단_상가업소정보
음식점,음식점,구내매점,35.1818373306286,128.988057007617,소상공인시장진흥공단_상가업소정보
음식점,음식점,선지해장국,35.1550518072289,128.979965348649,소상공인시장진흥공단_상가업소정보
음식점,음식점,자매상회,35.16675317722,128.985769165785,소상공인시장진흥공단_상가업소정보
음식점,음식점,그린커피숍,35.159846793831,128.985425663169,소상공인시장진흥공단_상가업소정보
음식점,음식점,별난돼지,35.1542324066424,128.996393581579,소상공인시장진흥공단_상가업소정보
음식점,음식점,이삭동서대경남정보대점,35.1468183049688,129.00986120022,소상공인시장진흥공단_상가업소정보
음식점,음식점,합천돼지국밥,35.1722620990096,128.982852064876,소상공인시장진흥공단_상가업소정보
음식점,음식점,사파리,35.1662530822727,128.982190344762,소상공인시장진흥공단_상가업소정보
생활편의,보건의료,사상미사랑피부과의원,35.1629601677363,128.984612465139,소상공인시장진흥공단_상가업소정보
생활편의,문화체육,홀인원,35.1652451774772,128.981002613009,소상공인시장진흥공단_상가업소정보
음식점,음식점,돈돈촌,35.1857425191942,128.989513291314,소상공인시장진흥공단_상가업소정보
생활편의,소매,삼덕슈퍼,35.1740923171367,128.987198872063,소상공인시장진흥공단_상가업소정보
생활편의,소매,창령전기철물,35.1742654474352,128.981583674616,소상공인시장진흥공단_상가업소정보
생활편의,소매,대진가구,35.1695976574889,128.982666632139,소상공인시장진흥공단_상가업소정보
생활편의,소매,알뜰슈퍼,35.1761512062737,128.99023437332,소상공인시장진흥공단_상가업소정보
음식점,음식점,황토민물장어구이,35.1587531714545,128.984521213577,소상공인시장진흥공단_상가업소정보
생활편의,소매,모나코뷰티,35.1856116794978,128.99144204054,소상공인시장진흥공단_상가업소정보
음식점,음식점,불로만숯불치킨,35.1540773110255,129.004147463388,소상공인시장진흥공단_상가업소정보
생활편의,소매,엠티비월드,35.1690129833277,128.97708825279,소상공인시장진흥공단_상가업소정보
음식점,음식점,학장포차,35.1411606559942,128.982963955545,소상공인시장진흥공단_상가업소정보
생활편의,보건의료,조은치과,35.1626211124237,128.984955388797,소상공인시장진흥공단_상가업소정보
생활편의,보건의료,박만규피부과의원,35.1500442343067,129.002260076946,소상공인시장진흥공단_상가업소정보
생활편의,보건의료,송비뇨기과의원,35.1501405441545,129.002975625371,소상공인시장진흥공단_상가업소정보
생활편의,보건의료,강한의원,35.1499340836266,129.002926675693,소상공인시장진흥공단_상가업소정보
생활편의,보건의료,조은의원,35.1556437861655,128.986190364663,소상공인시장진흥공단_상가업소정보
음식점,음식점,심플커피숍,35.1933599629925,128.986065344235,소상공인시장진흥공단_상가업소정보
생활편의,보건의료,사상강남비뇨기과의원,35.1659693669644,128.983006530352,소상공인시장진흥공단_상가업소정보
음식점,음식점,삼삼식당,35.1858125648768,128.991282288985,소상공인시장진흥공단_상가업소정보
음식점,음식점,백양산막걸리,35.1545024362477,128.996959789629,소상공인시장진흥공단_상가업소정보
생활편의,보건의료,금비뇨기과의원,35.1850978569207,128.991451454292,소상공인시장진흥공단_상가업소정보
생활편의,소매,킴스뷰티,35.1390230903814,128.979214978175,소상공인시장진흥공단_상가업소정보
생활편의,소매,다람-G,35.1643345532276,128.977721218153,소상공인시장진흥공단_상가업소정보
생활편의,소매,여우,35.1643345532276,128.977721218153,소상공인시장진흥공단_상가업소정보
음식점,음식점,대양참치,35.1636772427768,128.985398070451,소상공인시장진흥공단_상가업소정보
생활편의,보건의료,초록마취통증의학과의원,35.1384943652467,128.977929584523,소상공인시장진흥공단_상가업소정보
음식점,음식점,청하반점,35.1844619431308,129.001051576918,소상공인시장진흥공단_상가업소정보
생활편의,소매,신금당,35.1920344299138,128.992147705678,소상공인시장진흥공단_상가업소정보
생활편의,소매,보문약국,35.1841746632884,128.996072079689,소상공인시장진흥공단_상가업소정보
생활편의,소매,북부산신일,35.1870910429047,128.988613116033,소상공인시장진흥공단_상가업소정보
생활편의,소매,현대상회,35.1874569554615,128.987732882474,소상공인시장진흥공단_상가업소정보
생활편의,소매,복드림인테리어대복씽크,35.1864446225939,128.987367932462,소상공인시장진흥공단_상가업소정보
생활편의,소매,비즈랑,35.1643345532276,128.977721218153,소상공인시장진흥공단_상가업소정보
음식점,음식점,대동강식당,35.1916238289243,128.992456033174,소상공인시장진흥공단_상가업소정보
생활편의,소매,골드리안,35.1643345532276,128.977721218153,소상공인시장진흥공단_상가업소정보
생활편의,소매,케이트,35.1643345532276,128.977721218153,소상공인시장진흥공단_상가업소정보
생활편의,소매,엘가,35.1643345532276,128.977721218153,소상공인시장진흥공단_상가업소정보
음식점,음식점,칠성집,35.1864046109018,128.989803860624,소상공인시장진흥공단_상가업소정보
생활편의,소매,불가리,35.1643345532276,128.977721218153,소상공인시장진흥공단_상가업소정보
생활편의,소매,FD산전,35.156584813641,128.990350076278,소상공인시장진흥공단_상가업소정보
생활편의,소매,미백,35.1285246472791,128.970349949771,소상공인시장진흥공단_상가업소정보
음식점,음식점,콩나물해장국,35.157013714769,128.979025322831,소상공인시장진흥공단_상가업소정보
생활편의,문화체육,까치당구장,35.1555784892271,128.980823028099,소상공인시장진흥공단_상가업소정보
음식점,음식점,김밥나라,35.168748607115,128.980582775277,소상공인시장진흥공단_상가업소정보
생활편의,소매,퍼플하트옷장,35.1643345532276,128.977721218153,소상공인시장진흥공단_상가업소정보
음식점,음식점,미스터세븐,35.1563379747914,128.982322800718,소상공인시장진흥공단_상가업소정보
음식점,음식점,명품생오리,35.1904615175354,128.988607448042,소상공인시장진흥공단_상가업소정보
음식점,음식점,신진상회,35.1801360799063,128.976929595041,소상공인시장진흥공단_상가업소정보
음식점,음식점,오니기리와이규동,35.1502399340472,129.003504724567,소상공인시장진흥공단_상가업소정보
음식점,음식점,진주추어탕,35.1914543936568,128.986864237031,소상공인시장진흥공단_상가업소정보
음식점,음식점,수커피숍,35.1680959574534,128.981916818778,소상공인시장진흥공단_상가업소정보
생활편의,소매,SLY,35.1643345532276,128.977721218153,소상공인시장진흥공단_상가업소정보
음식점,음식점,추억의포장마차,35.1621034730049,128.980794718478,소상공인시장진흥공단_상가업소정보
생활편의,소매,LH감전마트,35.1553223166327,128.994236621975,소상공인시장진흥공단_상가업소정보
생활편의,문화체육,THEGYM,35.1688073210567,128.980298857616,소상공인시장진흥공단_상가업소정보
생활편의,소매,"에스케이카드단말기,씨씨티비",35.1922476320568,128.989595079777,소상공인시장진흥공단_상가업소정보
음식점,음식점,만나,35.1489795243425,128.974343153024,소상공인시장진흥공단_상가업소정보
음식점,음식점,배꼽친구,35.1472352664606,129.001006297896,소상공인시장진흥공단_상가업소정보
생활편의,소매,규리네,35.151020779152,129.014561936547,소상공인시장진흥공단_상가업소정보
생활편의,소매,모닝메디케어,35.1501389205913,129.016109202707,소상공인시장진흥공단_상가업소정보
음식점,음식점,아주,35.1521985895351,128.995674564601,소상공인시장진흥공단_상가업소정보
음식점,음식점,가야밀면,35.1704493018497,128.982939736234,소상공인시장진흥공단_상가업소정보
생활편의,소매,후리지아,35.1643345532276,128.977721218153,소상공인시장진흥공단_상가업소정보
음식점,음식점,오페라노래주점,35.1636772427768,128.985398070451,소상공인시장진흥공단_상가업소정보
생활편의,소매,앤코코,35.1379384159311,128.978311071717,소상공인시장진흥공단_상가업소정보
생활편의,소매,아이엠,35.1643345532276,128.977721218153,소상공인시장진흥공단_상가업소정보
음식점,음식점,양지횟집,35.1665809282482,128.985282104295,소상공인시장진흥공단_상가업소정보
음식점,음식점,33숯불갈비,35.1294334038652,128.972653485614,소상공인시장진흥공단_상가업소정보
음식점,음식점,뚱이네,35.1728542167193,128.981362840121,소상공인시장진흥공단_상가업소정보
생활편의,소매,건강한복지용구,35.1519890935812,129.01648402914,소상공인시장진흥공단_상가업소정보
생활편의,소매,이레통상,35.1764484868281,128.989144052116,소상공인시장진흥공단_상가업소정보
생활편의,소매,농심웰빙,35.1305124233891,128.968368479457,소상공인시장진흥공단_상가업소정보
생활편의,소매,샤틴,35.1631457315728,128.980984606691,소상공인시장진흥공단_상가업소정보
생활편의,소매,민턴스포츠,35.1920851337944,128.989064182105,소상공인시장진흥공단_상가업소정보
생활편의,소매,에브리데이,35.1252392053794,128.971773524144,소상공인시장진흥공단_상가업소정보
음식점,음식점,쿠시야,35.1637809896886,128.984566568577,소상공인시장진흥공단_상가업소정보
생활편의,소매,대영전기철물,35.1736148885565,128.989382313661,소상공인시장진흥공단_상가업소정보
음식점,음식점,컴포즈벤처타워모라점,35.1909037859807,128.984721162933,소상공인시장진흥공단_상가업소정보
음식점,음식점,대박난막걸리,35.1425515232196,128.987726265114,소상공인시장진흥공단_상가업소정보
음식점,음식점,설빙사상점,35.1629601677363,128.984612465139,소상공인시장진흥공단_상가업소정보
생활편의,문화체육,엘비스노래연습장,35.1872492270472,128.987211895571,소상공인시장진흥공단_상가업소정보
생활편의,문화체육,오피러스노래연습장,35.1396288869265,128.980195074325,소상공인시장진흥공단_상가업소정보
음식점,음식점,린두깜뿡,35.1636574655604,128.979449686577,소상공인시장진흥공단_상가업소정보
음식점,음식점,평강오리,35.172445943752,128.980979775271,소상공인시장진흥공단_상가업소정보
음식점,음식점,우리들식당,35.1508684751904,128.998187634063,소상공인시장진흥공단_상가업소정보
생활편의,소매,우리할인마트,35.1450934740872,129.003005513873,소상공인시장진흥공단_상가업소정보
음식점,음식점,썬더치킨신,35.1541184517057,128.997839189834,소상공인시장진흥공단_상가업소정보
생활편의,소매,씨유사상,35.1302935565824,128.972959444657,소상공인시장진흥공단_상가업소정보
음식점,음식점,마산아구찜,35.1564949705168,128.983742130949,소상공인시장진흥공단_상가업소정보
음식점,음식점,봉구스밥버거,35.1468065670606,129.010025486449,소상공인시장진흥공단_상가업소정보
음식점,음식점,지리산어탕국수,35.1922716113791,128.987586721801,소상공인시장진흥공단_상가업소정보
음식점,음식점,30년전통속초코다리냉면,35.1604929852876,128.983937993611,소상공인시장진흥공단_상가업소정보
생활편의,소매,화장품,35.1670027361463,128.982087823788,소상공인시장진흥공단_상가업소정보
음식점,음식점,통통맛치킨,35.1551617235879,128.998512100018,소상공인시장진흥공단_상가업소정보
생활편의,소매,미트피아정육쇼핑,35.1539023284625,128.996736639973,소상공인시장진흥공단_상가업소정보
생활편의,소매,애플BCBG,35.1631457315728,128.980984606691,소상공인시장진흥공단_상가업소정보
생활편의,소매,패밀리문구,35.1675514153756,128.983802192234,소상공인시장진흥공단_상가업소정보
음식점,음식점,꿀돼지문현곱창,35.1637302271136,128.98601390221,소상공인시장진흥공단_상가업소정보
음식점,음식점,김경옥닭발,35.1657571725473,128.983857370525,소상공인시장진흥공단_상가업소정보
생활편의,소매,삭개오,35.183118060012,128.991282396829,소상공인시장진흥공단_상가업소정보
생활편의,소매,씨유사상,35.163843078401,128.982976845568,소상공인시장진흥공단_상가업소정보
생활편의,소매,노원인테리어,35.1472348132341,129.006481182062,소상공인시장진흥공단_상가업소정보
생활편의,소매,사상현대타이어,35.1624263727608,128.977027551471,소상공인시장진흥공단_상가업소정보
생활편의,소매,스마트약국,35.1500364370889,129.002731686749,소상공인시장진흥공단_상가업소정보
음식점,음식점,옥성관,35.1553947371678,128.981038030116,소상공인시장진흥공단_상가업소정보
음식점,음식점,국민아구찜,35.174672619631,128.989726378881,소상공인시장진흥공단_상가업소정보
음식점,음식점,진영오리삼겹전문,35.1865757747409,128.986514915714,소상공인시장진흥공단_상가업소정보
음식점,음식점,속씨원한대구탕,35.1619001855642,128.982754090331,소상공인시장진흥공단_상가업소정보
생활편의,소매,애플,35.1643345532276,128.977721218153,소상공인시장진흥공단_상가업소정보
생활편의,소매,돈대박식육점,35.171350960615,128.981809258067,소상공인시장진흥공단_상가업소정보
생활편의,문화체육,포인트당구장,35.1868267435084,128.988793285148,소상공인시장진흥공단_상가업소정보
음식점,음식점,행복수산착한대게,35.153506211685,129.015753397359,소상공인시장진흥공단_상가업소정보
생활편의,보건의료,셀빙강내과의원,35.1655692081258,128.982678559684,소상공인시장진흥공단_상가업소정보
음식점,음식점,우리포차,35.1697727348467,128.981880697026,소상공인시장진흥공단_상가업소정보
음식점,음식점,황가산오징어,35.1506336048061,129.011831291915,소상공인시장진흥공단_상가업소정보
생활편의,소매,디아,35.1643345532276,128.977721218153,소상공인시장진흥공단_상가업소정보
생활편의,소매,동해장식,35.1695027501479,128.983509385214,소상공인시장진흥공단_상가업소정보
음식점,음식점,덕원구내식당,35.1482877585532,128.976422078717,소상공인시장진흥공단_상가업소정보
생활편의,소매,동양구내매점,35.1804169510531,128.979043839791,소상공인시장진흥공단_상가업소정보
음식점,음식점,추억의길소주방,35.1727075044496,128.980415411116,소상공인시장진흥공단_상가업소정보
생활편의,소매,레드페이스,35.1642343045877,128.978893016647,소상공인시장진흥공단_상가업소정보
음식점,음식점,창녕식당,35.1695482486899,128.981831348745,소상공인시장진흥공단_상가업소정보
음식점,음식점,음악을품은달,35.154965849098,128.979710890232,소상공인시장진흥공단_상가업소정보
생활편의,소매,일구가스,35.1633809260231,128.989176876818,소상공인시장진흥공단_상가업소정보
생활편의,보건의료,이그린치과의원,35.1558775376865,128.983474759282,소상공인시장진흥공단_상가업소정보
음식점,음식점,해물왕창칼국수,35.1726975925496,128.983773584365,소상공인시장진흥공단_상가업소정보
생활편의,소매,부산사상전자담배,35.1932870728273,128.992694260216,소상공인시장진흥공단_상가업소정보
음식점,음식점,한양족발,35.1509963981681,128.998081040119,소상공인시장진흥공단_상가업소정보
생활편의,소매,대일장식,35.1884074532066,128.990763821024,소상공인시장진흥공단_상가업소정보
생활편의,소매,하프타임덕포점,35.1688619124909,128.983570639963,소상공인시장진흥공단_상가업소정보
생활편의,소매,명진투,35.1643345532276,128.977721218153,소상공인시장진흥공단_상가업소정보
생활편의,소매,송정목형,35.1746279465315,128.98860579388,소상공인시장진흥공단_상가업소정보
생활편의,소매,삼성냉열,35.1935733673913,128.992273111983,소상공인시장진흥공단_상가업소정보
음식점,음식점,그랜드실내포장타운,35.1647439442873,128.98409613439,소상공인시장진흥공단_상가업소정보
생활편의,소매,현대낙동석유상사,35.158744587541,128.986693722936,소상공인시장진흥공단_상가업소정보
생활편의,소매,열쇠,35.1745610420513,128.984444468849,소상공인시장진흥공단_상가업소정보
음식점,음식점,해동상회,35.1769611202266,128.979860061825,소상공인시장진흥공단_상가업소정보
음식점,음식점,후차이,35.1306902780837,128.972947078153,소상공인시장진흥공단_상가업소정보
음식점,음식점,잔비어쓰,35.1726207223008,128.981313272349,소상공인시장진흥공단_상가업소정보
생활편의,소매,Joan.S,35.1643345532276,128.977721218153,소상공인시장진흥공단_상가업소정보
음식점,음식점,최기택송이아구찜,35.1306902780837,128.972947078153,소상공인시장진흥공단_상가업소정보
생활편의,소매,경북상회,35.159757357537,128.980430562506,소상공인시장진흥공단_상가업소정보
생활편의,보건의료,엘리트치과병원,35.1500364370889,129.002731686749,소상공인시장진흥공단_상가업소정보
음식점,음식점,성원정양대창사상점,35.1645437874831,128.984211986455,소상공인시장진흥공단_상가업소정보
생활편의,소매,신화전기철물,35.1671869550225,128.984045750193,소상공인시장진흥공단_상가업소정보
음식점,음식점,풍성한회나라,35.1368382793639,128.976145220063,소상공인시장진흥공단_상가업소정보
음식점,음식점,오케이노래주점,35.1670271826744,128.981144614839,소상공인시장진흥공단_상가업소정보
생활편의,보건의료,맑은유비뇨기과,35.1307314069442,128.972081473207,소상공인시장진흥공단_상가업소정보
생활편의,소매,르꼬꼬스포르티브사상애플점,35.1631457315728,128.980984606691,소상공인시장진흥공단_상가업소정보
음식점,음식점,송림개금밀면,35.1486664306866,128.999472358711,소상공인시장진흥공단_상가업소정보
음식점,음식점,퀸,35.1284723807016,128.970238997491,소상공인시장진흥공단_상가업소정보
생활편의,소매,뷰티샵,35.1650402844598,128.98030626911,소상공인시장진흥공단_상가업소정보
음식점,음식점,아무데나한잔묵자,35.1293402113626,128.971181337602,소상공인시장진흥공단_상가업소정보
생활편의,소매,현대상사,35.192392405621,128.992299159422,소상공인시장진흥공단_상가업소정보
생활편의,소매,와라마트,35.1479913101905,129.013027992231,소상공인시장진흥공단_상가업소정보
생활편의,소매,서울상회,35.1560512572211,128.984422652308,소상공인시장진흥공단_상가업소정보
음식점,음식점,초원포장마차,35.1639659777705,128.980422879901,소상공인시장진흥공단_상가업소정보
음식점,음식점,무근지랑친구랑,35.1558653614005,128.985317917262,소상공인시장진흥공단_상가업소정보
생활편의,소매,디룩,35.1643345532276,128.977721218153,소상공인시장진흥공단_상가업소정보
생활편의,소매,태경상사,35.1829399187722,128.981267411055,소상공인시장진흥공단_상가업소정보
음식점,음식점,동원꼬리곰탕,35.1554958269674,128.984771264879,소상공인시장진흥공단_상가업소정보
음식점,음식점,던힐미인노래주점,35.150048330464,129.000921579032,소상공인시장진흥공단_상가업소정보
음식점,음식점,장미정,35.1641903314197,128.984883789898,소상공인시장진흥공단_상가업소정보
생활편의,소매,아이진,35.1643345532276,128.977721218153,소상공인시장진흥공단_상가업소정보
생활편의,문화체육,월드컵노래연습장,35.1545024362477,128.996959789629,소상공인시장진흥공단_상가업소정보
음식점,음식점,장어랑흙돼지,35.1540773110255,129.004147463388,소상공인시장진흥공단_상가업소정보
생활편의,문화체육,부래옥PC방,35.1629025406454,128.985379236575,소상공인시장진흥공단_상가업소정보
생활편의,소매,미소약국,35.1737093820395,128.983622565836,소상공인시장진흥공단_상가업소정보
생활편의,소매,순우리인삼시청지사,35.1498978260464,129.006206441837,소상공인시장진흥공단_상가업소정보
생활편의,문화체육,두꺼비,35.1921963033253,128.987782487763,소상공인시장진흥공단_상가업소정보
생활편의,소매,미광유리,35.1491868629631,128.984815499676,소상공인시장진흥공단_상가업소정보
생활편의,소매,진양상회,35.1541464704966,128.982423239727,소상공인시장진흥공단_상가업소정보
생활편의,소매,진양철물,35.1552777710483,128.980475577375,소상공인시장진흥공단_상가업소정보
생활편의,소매,무궁화슈퍼,35.156493389388,128.978881040399,소상공인시장진흥공단_상가업소정보
생활편의,소매,보람슈퍼,35.1582229936534,128.977265978579,소상공인시장진흥공단_상가업소정보
생활편의,소매,한아름슈퍼,35.1578924216216,128.987002192302,소상공인시장진흥공단_상가업소정보
생활편의,소매,한진유리,35.1524775943886,128.977565819295,소상공인시장진흥공단_상가업소정보
생활편의,소매,경남상사,35.1558704137009,128.985559444657,소상공인시장진흥공단_상가업소정보
생활편의,소매,신도네트신사상점,35.1698675043263,128.987644778623,소상공인시장진흥공단_상가업소정보
생활편의,소매,금동볼트공구종합,35.1619108542859,128.980449860215,소상공인시장진흥공단_상가업소정보
음식점,음식점,바다회센타,35.1867289058153,128.985969789449,소상공인시장진흥공단_상가업소정보
음식점,음식점,국시마을,35.1923072776701,128.988707329991,소상공인시장진흥공단_상가업소정보
생활편의,문화체육,대박복권방,35.1385299666264,128.979060419962,소상공인시장진흥공단_상가업소정보
생활편의,소매,아리따움냉정점,35.1502268655123,129.012446687312,소상공인시장진흥공단_상가업소정보
생활편의,소매,쌈지레이디신모라점,35.189365905746,128.991116530577,소상공인시장진흥공단_상가업소정보
생활편의,소매,한국다까미야주,35.1479386077231,128.98949210942,소상공인시장진흥공단_상가업소정보
생활편의,소매,미성정보통신주,35.1501515473022,129.002855201701,소상공인시장진흥공단_상가업소정보
음식점,음식점,만해주,35.1633696698167,128.984370015884,소상공인시장진흥공단_상가업소정보
생활편의,소매,호림에너지주,35.1225795834479,128.964075326812,소상공인시장진흥공단_상가업소정보
생활편의,보건의료,은성의료재단좋은주례요양병원의,35.1500754834355,129.001459877957,소상공인시장진흥공단_상가업소정보
생활편의,보건의료,주현의료재단,35.1784028414776,128.978215707616,소상공인시장진흥공단_상가업소정보
생활편의,보건의료,현백의료재단,35.1697583675248,128.982758333239,소상공인시장진흥공단_상가업소정보
생활편의,보건의료,영재의료재단큰솔병원,35.140709673602,128.982437381672,소상공인시장진흥공단_상가업소정보
생활편의,보건의료,부산시립정신병원,35.1328775736603,128.995115074996,소상공인시장진흥공단_상가업소정보
생활편의,보건의료,희경의료재단한국요양병원,35.1632808170828,128.980439186271,소상공인시장진흥공단_상가업소정보
생활편의,보건의료,효원의료재단,35.1495468714603,128.99963654063,소상공인시장진흥공단_상가업소정보
음식점,음식점,커피하우스,35.1525475272037,128.991447714246,소상공인시장진흥공단_상가업소정보
생활편의,보건의료,강혜의료재단,35.1316480128584,128.9727946729,소상공인시장진흥공단_상가업소정보
생활편의,보건의료,지석의료재단효성프라임요양병원,35.1749601661999,128.988679740075,소상공인시장진흥공단_상가업소정보
생활편의,보건의료,신라배움나눔공동체,35.1319584010656,128.97254985784,소상공인시장진흥공단_상가업소정보
음식점,음식점,커피하우스2,35.1473546754021,129.001415176945,소상공인시장진흥공단_상가업소정보
생활편의,문화체육,신나는사상스포츠클럽,35.1474444905909,128.994878198953,소상공인시장진흥공단_상가업소정보
생활편의,보건의료,주현의료재단,35.1784028414776,128.978215707616,소상공인시장진흥공단_상가업소정보
생활편의,보건의료,은성의료재단좋은부산요양병원,35.1337403210781,128.996353792003,소상공인시장진흥공단_상가업소정보
생활편의,보건의료,길정의료재단길정병원,35.1320138279505,128.996125150176,소상공인시장진흥공단_상가업소정보
음식점,음식점,커피하우스3,35.1680174742505,128.977898216314,소상공인시장진흥공단_상가업소정보
생활편의,보건의료,한국보훈복지의료공단부산보훈병원,35.1528919989817,129.008244041345,소상공인시장진흥공단_상가업소정보
생활편의,보건의료,은성의료재단좋은삼선병원,35.1501529056223,129.007671996936,소상공인시장진흥공단_상가업소정보
생활편의,보건의료,길정의료재단대남병원,35.1320138279505,128.996125150176,소상공인시장진흥공단_상가업소정보
생활편의,소매,한국가스산업사상영업주,35.1502274008641,128.990052558701,소상공인시장진흥공단_상가업소정보
생활편의,소매,광신석유학장주유소주,35.1470666664362,128.995384646563,소상공인시장진흥공단_상가업소정보
생활편의,소매,현대오일뱅크직영감전주유소주,35.1477355659513,128.971043478614,소상공인시장진흥공단_상가업소정보
음식점,음식점,진영푸드피자헛학장점주,35.147601697469,128.988606161232,소상공인시장진흥공단_상가업소정보
음식점,음식점,제이제이케터링사상점주,35.1275926627189,128.968364011655,소상공인시장진흥공단_상가업소정보
생활편의,소매,광신석유가야대로주유소주,35.1518281013688,129.015327961572,소상공인시장진흥공단_상가업소정보
생활편의,소매,성은에너지자이언트주유소주,35.1263566207672,128.963453049117,소상공인시장진흥공단_상가업소정보
생활편의,소매,성은에너지제3주유소주,35.1220894299652,128.962067299192,소상공인시장진흥공단_상가업소정보
생활편의,소매,성은에너지제2충전소주,35.1220894299652,128.962067299192,소상공인시장진흥공단_상가업소정보
음식점,음식점,아워홈대남병원주,35.1320138279505,128.996125150176,소상공인시장진흥공단_상가업소정보
생활편의,소매,지에스리테일신주,35.153879022875,129.012843883812,소상공인시장진흥공단_상가업소정보
생활편의,소매,유한책임회사하이모사상지점,35.1629601677363,128.984612465139,소상공인시장진흥공단_상가업소정보
생활편의,소매,롯데쇼핑롯데슈퍼부산학장점주,35.1372845009194,128.97917288247,소상공인시장진흥공단_상가업소정보
생활편의,소매,세븐부산사상구청점주,35.1525754682564,128.989747660637,소상공인시장진흥공단_상가업소정보
생활편의,문화체육,언덕위의집애플스크린골프주,35.1642264779405,128.983227584837,소상공인시장진흥공단_상가업소정보
생활편의,소매,국제식품정육삼락점주,35.1922309873967,128.982920153613,소상공인시장진흥공단_상가업소정보
생활편의,소매,윈윈스포츠(애플나이키)주,35.1631457315728,128.980984606691,소상공인시장진흥공단_상가업소정보
생활편의,소매,세븐부산덕포공단점주,35.1740313102142,128.979920707113,소상공인시장진흥공단_상가업소정보
음식점,음식점,삼성웰스토리신라대,35.1686268558901,129.003868002618,소상공인시장진흥공단_상가업소정보
생활편의,소매,에스씨새문주유소주,35.136428904892,128.996167131084,소상공인시장진흥공단_상가업소정보
생활편의,소매,행복한셀프주유소,35.1387643181848,128.991704267884,소상공인시장진흥공단_상가업소정보
생활편의,소매,덕양에너지직영구덕산충전소주,35.140834766026,128.989648306148,소상공인시장진흥공단_상가업소정보
생활편의,소매,액상하카전자담배사상직영점주,35.1611992778938,128.985381725501,소상공인시장진흥공단_상가업소정보
생활편의,소매,마라톤가스서부충전소,35.1835689141526,128.976968847605,소상공인시장진흥공단_상가업소정보
생활편의,소매,퍼스트픽,35.1880040912363,128.985693464425,소상공인시장진흥공단_상가업소정보
생활편의,소매,예스텔레콤,35.1585781961971,128.983650071323,소상공인시장진흥공단_상가업소정보
생활편의,소매,성은에너지주,35.1263566207672,128.963453049117,소상공인시장진흥공단_상가업소정보
생활편의,문화체육,진양개발,35.1231153895995,128.966599998437,소상공인시장진흥공단_상가업소정보
음식점,음식점,최뼈다구해장국,35.1628679854529,128.986936686946,소상공인시장진흥공단_상가업소정보
생활편의,소매,애플아울렛,35.1631457315728,128.980984606691,소상공인시장진흥공단_상가업소정보
생활편의,소매,천일에너지,35.1631457315728,128.980984606691,소상공인시장진흥공단_상가업소정보
생활편의,소매,경민들레주,35.1665717548254,128.985841574437,소상공인시장진흥공단_상가업소정보
생활편의,소매,티엔에프스포츠주,35.1631457315728,128.980984606691,소상공인시장진흥공단_상가업소정보
음식점,음식점,진선명주,35.1505388790051,129.00722065011,소상공인시장진흥공단_상가업소정보
생활편의,소매,동주마트주,35.1500514719439,129.005091059423,소상공인시장진흥공단_상가업소정보
생활편의,문화체육,영우,35.1384943652467,128.977929584523,소상공인시장진흥공단_상가업소정보
생활편의,소매,무궁화마트,35.1850978569207,128.991451454292,소상공인시장진흥공단_상가업소정보
생활편의,소매,창창아이씨티,35.1629601677363,128.984612465139,소상공인시장진흥공단_상가업소정보
생활편의,소매,우신텔레콤,35.1850978569207,128.991451454292,소상공인시장진흥공단_상가업소정보
음식점,음식점,엔제리너스주,35.1500514719439,129.005091059423,소상공인시장진흥공단_상가업소정보
음식점,음식점,한내행복마을협동조합,35.1703468926452,128.98148856329,소상공인시장진흥공단_상가업소정보
생활편의,소매,괘내행복마을협동조합,35.1635873925683,128.989225801743,소상공인시장진흥공단_상가업소정보
생활편의,소매,와이엘인터내셔널,35.1727325244653,128.983291523981,소상공인시장진흥공단_상가업소정보
생활편의,소매,삼성빅마트,35.1366628826388,128.992355168113,소상공인시장진흥공단_상가업소정보
생활편의,소매,월드네트웍스,35.1655692081258,128.982678559684,소상공인시장진흥공단_상가업소정보
생활편의,소매,플러스원,35.1643345532276,128.977721218153,소상공인시장진흥공단_상가업소정보
생활편의,소매,우리인테리어,35.149126401716,129.005990004941,소상공인시장진흥공단_상가업소정보
음식점,음식점,먹돌이,35.1643345532276,128.977721218153,소상공인시장진흥공단_상가업소정보
생활편의,소매,뷰시스템,35.1499525025911,129.000721734361,소상공인시장진흥공단_상가업소정보
음식점,음식점,도야족발,35.1656003002765,128.981329481454,소상공인시장진흥공단_상가업소정보
생활편의,소매,서부상사,35.1631457315728,128.980984606691,소상공인시장진흥공단_상가업소정보
생활편의,소매,The옵티모,35.1285422478176,128.974803906696,소상공인시장진흥공단_상가업소정보
생활편의,소매,수,35.1631457315728,128.980984606691,소상공인시장진흥공단_상가업소정보
음식점,음식점,신라기사님식당,35.1694774532601,128.989446118473,소상공인시장진흥공단_상가업소정보
생활편의,소매,민석상사,35.1681928787492,128.977090343954,소상공인시장진흥공단_상가업소정보
생활편의,소매,K컴퓨터,35.1413722494204,128.970549909223,소상공인시장진흥공단_상가업소정보
음식점,음식점,가람식당,35.1627162464431,128.985199125937,소상공인시장진흥공단_상가업소정보
생활편의,소매,CARFET&C,35.1502276425915,128.9949680931,소상공인시장진흥공단_상가업소정보
음식점,음식점,파파야노래주점,35.1635806527091,128.984693387821,소상공인시장진흥공단_상가업소정보
음식점,음식점,해마루감자탕,35.1485508433299,129.011352105667,소상공인시장진흥공단_상가업소정보
생활편의,소매,상민카용품,35.1749372266879,128.984585319933,소상공인시장진흥공단_상가업소정보
생활편의,소매,까스텔바쟉사상애플점,35.1631457315728,128.980984606691,소상공인시장진흥공단_상가업소정보
음식점,음식점,시골국수,35.1554531897838,128.991759949766,소상공인시장진흥공단_상가업소정보
음식점,음식점,서가앤쿡,35.1625904917533,128.985174121384,소상공인시장진흥공단_상가업소정보
생활편의,소매,성우켐텍스,35.1410029853506,128.972197622878,소상공인시장진흥공단_상가업소정보
생활편의,소매,따뜻한종합상사,35.1732156317863,128.986255608835,소상공인시장진흥공단_상가업소정보
생활편의,소매,정문약국,35.1505981182488,129.007452521182,소상공인시장진흥공단_상가업소정보
생활편의,소매,액시스메드,35.1520148393462,129.016561471025,소상공인시장진흥공단_상가업소정보
생활편의,소매,실버,35.1543548701228,128.997164663822,소상공인시장진흥공단_상가업소정보
생활편의,소매,포니,35.1643345532276,128.977721218153,소상공인시장진흥공단_상가업소정보
생활편의,문화체육,세븐락볼링장,35.1627753300522,128.984893293903,소상공인시장진흥공단_상가업소정보
음식점,음식점,일.이.삼.칼국수,35.1699860576785,128.979306786302,소상공인시장진흥공단_상가업소정보
생활편의,소매,삼성약국,35.141215303194,128.984029465528,소상공인시장진흥공단_상가업소정보
생활편의,소매,기쁨약국,35.1688073210567,128.980298857616,소상공인시장진흥공단_상가업소정보
음식점,음식점,조선화로집사상점,35.1636249541812,128.984189661304,소상공인시장진흥공단_상가업소정보
음식점,음식점,독도참가자미,35.1616825078961,128.98668837116,소상공인시장진흥공단_상가업소정보
생활편의,소매,우신종합화장품,35.1850978569207,128.991451454292,소상공인시장진흥공단_상가업소정보
음식점,음식점,진땡이코다리찜,35.1606999936422,128.983953995628,소상공인시장진흥공단_상가업소정보
생활편의,소매,보훈상사,35.1539350407821,129.005120537467,소상공인시장진흥공단_상가업소정보
음식점,음식점,일품관,35.1471694918879,129.001169263187,소상공인시장진흥공단_상가업소정보
생활편의,소매,제일상사,35.1701206337039,128.977137024526,소상공인시장진흥공단_상가업소정보
생활편의,소매,가가통신,35.1488345253433,129.012719608117,소상공인시장진흥공단_상가업소정보
생활편의,소매,정상커뮤니케이션즈,35.1742026516049,128.983217486389,소상공인시장진흥공단_상가업소정보
음식점,음식점,고추장숯불통,35.1667803070095,128.983563969942,소상공인시장진흥공단_상가업소정보
음식점,음식점,둥지,35.1635129376489,128.985525763524,소상공인시장진흥공단_상가업소정보
생활편의,소매,타이어테크감전점,35.1450150714809,128.969869738389,소상공인시장진흥공단_상가업소정보
생활편의,소매,성이축산,35.1671379142522,128.983188550985,소상공인시장진흥공단_상가업소정보
음식점,음식점,따뜻한집밥,35.1272663383819,128.970144124917,소상공인시장진흥공단_상가업소정보
음식점,음식점,카페아리아,35.1800234532403,128.988759202694,소상공인시장진흥공단_상가업소정보
음식점,음식점,늘푸른식당,35.1755770250494,128.986236237485,소상공인시장진흥공단_상가업소정보
생활편의,소매,뷰티플렉스,35.1713493446039,128.981907994084,소상공인시장진흥공단_상가업소정보
생활편의,소매,덕천낚시,35.1863269735517,128.986849146464,소상공인시장진흥공단_상가업소정보
음식점,음식점,토지생오리,35.1508111195886,129.00111581518,소상공인시장진흥공단_상가업소정보
생활편의,소매,수진화장품,35.1372845009194,128.97917288247,소상공인시장진흥공단_상가업소정보
생활편의,소매,콩,35.1643345532276,128.977721218153,소상공인시장진흥공단_상가업소정보
음식점,음식점,황제포차,35.1664884516103,128.983776367648,소상공인시장진흥공단_상가업소정보
음식점,음식점,꽃,35.1921226167529,128.987879492574,소상공인시장진흥공단_상가업소정보
생활편의,소매,왕골프마켓,35.151304234222,128.988685303391,소상공인시장진흥공단_상가업소정보
음식점,음식점,장터돼지국밥,35.1439742842316,128.988342349865,소상공인시장진흥공단_상가업소정보
생활편의,소매,에스제이통신,35.1535330322168,128.988509131898,소상공인시장진흥공단_상가업소정보
생활편의,소매,선호유통,35.1500514719439,129.005091059423,소상공인시장진흥공단_상가업소정보
생활편의,소매,로가디스사상애플점,35.1631457315728,128.980984606691,소상공인시장진흥공단_상가업소정보
생활편의,소매,사상프로스펙스,35.1631457315728,128.980984606691,소상공인시장진흥공단_상가업소정보
음식점,음식점,비틀즈노래방,35.1614004748062,128.984102695653,소상공인시장진흥공단_상가업소정보
음식점,음식점,와바사상점,35.1630933306214,128.98528510965,소상공인시장진흥공단_상가업소정보
음식점,음식점,산동반점,35.1632244965651,128.985529724631,소상공인시장진흥공단_상가업소정보
음식점,음식점,유성식당매점,35.1759394651633,128.980614552562,소상공인시장진흥공단_상가업소정보
음식점,음식점,파리바게뜨부산덕포신익,35.1727947884434,128.989384279117,소상공인시장진흥공단_상가업소정보
생활편의,소매,창조모터스,35.1496313258599,128.997795300145,소상공인시장진흥공단_상가업소정보
음식점,음식점,대림,35.1621034730049,128.980794718478,소상공인시장진흥공단_상가업소정보
생활편의,소매,서포트엄,35.1534433381486,129.015740873462,소상공인시장진흥공단_상가업소정보
생활편의,소매,시민약국,35.1661679060489,128.982989403113,소상공인시장진흥공단_상가업소정보
음식점,음식점,해피키친,35.1726754554349,128.980721939492,소상공인시장진흥공단_상가업소정보
음식점,음식점,돼지실내포장센타,35.1663976866989,128.981063495768,소상공인시장진흥공단_상가업소정보
생활편의,소매,180도,35.1643345532276,128.977721218153,소상공인시장진흥공단_상가업소정보
생활편의,소매,국제열쇠,35.1875457699484,128.988909605856,소상공인시장진흥공단_상가업소정보
음식점,음식점,우대,35.1651100438643,128.984302564725,소상공인시장진흥공단_상가업소정보
음식점,음식점,천하탕탕,35.1292621649792,128.969885067689,소상공인시장진흥공단_상가업소정보
생활편의,소매,릴리앙,35.1643345532276,128.977721218153,소상공인시장진흥공단_상가업소정보
음식점,음식점,천하장사,35.1531743950825,128.976836549714,소상공인시장진흥공단_상가업소정보
생활편의,소매,더아이잗,35.1631457315728,128.980984606691,소상공인시장진흥공단_상가업소정보
생활편의,소매,씨유학장목화점,35.1385299666264,128.979060419962,소상공인시장진흥공단_상가업소정보
음식점,음식점,담기,35.1872556968417,128.985719159575,소상공인시장진흥공단_상가업소정보
생활편의,소매,엔씨네트웍스,35.156236199649,128.990176987452,소상공인시장진흥공단_상가업소정보
생활편의,소매,뷰티바비,35.1556493884494,128.986947631277,소상공인시장진흥공단_상가업소정보
생활편의,소매,청도마트&CS컴,35.1680907195584,128.981686225274,소상공인시장진흥공단_상가업소정보
생활편의,문화체육,개구리노래연습장,35.140756363613,128.982888321469,소상공인시장진흥공단_상가업소정보
생활편의,소매,이화모바일,35.1509565162867,129.012464659484,소상공인시장진흥공단_상가업소정보
생활편의,소매,현경,35.1643345532276,128.977721218153,소상공인시장진흥공단_상가업소정보
생활편의,소매,에이스스포츠,35.1493906079255,129.00036784254,소상공인시장진흥공단_상가업소정보
생활편의,문화체육,프로토사상점,35.1656519497887,128.983679226089,소상공인시장진흥공단_상가업소정보
생활편의,소매,정관장홍삼모라점,35.1884735269338,128.992225415616,소상공인시장진흥공단_상가업소정보
생활편의,소매,홀인원파크,35.1683197100193,128.977049516515,소상공인시장진흥공단_상가업소정보
음식점,음식점,팔도상회,35.1390762918877,128.97981965445,소상공인시장진흥공단_상가업소정보
음식점,음식점,이병용구이가,35.1491725606027,129.004290479517,소상공인시장진흥공단_상가업소정보
음식점,음식점,북경,35.1711117113556,128.988157968618,소상공인시장진흥공단_상가업소정보
생활편의,소매,거창상회,35.1697167106774,128.982000059979,소상공인시장진흥공단_상가업소정보
생활편의,소매,부산가스,35.1490825992163,129.001556248692,소상공인시장진흥공단_상가업소정보
생활편의,소매,미센스,35.1631457315728,128.980984606691,소상공인시장진흥공단_상가업소정보
생활편의,소매,프린토스사상점,35.157647502188,128.984351699226,소상공인시장진흥공단_상가업소정보
생활편의,소매,아리따움모라점,35.1858125648768,128.991282288985,소상공인시장진흥공단_상가업소정보
생활편의,소매,제이제이지고트,35.1631457315728,128.980984606691,소상공인시장진흥공단_상가업소정보
생활편의,소매,구제,35.1718439753076,128.980317637819,소상공인시장진흥공단_상가업소정보
생활편의,소매,뷰티메이트,35.1643345532276,128.977721218153,소상공인시장진흥공단_상가업소정보
생활편의,소매,빨간모자,35.1651989427663,128.979421206128,소상공인시장진흥공단_상가업소정보
음식점,음식점,더아우름,35.1631457315728,128.980984606691,소상공인시장진흥공단_상가업소정보
생활편의,문화체육,스카이복권,35.18229898057,128.979682210243,소상공인시장진흥공단_상가업소정보
생활편의,소매,신주례재활용센타,35.1511955329737,129.006205389989,소상공인시장진흥공단_상가업소정보
음식점,음식점,기장숯불장어산곰장어,35.1627162464431,128.985199125937,소상공인시장진흥공단_상가업소정보
생활편의,소매,망고,35.1643345532276,128.977721218153,소상공인시장진흥공단_상가업소정보
음식점,음식점,샤브향주례,35.151020779152,129.014561936547,소상공인시장진흥공단_상가업소정보
생활편의,소매,동산약국,35.1906120741919,128.991509204999,소상공인시장진흥공단_상가업소정보
음식점,음식점,딱!,35.1630859567341,128.985734860582,소상공인시장진흥공단_상가업소정보
생활편의,소매,씨유괘법한신점,35.1679636520949,128.978434666964,소상공인시장진흥공단_상가업소정보
생활편의,문화체육,디지털당구클럽,35.1387356180792,128.978056099395,소상공인시장진흥공단_상가업소정보
음식점,음식점,태종횟집,35.1705886771725,128.981582230765,소상공인시장진흥공단_상가업소정보
음식점,음식점,대로반점,35.1574981954086,128.98576360926,소상공인시장진흥공단_상가업소정보
생활편의,소매,오피스911,35.1532763745884,128.981074441847,소상공인시장진흥공단_상가업소정보
음식점,음식점,"사상목촌돼지국밥,국민삼겹",35.1627236515957,128.985846763581,소상공인시장진흥공단_상가업소정보
음식점,음식점,버즈,35.1410307606199,129.011068289195,소상공인시장진흥공단_상가업소정보
음식점,음식점,모라커피숍,35.1883927183787,128.987821543653,소상공인시장진흥공단_상가업소정보
음식점,음식점,짱구,35.125517442308,128.967963057917,소상공인시장진흥공단_상가업소정보
생활편의,소매,아이엠,35.1643345532276,128.977721218153,소상공인시장진흥공단_상가업소정보
음식점,음식점,숙이네조개전골,35.1699937099088,128.980492255522,소상공인시장진흥공단_상가업소정보
음식점,음식점,벌떼유흥주점,35.1631934812612,128.984673004613,소상공인시장진흥공단_상가업소정보
생활편의,소매,밝은눈안경,35.1875268576536,128.987317452091,소상공인시장진흥공단_상가업소정보
음식점,음식점,삼겹,35.1382272332744,128.980490236123,소상공인시장진흥공단_상가업소정보
생활편의,소매,극동유화,35.1388902422043,128.97133481552,소상공인시장진흥공단_상가업소정보
생활편의,소매,슈가,35.1643345532276,128.977721218153,소상공인시장진흥공단_상가업소정보
생활편의,소매,마리오,35.1643345532276,128.977721218153,소상공인시장진흥공단_상가업소정보
생활편의,소매,아가방에뜨와,35.1631457315728,128.980984606691,소상공인시장진흥공단_상가업소정보
생활편의,소매,비타민약국,35.1417218859823,128.98885804586,소상공인시장진흥공단_상가업소정보
생활편의,소매,제일약국,35.1858217677803,128.990722688853,소상공인시장진흥공단_상가업소정보
음식점,음식점,쿡이네식당,35.1550715630814,128.985364462506,소상공인시장진흥공단_상가업소정보
생활편의,소매,CM유통,35.1631457315728,128.980984606691,소상공인시장진흥공단_상가업소정보
생활편의,소매,케이엔오토웍스,35.1507387310372,128.995671822452,소상공인시장진흥공단_상가업소정보
음식점,음식점,삼박연탄갈비,35.1408642826342,128.982901910531,소상공인시장진흥공단_상가업소정보
음식점,음식점,손칼국수와개성빈대떡,35.1555717053332,128.985639967322,소상공인시장진흥공단_상가업소정보
생활편의,소매,켈틱컴퍼니,35.1512501766202,128.996353624821,소상공인시장진흥공단_상가업소정보
음식점,음식점,CatMask,35.1652451774772,128.981002613009,소상공인시장진흥공단_상가업소정보
생활편의,소매,프리페,35.1631457315728,128.980984606691,소상공인시장진흥공단_상가업소정보
음식점,음식점,배스킨라빈스부산학장점,35.1388212757465,128.978880971768,소상공인시장진흥공단_상가업소정보
생활편의,소매,지엠지우경주유소,35.1526950456669,128.999450253117,소상공인시장진흥공단_상가업소정보
생활편의,보건의료,센텀의료재단서부산센텀병원,35.1612129421784,128.984548059789,소상공인시장진흥공단_상가업소정보
생활편의,소매,아이티솔루션,35.1643345532276,128.977721218153,소상공인시장진흥공단_상가업소정보
생활편의,소매,소키마펫,35.1525103224057,128.984380530769,소상공인시장진흥공단_상가업소정보
생활편의,소매,씨유덕포,35.1722307626146,128.983114707214,소상공인시장진흥공단_상가업소정보
생활편의,소매,씨유동서대,35.1466418604264,129.008002652838,소상공인시장진흥공단_상가업소정보
생활편의,소매,흑장미,35.1643345532276,128.977721218153,소상공인시장진흥공단_상가업소정보
생활편의,문화체육,차차차,35.1876263021207,128.988944500541,소상공인시장진흥공단_상가업소정보
생활편의,소매,엘샤론,35.1550739912469,129.013059864503,소상공인시장진흥공단_상가업소정보
음식점,음식점,철이네식당,35.1574981954086,128.98576360926,소상공인시장진흥공단_상가업소정보
생활편의,소매,블루25사상르네시떼점,35.1643345532276,128.977721218153,소상공인시장진흥공단_상가업소정보
음식점,음식점,블루스카이,35.1725184314339,128.982057102376,소상공인시장진흥공단_상가업소정보
음식점,음식점,공원식당,35.1542441081784,129.004414899579,소상공인시장진흥공단_상가업소정보
생활편의,소매,네파사상애플점,35.1631457315728,128.980984606691,소상공인시장진흥공단_상가업소정보
음식점,음식점,가마솥돼지국밥전문,35.173155647144,128.981666488336,소상공인시장진흥공단_상가업소정보
생활편의,소매,미진마트,35.1648065155488,128.985776698055,소상공인시장진흥공단_상가업소정보
음식점,음식점,신가네뼈다구해장국,35.1921963033253,128.987782487763,소상공인시장진흥공단_상가업소정보
생활편의,소매,열린약국,35.1390230903814,128.979214978175,소상공인시장진흥공단_상가업소정보
음식점,음식점,우리식당,35.151647618349,129.010462777769,소상공인시장진흥공단_상가업소정보
음식점,음식점,대오떡방앗간,35.1544164208572,129.002169723831,소상공인시장진흥공단_상가업소정보
음식점,음식점,참수육,35.1508751893224,128.98517470883,소상공인시장진흥공단_상가업소정보
생활편의,소매,사일구오,35.1643345532276,128.977721218153,소상공인시장진흥공단_상가업소정보
음식점,음식점,모라가야밀면,35.1850687857098,128.993218017785,소상공인시장진흥공단_상가업소정보
생활편의,문화체육,대림,35.1621034730049,128.980794718478,소상공인시장진흥공단_상가업소정보
생활편의,소매,씨유뉴학장,35.1479427984888,128.980989011364,소상공인시장진흥공단_상가업소정보
생활편의,소매,오렌지,35.1710465081273,128.982240867126,소상공인시장진흥공단_상가업소정보
음식점,음식점,대복식당,35.1432341791535,128.988960674927,소상공인시장진흥공단_상가업소정보
음식점,음식점,대송횟집,35.1560424053511,128.983862816176,소상공인시장진흥공단_상가업소정보
생활편의,소매,오피스큐부산,35.1783410623857,128.985293710069,소상공인시장진흥공단_상가업소정보
생활편의,소매,블루25사상,35.1508510994563,128.992130532803,소상공인시장진흥공단_상가업소정보
생활편의,소매,해광상회,35.1465807662827,128.978860397536,소상공인시장진흥공단_상가업소정보
생활편의,소매,크누누,35.1643345532276,128.977721218153,소상공인시장진흥공단_상가업소정보
생활편의,소매,해피인셀덤,35.1663698580252,128.982763845952,소상공인시장진흥공단_상가업소정보
생활편의,소매,신앙촌상회,35.1492436882966,129.005981912413,소상공인시장진흥공단_상가업소정보
생활편의,소매,미소,35.1643345532276,128.977721218153,소상공인시장진흥공단_상가업소정보
생활편의,소매,에이치디엔주,35.1857304091284,128.991346145732,소상공인시장진흥공단_상가업소정보
음식점,음식점,청둥오리직판장,35.1696059611568,128.979956059708,소상공인시장진흥공단_상가업소정보
음식점,음식점,다음식당,35.1857304091284,128.991346145732,소상공인시장진흥공단_상가업소정보
생활편의,소매,대흥주유소,35.1416487016237,128.980123327697,소상공인시장진흥공단_상가업소정보
생활편의,소매,코끼리약국,35.1379384159311,128.978311071717,소상공인시장진흥공단_상가업소정보
음식점,음식점,대아커피숍,35.1754467853343,128.988680619679,소상공인시장진흥공단_상가업소정보
생활편의,소매,삼익피아노사상특약점,35.1268674648272,128.969180205884,소상공인시장진흥공단_상가업소정보
생활편의,문화체육,골든브릿지스터디카페사상신라대점,35.1690729904384,128.988832654502,소상공인시장진흥공단_상가업소정보
생활편의,소매,거누,35.1552777710483,128.980475577375,소상공인시장진흥공단_상가업소정보
생활편의,소매,씨유엄궁,35.1280336959161,128.976700269036,소상공인시장진흥공단_상가업소정보
음식점,음식점,돌솟해물뼈찜,35.1614567380396,128.985618431622,소상공인시장진흥공단_상가업소정보
음식점,음식점,흑돼지생막꾸어,35.1881026538095,128.986826522301,소상공인시장진흥공단_상가업소정보
생활편의,소매,안경나라덕포점,35.1737086834909,128.984215217231,소상공인시장진흥공단_상가업소정보
음식점,음식점,옛날통닭,35.1706425137575,128.981045765705,소상공인시장진흥공단_상가업소정보
생활편의,소매,지에스25사상부원점,35.1788206821454,128.989564072207,소상공인시장진흥공단_상가업소정보
생활편의,문화체육,웰존헬스,35.1679900319674,128.988926996049,소상공인시장진흥공단_상가업소정보
음식점,음식점,호야오뎅,35.1274864195152,128.974339643063,소상공인시장진흥공단_상가업소정보
음식점,음식점,바담식당,35.194095993476,128.992823801482,소상공인시장진흥공단_상가업소정보
생활편의,소매,다판다아이스신라대점,35.172035414985,128.997739770651,소상공인시장진흥공단_상가업소정보
생활편의,소매,디어리틀,35.1643345532276,128.977721218153,소상공인시장진흥공단_상가업소정보
음식점,음식점,이화수전통육개장사상,35.1539556957266,128.99020921108,소상공인시장진흥공단_상가업소정보
생활편의,소매,지에스25괘법LH점,35.167075633398,128.980937275751,소상공인시장진흥공단_상가업소정보
생활편의,소매,하나마트,35.1555715076053,128.985102290584,소상공인시장진흥공단_상가업소정보
음식점,음식점,꼴통막창뒷고기,35.1572052575697,128.986041788845,소상공인시장진흥공단_상가업소정보
음식점,음식점,메가엠지씨커피부산사상산업단지점,35.1620620266628,128.978368507289,소상공인시장진흥공단_상가업소정보
음식점,음식점,하삼동커피,35.1282901464621,128.973130491574,소상공인시장진흥공단_상가업소정보
생활편의,소매,행텐주니어사상애플,35.1631457315728,128.980984606691,소상공인시장진흥공단_상가업소정보
생활편의,소매,다사랑온누리약국,35.1659693669644,128.983006530352,소상공인시장진흥공단_상가업소정보
음식점,음식점,워커힐식당,35.1647176593147,128.984600305699,소상공인시장진흥공단_상가업소정보
생활편의,소매,에이제이건강생활,35.1725157376234,128.982221664728,소상공인시장진흥공단_상가업소정보
생활편의,소매,아지오,35.1643345532276,128.977721218153,소상공인시장진흥공단_상가업소정보
음식점,음식점,전주명물콩나물국밥,35.1638501106433,128.983097730495,소상공인시장진흥공단_상가업소정보
음식점,음식점,희야네포차,35.1661695482976,128.983439390405,소상공인시장진흥공단_상가업소정보
음식점,음식점,청도통김밥,35.1547488756902,128.997316942161,소상공인시장진흥공단_상가업소정보
음식점,음식점,낙원분식,35.1556237910891,128.986310580421,소상공인시장진흥공단_상가업소정보
음식점,음식점,밥스캐더링,35.1263566207672,128.963453049117,소상공인시장진흥공단_상가업소정보
음식점,음식점,선한술집,35.1637352297671,128.98460935253,소상공인시장진흥공단_상가업소정보
생활편의,소매,분홍공주,35.1643345532276,128.977721218153,소상공인시장진흥공단_상가업소정보
생활편의,소매,아이린,35.1643345532276,128.977721218153,소상공인시장진흥공단_상가업소정보
음식점,음식점,다빈,35.1609830102948,128.980427361115,소상공인시장진흥공단_상가업소정보
생활편의,소매,유창주유소,35.1287981901927,128.969599657041,소상공인시장진흥공단_상가업소정보
생활편의,소매,오벨사상점,35.1510385805163,129.006431953038,소상공인시장진흥공단_상가업소정보
생활편의,보건의료,주례정치과의원,35.1501468916551,129.002591756509,소상공인시장진흥공단_상가업소정보
생활편의,소매,대우상회,35.1562872665432,128.98101578303,소상공인시장진흥공단_상가업소정보
생활편의,소매,클럽디테일링,35.1513970598538,128.973644478289,소상공인시장진흥공단_상가업소정보
생활편의,소매,농협유통하나로마트,35.1493392339988,129.01325869647,소상공인시장진흥공단_상가업소정보
음식점,음식점,수제만두,35.1721811168732,128.981192852015,소상공인시장진흥공단_상가업소정보
생활편의,문화체육,아이파크PC방,35.1639713745536,128.983396974066,소상공인시장진흥공단_상가업소정보
생활편의,소매,엄궁의류,35.1291823386211,128.972022174174,소상공인시장진흥공단_상가업소정보
음식점,음식점,흔한남매,35.1554688743285,128.979810863879,소상공인시장진흥공단_상가업소정보
음식점,음식점,컴포즈,35.1723921908439,128.983162529194,소상공인시장진흥공단_상가업소정보
생활편의,소매,롤로전자담배,35.140756363613,128.982888321469,소상공인시장진흥공단_상가업소정보
생활편의,소매,몸생바이오,35.1531914463287,128.98955418414,소상공인시장진흥공단_상가업소정보
생활편의,보건의료,참좋은내과의원,35.1858671691341,128.990701842583,소상공인시장진흥공단_상가업소정보
음식점,음식점,제일식당,35.1416927716715,128.977425518184,소상공인시장진흥공단_상가업소정보
생활편의,문화체육,수퍼짐,35.1534314832469,128.997965033604,소상공인시장진흥공단_상가업소정보
음식점,음식점,하동식당,35.1527629920059,128.977748288121,소상공인시장진흥공단_상가업소정보
음식점,음식점,용호성,35.1540533726973,128.980402003529,소상공인시장진흥공단_상가업소정보
음식점,음식점,꼼짱먹짱,35.1860235736521,128.989410374176,소상공인시장진흥공단_상가업소정보
생활편의,소매,과일가게,35.1702130868945,128.982505979157,소상공인시장진흥공단_상가업소정보
생활편의,소매,온플라워,35.1532763745884,128.981074441847,소상공인시장진흥공단_상가업소정보
생활편의,소매,반땅란제리,35.1696600483476,128.980506111513,소상공인시장진흥공단_상가업소정보
음식점,음식점,생생마을,35.1491524890167,129.001689624696,소상공인시장진흥공단_상가업소정보
음식점,음식점,주례뒷고기,35.1497257190437,129.000266326043,소상공인시장진흥공단_상가업소정보
음식점,음식점,장풍추어탕,35.1464748837634,128.994108456089,소상공인시장진흥공단_상가업소정보
생활편의,소매,지에스25신모라동원점,35.1854050495359,128.990855222013,소상공인시장진흥공단_상가업소정보
생활편의,문화체육,해피로pc방동서대점,35.146794010435,129.009696027758,소상공인시장진흥공단_상가업소정보
음식점,음식점,불타는토스트,35.1359685926594,128.975871880164,소상공인시장진흥공단_상가업소정보
음식점,음식점,바우네나주곰탕벤처타워모라점,35.1909037859807,128.984721162933,소상공인시장진흥공단_상가업소정보
생활편의,문화체육,에이로스포츠,35.1773005987169,128.984445216316,소상공인시장진흥공단_상가업소정보
생활편의,소매,타임리스,35.1643345532276,128.977721218153,소상공인시장진흥공단_상가업소정보
음식점,음식점,차돌풍부산신모라점,35.1857378205774,128.990347424675,소상공인시장진흥공단_상가업소정보
생활편의,소매,미락상회,35.1305124233891,128.968368479457,소상공인시장진흥공단_상가업소정보
생활편의,소매,신승푸드,35.1586613284552,128.985726046527,소상공인시장진흥공단_상가업소정보
음식점,음식점,멋쟁이토마토,35.1538891758622,128.99261060236,소상공인시장진흥공단_상가업소정보
음식점,음식점,신천막집,35.1542681897586,128.997502698247,소상공인시장진흥공단_상가업소정보
생활편의,소매,에스제이아이스크림,35.1291983130172,128.975466944171,소상공인시장진흥공단_상가업소정보
생활편의,소매,화이팅과일,35.1670028372867,128.984282714103,소상공인시장진흥공단_상가업소정보
음식점,음식점,힘쎈민물장어,35.1422886808723,128.988915722915,소상공인시장진흥공단_상가업소정보
음식점,음식점,청도민물장어,35.1494760444159,129.005011106156,소상공인시장진흥공단_상가업소정보
음식점,음식점,신풍아구찜,35.1888452546771,128.990445182491,소상공인시장진흥공단_상가업소정보
음식점,음식점,국제통닭,35.1476995202212,129.001270018077,소상공인시장진흥공단_상가업소정보
생활편의,소매,미도컴퍼니반에이크,35.1631457315728,128.980984606691,소상공인시장진흥공단_상가업소정보
음식점,음식점,새길면옥함흥냉면,35.1526205302074,129.000688318157,소상공인시장진흥공단_상가업소정보
생활편의,소매,미르,35.1643345532276,128.977721218153,소상공인시장진흥공단_상가업소정보
음식점,음식점,피자브로,35.1762380555268,128.989336486166,소상공인시장진흥공단_상가업소정보
음식점,음식점,이연식당,35.1924667191874,128.986131420146,소상공인시장진흥공단_상가업소정보
음식점,음식점,하모돈카츠,35.1652451774772,128.981002613009,소상공인시장진흥공단_상가업소정보
생활편의,소매,시골맛집,35.1708493428617,128.981072734265,소상공인시장진흥공단_상가업소정보
생활편의,소매,신용신발할인점,35.1720910351326,128.981190665941,소상공인시장진흥공단_상가업소정보
음식점,음식점,마이주께마이무라,35.1639030234092,128.98701673983,소상공인시장진흥공단_상가업소정보
생활편의,소매,테드부산,35.193978435022,128.98462031928,소상공인시장진흥공단_상가업소정보
생활편의,소매,빈스포츠마사지,35.1646410336142,128.983226678503,소상공인시장진흥공단_상가업소정보
생활편의,소매,디아샵,35.1721313755384,128.980928241685,소상공인시장진흥공단_상가업소정보
음식점,음식점,사랑떡방앗간,35.1477566995359,129.000536307177,소상공인시장진흥공단_상가업소정보
생활편의,소매,진미부식,35.1908266436508,128.991613241515,소상공인시장진흥공단_상가업소정보
음식점,음식점,허선장,35.1503393529896,129.011099885601,소상공인시장진흥공단_상가업소정보
생활편의,문화체육,장미노래연습장,35.1868267435084,128.988793285148,소상공인시장진흥공단_상가업소정보
생활편의,소매,도로시펫강아지고양이,35.1507267985193,129.009474566319,소상공인시장진흥공단_상가업소정보
음식점,음식점,고향아줌마식당,35.1548584089614,128.981321289836,소상공인시장진흥공단_상가업소정보
생활편의,보건의료,부산탑이비인후과의원,35.1500364370889,129.002731686749,소상공인시장진흥공단_상가업소정보
생활편의,소매,전경선수디자이너,35.1379384159311,128.978311071717,소상공인시장진흥공단_상가업소정보
음식점,음식점,커피계절,35.1898912627117,128.990953712007,소상공인시장진흥공단_상가업소정보
생활편의,소매,코너클로젯,35.1676344656967,128.983683490236,소상공인시장진흥공단_상가업소정보
음식점,음식점,파트너,35.1686500553902,128.980547460698,소상공인시장진흥공단_상가업소정보
음식점,음식점,역전할머니맥주학장점,35.1401573008679,128.98259951758,소상공인시장진흥공단_상가업소정보
생활편의,소매,경북상회,35.146784469809,128.982935840487,소상공인시장진흥공단_상가업소정보
생활편의,문화체육,벤처스크린골프,35.1909037859807,128.984721162933,소상공인시장진흥공단_상가업소정보
음식점,음식점,오케이도매횟집,35.1392093963528,128.979395020704,소상공인시장진흥공단_상가업소정보
음식점,음식점,미진축산,35.1285246472791,128.970349949771,소상공인시장진흥공단_상가업소정보
생활편의,소매,다이룸,35.1636650377898,128.987790101917,소상공인시장진흥공단_상가업소정보
음식점,음식점,연풍식당,35.1664139083856,128.981173632968,소상공인시장진흥공단_상가업소정보
음식점,음식점,가장맛있는족발,35.1497442307981,129.013290619744,소상공인시장진흥공단_상가업소정보
생활편의,소매,훈이네,35.1941470705417,128.984778115379,소상공인시장진흥공단_상가업소정보
음식점,음식점,도미노피자학장점,35.1510466025674,128.990105428777,소상공인시장진흥공단_상가업소정보
음식점,음식점,한솥도시락동서대점,35.1468130270481,129.010179248631,소상공인시장진흥공단_상가업소정보
생활편의,소매,사상가스상사,35.1598913415271,128.987654361474,소상공인시장진흥공단_상가업소정보
음식점,음식점,양통,35.1849533063227,128.993116405497,소상공인시장진흥공단_상가업소정보
음식점,음식점,만세푸드,35.150430466003,129.005605079569,소상공인시장진흥공단_상가업소정보
생활편의,소매,안경하우스,35.1926078539945,128.99289722593,소상공인시장진흥공단_상가업소정보
생활편의,문화체육,자유당구장,35.1497716309706,129.004030873008,소상공인시장진흥공단_상가업소정보
음식점,음식점,별궁노래방,35.1629025406454,128.985379236575,소상공인시장진흥공단_상가업소정보
음식점,음식점,명가식당,35.1710306467952,128.982108782217,소상공인시장진흥공단_상가업소정보
생활편의,소매,담꾹학장점,35.1390762918877,128.97981965445,소상공인시장진흥공단_상가업소정보
음식점,음식점,역전할머니맥주사상점,35.1644619949975,128.984253895459,소상공인시장진흥공단_상가업소정보
생활편의,소매,보디가드,35.1912947693919,128.988353316666,소상공인시장진흥공단_상가업소정보
생활편의,문화체육,스카이노래연습장,35.1698433323814,128.981421468062,소상공인시장진흥공단_상가업소정보
생활편의,소매,에이티케이브로스,35.175789884506,128.9831462925,소상공인시장진흥공단_상가업소정보
음식점,음식점,마이도,35.1500075578429,129.006110387288,소상공인시장진흥공단_상가업소정보
음식점,음식점,행복한집,35.1691752575029,128.980944316293,소상공인시장진흥공단_상가업소정보
생활편의,소매,씨유동서대점,35.1468583376439,129.010707003336,소상공인시장진흥공단_상가업소정보
생활편의,소매,시그니아독일보청기사상센터,35.1307314069442,128.972081473207,소상공인시장진흥공단_상가업소정보
음식점,음식점,푸드랑,35.1562551629208,128.983527820446,소상공인시장진흥공단_상가업소정보
생활편의,소매,스킨푸드,35.1884735269338,128.992225415616,소상공인시장진흥공단_상가업소정보
음식점,음식점,킹콩,35.1651423187339,128.981230575817,소상공인시장진흥공단_상가업소정보
생활편의,소매,다나은약국,35.1498889447557,129.007830092105,소상공인시장진흥공단_상가업소정보
생활편의,소매,오렌즈사상점,35.1625904917533,128.985174121384,소상공인시장진흥공단_상가업소정보
생활편의,소매,릴리,35.1643345532276,128.977721218153,소상공인시장진흥공단_상가업소정보
생활편의,소매,태양안전제화,35.1784812213231,128.984989791808,소상공인시장진흥공단_상가업소정보
생활편의,소매,제니스,35.1643345532276,128.977721218153,소상공인시장진흥공단_상가업소정보
생활편의,소매,베이프마스터사상점,35.1629601677363,128.984612465139,소상공인시장진흥공단_상가업소정보
생활편의,보건의료,감로수요양병원,35.1816659156935,128.992454367151,소상공인시장진흥공단_상가업소정보
생활편의,소매,일이오,35.1643345532276,128.977721218153,소상공인시장진흥공단_상가업소정보
생활편의,소매,느낌있는걸,35.1643345532276,128.977721218153,소상공인시장진흥공단_상가업소정보
음식점,음식점,동해물과해산물이,35.1558772462749,128.985142639099,소상공인시장진흥공단_상가업소정보
생활편의,소매,포근이,35.1475017335373,129.009406224561,소상공인시장진흥공단_상가업소정보
생활편의,문화체육,부산럭키멘토즈스터디카페,35.1500364370889,129.002731686749,소상공인시장진흥공단_상가업소정보
생활편의,보건의료,명진한의원,35.1500719166877,129.004400318018,소상공인시장진흥공단_상가업소정보
생활편의,소매,형제식품,35.1859193987075,128.991361734913,소상공인시장진흥공단_상가업소정보
음식점,음식점,야자숯생고기,35.1567003080104,128.982759542771,소상공인시장진흥공단_상가업소정보
음식점,음식점,돈천지,35.1563942990776,128.978878639917,소상공인시장진흥공단_상가업소정보
음식점,음식점,커피하우스4,35.1869982441005,128.98987322286,소상공인시장진흥공단_상가업소정보
음식점,음식점,경대컵밥동서대점,35.1466819914057,129.008299873519,소상공인시장진흥공단_상가업소정보
음식점,음식점,비에이치씨,35.1500691952283,129.011630868674,소상공인시장진흥공단_상가업소정보
음식점,음식점,이가우동신짬뽕,35.1643695549365,128.983845608258,소상공인시장진흥공단_상가업소정보
음식점,음식점,고성상회,35.1801368689727,128.983493390071,소상공인시장진흥공단_상가업소정보
생활편의,소매,외출준비,35.155835241855,128.98110357748,소상공인시장진흥공단_상가업소정보
음식점,음식점,고민석불오뎅떡볶이,35.1909037859807,128.984721162933,소상공인시장진흥공단_상가업소정보
음식점,음식점,선우정,35.1448823022012,128.987925584164,소상공인시장진흥공단_상가업소정보
생활편의,문화체육,피씨토랑,35.141131307217,128.988602314011,소상공인시장진흥공단_상가업소정보
생활편의,소매,공구드림,35.159757357537,128.980430562506,소상공인시장진흥공단_상가업소정보
음식점,음식점,쉽커피,35.1616024873403,128.985523211766,소상공인시장진흥공단_상가업소정보
음식점,음식점,감전대구뽈찜,35.1581046580845,128.987248766328,소상공인시장진흥공단_상가업소정보
음식점,음식점,꽃시장맛집,35.1303687095353,128.965008337155,소상공인시장진흥공단_상가업소정보
음식점,음식점,도노텀블농산물,35.1305124233891,128.968368479457,소상공인시장진흥공단_상가업소정보
생활편의,소매,꽃드림플라워,35.1902357774742,128.988086000496,소상공인시장진흥공단_상가업소정보
생활편의,소매,지에스25감전밸리점,35.1546532469759,128.98614433571,소상공인시장진흥공단_상가업소정보
생활편의,소매,웃딩통신마트,35.1725812786881,128.981520843756,소상공인시장진흥공단_상가업소정보
음식점,음식점,존가네사상점,35.1634351521653,128.988069828991,소상공인시장진흥공단_상가업소정보
음식점,음식점,류아포마라탕,35.1653966422345,128.983310874777,소상공인시장진흥공단_상가업소정보
음식점,음식점,이디야홈플러스서,35.1643345532276,128.977721218153,소상공인시장진흥공단_상가업소정보
음식점,음식점,불오뎅,35.1704627091686,128.981019453031,소상공인시장진흥공단_상가업소정보
생활편의,소매,휠라애플아울렛,35.1631457315728,128.980984606691,소상공인시장진흥공단_상가업소정보
음식점,음식점,경영관식당,35.1461353881176,129.007024708599,소상공인시장진흥공단_상가업소정보
음식점,음식점,영쑤기네호프,35.1690347827239,128.981818885455,소상공인시장진흥공단_상가업소정보
생활편의,소매,광토원,35.1328768728322,128.965386743731,소상공인시장진흥공단_상가업소정보
음식점,음식점,명랑시대쌀핫도그신모라점,35.1850978569207,128.991451454292,소상공인시장진흥공단_상가업소정보
생활편의,소매,부산24시열쇠조은특수열쇠,35.1711117113556,128.988157968618,소상공인시장진흥공단_상가업소정보
음식점,음식점,육일식당,35.1501187042302,129.004840350603,소상공인시장진흥공단_상가업소정보
음식점,음식점,스시선서,35.1868267435084,128.988793285148,소상공인시장진흥공단_상가업소정보
음식점,음식점,위더스개발,35.1654686535799,128.988810711181,소상공인시장진흥공단_상가업소정보
생활편의,소매,대도하이젠,35.1458600448377,128.987653136066,소상공인시장진흥공단_상가업소정보
생활편의,소매,언니네철물점,35.159757357537,128.980430562506,소상공인시장진흥공단_상가업소정보
생활편의,소매,까비,35.1643345532276,128.977721218153,소상공인시장진흥공단_상가업소정보
생활편의,소매,보물창고,35.1643345532276,128.977721218153,소상공인시장진흥공단_상가업소정보
음식점,음식점,커피베이,35.1912383076868,128.991787956565,소상공인시장진흥공단_상가업소정보
생활편의,소매,금찌,35.1643345532276,128.977721218153,소상공인시장진흥공단_상가업소정보
생활편의,소매,굿피트환국대리점,35.1939320153739,128.99347847806,소상공인시장진흥공단_상가업소정보
생활편의,소매,씨유덕포덕상로점,35.1766425134734,128.989950008124,소상공인시장진흥공단_상가업소정보
생활편의,소매,르네시떼물류,35.1643345532276,128.977721218153,소상공인시장진흥공단_상가업소정보
음식점,음식점,옛날포차,35.1480702200862,129.000105108874,소상공인시장진흥공단_상가업소정보
음식점,음식점,돼지꼬리,35.1531201553117,128.994983860905,소상공인시장진흥공단_상가업소정보
생활편의,소매,더블엠비,35.1643345532276,128.977721218153,소상공인시장진흥공단_상가업소정보
음식점,음식점,단골,35.1657571725473,128.983857370525,소상공인시장진흥공단_상가업소정보
음식점,음식점,콩밭,35.1729645386856,128.979576552306,소상공인시장진흥공단_상가업소정보
음식점,음식점,불막열삼,35.1304310990353,128.972260712491,소상공인시장진흥공단_상가업소정보
음식점,음식점,청춘노가리,35.1691376095661,128.981042175465,소상공인시장진흥공단_상가업소정보
음식점,음식점,푸라닭부산엄궁학장점,35.1401573008679,128.98259951758,소상공인시장진흥공단_상가업소정보
생활편의,소매,캐릭터천국,35.183118060012,128.991282396829,소상공인시장진흥공단_상가업소정보
음식점,음식점,오르디,35.1397365325779,128.979122545667,소상공인시장진흥공단_상가업소정보
음식점,음식점,옛날삼겹,35.1492095232216,129.011302487977,소상공인시장진흥공단_상가업소정보
음식점,음식점,이담에도칼국수,35.1534807860112,128.998800155903,소상공인시장진흥공단_상가업소정보
음식점,음식점,레스토랑36,35.1865189999261,128.99052015846,소상공인시장진흥공단_상가업소정보
음식점,음식점,곰보식당,35.131809414127,128.967302728938,소상공인시장진흥공단_상가업소정보
생활편의,소매,마인,35.1643345532276,128.977721218153,소상공인시장진흥공단_상가업소정보
생활편의,문화체육,프라임당구클럽,35.1413403659313,128.984646876573,소상공인시장진흥공단_상가업소정보
음식점,음식점,와와양꼬치,35.1396288869265,128.980195074325,소상공인시장진흥공단_상가업소정보
생활편의,소매,보민당약국,35.1559823755541,128.983126170247,소상공인시장진흥공단_상가업소정보
생활편의,문화체육,알파당구장,35.1722596773504,128.985749444144,소상공인시장진흥공단_상가업소정보
음식점,음식점,필,35.1645426869025,128.983729099027,소상공인시장진흥공단_상가업소정보
생활편의,소매,감전재활용,35.1562612701485,128.983154886949,소상공인시장진흥공단_상가업소정보
생활편의,소매,이마트사상점아모레화장품,35.1642343045877,128.978893016647,소상공인시장진흥공단_상가업소정보
생활편의,소매,마르비,35.1643345532276,128.977721218153,소상공인시장진흥공단_상가업소정보
음식점,음식점,커피하우스5,35.1340918252249,128.967708691387,소상공인시장진흥공단_상가업소정보
음식점,음식점,고래가라오케,35.1614004748062,128.984102695653,소상공인시장진흥공단_상가업소정보
생활편의,소매,모라모바일,35.1873657614152,128.990540815692,소상공인시장진흥공단_상가업소정보
생활편의,소매,와이,35.1567758411277,128.983650194324,소상공인시장진흥공단_상가업소정보
음식점,음식점,언벤트커피,35.1616847349942,128.983253651054,소상공인시장진흥공단_상가업소정보
음식점,음식점,투썸플레이스주례역점,35.1504238188257,129.005462278337,소상공인시장진흥공단_상가업소정보
생활편의,소매,길모퉁이,35.1912340555911,128.988209126926,소상공인시장진흥공단_상가업소정보
음식점,음식점,가장맛있는족발족과의동침,35.1291626197196,128.97267986121,소상공인시장진흥공단_상가업소정보
생활편의,소매,탑훼미리마트,35.1546538503003,129.010141742077,소상공인시장진흥공단_상가업소정보
음식점,음식점,나우커피부산시,35.1289694612894,128.975132335082,소상공인시장진흥공단_상가업소정보
음식점,음식점,원조할매국밥,35.1748026438674,128.984549121535,소상공인시장진흥공단_상가업소정보
음식점,음식점,거상수육돼지국밥,35.1743937465131,128.98200385562,소상공인시장진흥공단_상가업소정보
음식점,음식점,대왕불맛,35.1761360752934,128.990058393948,소상공인시장진흥공단_상가업소정보
생활편의,소매,온정약국,35.1501468916551,129.002591756509,소상공인시장진흥공단_상가업소정보
생활편의,소매,빛나해물,35.1711243198755,128.981891556476,소상공인시장진흥공단_상가업소정보
음식점,음식점,촛불노래주점,35.1550837155778,128.980218497405,소상공인시장진흥공단_상가업소정보
생활편의,소매,바른마트,35.1661569880695,128.984756004131,소상공인시장진흥공단_상가업소정보
생활편의,소매,부산애플점발렌시아,35.1631457315728,128.980984606691,소상공인시장진흥공단_상가업소정보
음식점,음식점,정아상회,35.1488059315208,128.995931829626,소상공인시장진흥공단_상가업소정보
음식점,음식점,1984반찬,35.148521367026,129.010956392042,소상공인시장진흥공단_상가업소정보
음식점,음식점,김해치킨,35.1711243198755,128.981891556476,소상공인시장진흥공단_상가업소정보
생활편의,소매,성안의료기,35.1854567799348,128.986059573681,소상공인시장진흥공단_상가업소정보
생활편의,소매,사상애플아울렛비비안,35.1631457315728,128.980984606691,소상공인시장진흥공단_상가업소정보
생활편의,소매,한국부적협회,35.1549283446352,128.992987078862,소상공인시장진흥공단_상가업소정보
음식점,음식점,유돈노돈까스,35.1515040246837,128.991334500178,소상공인시장진흥공단_상가업소정보
음식점,음식점,이디야커피부산사상점,35.1275926627189,128.968364011655,소상공인시장진흥공단_상가업소정보
생활편의,소매,무지개페인트,35.1659584805416,128.985870557226,소상공인시장진흥공단_상가업소정보
생활편의,소매,대호이앤지디에이치마트사상점,35.1616142084671,128.985907576522,소상공인시장진흥공단_상가업소정보
음식점,음식점,반도식당,35.1372845009194,128.97917288247,소상공인시장진흥공단_상가업소정보
음식점,음식점,불숯불숯숯불두마리치킨,35.1485146875721,129.012986026806,소상공인시장진흥공단_상가업소정보
생활편의,소매,대원석유상사,35.1912082743461,128.985387232204,소상공인시장진흥공단_상가업소정보
생활편의,소매,아이티비즈니스,35.1324996920965,128.973067528907,소상공인시장진흥공단_상가업소정보
음식점,음식점,똥술포차,35.1393393228384,128.979716318108,소상공인시장진흥공단_상가업소정보
생활편의,문화체육,엄지척닷컴개인미니편의점,35.1413628470869,128.983824598297,소상공인시장진흥공단_상가업소정보
음식점,음식점,팡팡단란주점,35.1629025406454,128.985379236575,소상공인시장진흥공단_상가업소정보
생활편의,문화체육,쿠키피시카페,35.1468583376439,129.010707003336,소상공인시장진흥공단_상가업소정보
생활편의,소매,빈스모터스&타이어오토,35.1707504852115,128.98820404673,소상공인시장진흥공단_상가업소정보
생활편의,소매,밀양건어물,35.1712394200004,128.981466325078,소상공인시장진흥공단_상가업소정보
음식점,음식점,비비푸드,35.1502343361981,129.011997014485,소상공인시장진흥공단_상가업소정보
음식점,음식점,카페올리브,35.16709163943,128.983812970762,소상공인시장진흥공단_상가업소정보
생활편의,소매,궁전조명,35.1782171196905,128.985707781205,소상공인시장진흥공단_상가업소정보
음식점,음식점,어벤더치동서대점,35.1462038366831,129.008332008525,소상공인시장진흥공단_상가업소정보
생활편의,소매,토니모리사상점,35.1286093546013,128.96846526974,소상공인시장진흥공단_상가업소정보
음식점,음식점,캐슬스타일,35.1824985190343,128.981256694718,소상공인시장진흥공단_상가업소정보
음식점,음식점,제이네이션주례,35.1501929396372,129.011776552823,소상공인시장진흥공단_상가업소정보
음식점,음식점,만복국수집사상점,35.1634804841749,128.984756797216,소상공인시장진흥공단_상가업소정보
음식점,음식점,산골,35.1511904285973,128.995057435386,소상공인시장진흥공단_상가업소정보
생활편의,소매,문룸,35.1643345532276,128.977721218153,소상공인시장진흥공단_상가업소정보
음식점,음식점,원조옛날통닭,35.189670376116,128.991233735953,소상공인시장진흥공단_상가업소정보
음식점,음식점,60계치킨모라점,35.1909134928148,128.99126407723,소상공인시장진흥공단_상가업소정보
음식점,음식점,박가네시장국밥,35.1876275643818,128.986672249738,소상공인시장진흥공단_상가업소정보
음식점,음식점,이바구국밥,35.1516560672856,129.011582161488,소상공인시장진흥공단_상가업소정보
생활편의,소매,바니,35.1643345532276,128.977721218153,소상공인시장진흥공단_상가업소정보
생활편의,문화체육,크로스핏빡짐,35.1690227194633,128.979250508854,소상공인시장진흥공단_상가업소정보
생활편의,소매,부국한돈점,35.1568009691177,128.985966120863,소상공인시장진흥공단_상가업소정보
음식점,음식점,이가돈통,35.1404949731528,128.988937899548,소상공인시장진흥공단_상가업소정보
음식점,음식점,서울떡집,35.1712192493333,128.981597535657,소상공인시장진흥공단_상가업소정보
생활편의,소매,용마주유소,35.1512829271943,129.008544629484,소상공인시장진흥공단_상가업소정보
음식점,음식점,큰사람유통24장수촌순대돼지국밥,35.1687348197058,128.981976224769,소상공인시장진흥공단_상가업소정보
생활편의,소매,하이눈안경원,35.1947084884068,128.993936579789,소상공인시장진흥공단_상가업소정보
생활편의,소매,밀양건강원,35.1708493428617,128.981072734265,소상공인시장진흥공단_상가업소정보
음식점,음식점,해돋이아구찜,35.1628014990612,128.986594879509,소상공인시장진흥공단_상가업소정보
생활편의,소매,명품구제,35.1888452546771,128.990445182491,소상공인시장진흥공단_상가업소정보
생활편의,소매,신화뷰티,35.1278027351186,128.970409339526,소상공인시장진흥공단_상가업소정보
음식점,음식점,수산국수,35.1604769681724,128.984365573348,소상공인시장진흥공단_상가업소정보
음식점,음식점,남도추어탕,35.1546546699184,128.99701837472,소상공인시장진흥공단_상가업소정보
음식점,음식점,소화식당,35.1503269427211,129.012931925986,소상공인시장진흥공단_상가업소정보
생활편의,소매,아이더애플,35.1631457315728,128.980984606691,소상공인시장진흥공단_상가업소정보
음식점,음식점,정직유부사상점,35.1690240924808,128.980819926865,소상공인시장진흥공단_상가업소정보
생활편의,소매,사상에너지,35.1727945053303,128.977849318328,소상공인시장진흥공단_상가업소정보
생활편의,소매,로고스컴,35.159757357537,128.980430562506,소상공인시장진흥공단_상가업소정보
음식점,음식점,와플대학주례캠퍼스,35.1500003889975,129.012517913658,소상공인시장진흥공단_상가업소정보
음식점,음식점,보광상회,35.1475291868272,128.979278350945,소상공인시장진흥공단_상가업소정보
생활편의,문화체육,하나,35.1604769681724,128.984365573348,소상공인시장진흥공단_상가업소정보
음식점,음식점,함안식당,35.150023442132,128.991495913277,소상공인시장진흥공단_상가업소정보
음식점,음식점,선우수육돼지국밥,35.1713702338015,128.981732900703,소상공인시장진흥공단_상가업소정보
음식점,음식점,써니즈,35.1653881970248,128.983826458059,소상공인시장진흥공단_상가업소정보
생활편의,소매,세븐일레븐부산주례,35.1478431278843,129.010555687228,소상공인시장진흥공단_상가업소정보
생활편의,문화체육,써니노래연습장,35.1267780946013,128.969134177613,소상공인시장진흥공단_상가업소정보
음식점,음식점,걸스,35.1501953077812,129.011633973652,소상공인시장진흥공단_상가업소정보
생활편의,소매,그레이트,35.159757357537,128.980430562506,소상공인시장진흥공단_상가업소정보
생활편의,문화체육,케이당구클럽,35.1658960168523,128.98253285457,소상공인시장진흥공단_상가업소정보
생활편의,문화체육,솔잎노래연습장,35.1918016643112,128.9920541995,소상공인시장진흥공단_상가업소정보
생활편의,소매,엄궁스포츠,35.1291886263792,128.974402680855,소상공인시장진흥공단_상가업소정보
생활편의,문화체육,행복골프훈련소,35.1499901600858,129.005528438837,소상공인시장진흥공단_상가업소정보
음식점,음식점,호식이두마리치킨,35.1494809544328,129.014491053898,소상공인시장진흥공단_상가업소정보
생활편의,소매,라라골드,35.1643345532276,128.977721218153,소상공인시장진흥공단_상가업소정보
생활편의,문화체육,모라행운로또,35.1886600257299,128.991296895972,소상공인시장진흥공단_상가업소정보
생활편의,문화체육,토토노래연습장,35.1293402113626,128.971181337602,소상공인시장진흥공단_상가업소정보
생활편의,소매,개성시대,35.1723904364075,128.984369754513,소상공인시장진흥공단_상가업소정보
음식점,음식점,주례수육,35.1496708418237,129.004675752481,소상공인시장진흥공단_상가업소정보
음식점,음식점,포장집,35.1886283660733,128.986641732016,소상공인시장진흥공단_상가업소정보
음식점,음식점,시골보리밥,35.1586168101222,128.985143379021,소상공인시장진흥공단_상가업소정보
생활편의,보건의료,채움치과의원,35.1615702130193,128.984743294155,소상공인시장진흥공단_상가업소정보
음식점,음식점,빵장수단팥빵사상점,35.1645426869025,128.983729099027,소상공인시장진흥공단_상가업소정보
생활편의,소매,트로디,35.1643345532276,128.977721218153,소상공인시장진흥공단_상가업소정보
음식점,음식점,오리명가,35.1635901832058,128.980808830132,소상공인시장진흥공단_상가업소정보
음식점,음식점,호송식당,35.1543323789271,128.982076623518,소상공인시장진흥공단_상가업소정보
음식점,음식점,싸이,35.1670800667277,128.982868886957,소상공인시장진흥공단_상가업소정보
생활편의,소매,고려가연,35.1643345532276,128.977721218153,소상공인시장진흥공단_상가업소정보
음식점,음식점,카페309,35.1723620304085,128.981702099958,소상공인시장진흥공단_상가업소정보
음식점,음식점,로야푸드,35.1550019687518,128.978603509329,소상공인시장진흥공단_상가업소정보
음식점,음식점,밥집,35.1528919989817,129.008244041345,소상공인시장진흥공단_상가업소정보
생활편의,소매,학장아이비젼,35.1386855625739,128.978362066091,소상공인시장진흥공단_상가업소정보
음식점,음식점,수연이네,35.1488297985993,128.999948150583,소상공인시장진흥공단_상가업소정보
음식점,음식점,올래포차,35.1689008202446,128.98339599008,소상공인시장진흥공단_상가업소정보
생활편의,소매,미스터모바일,35.1723921908439,128.983162529194,소상공인시장진흥공단_상가업소정보
생활편의,소매,두배로마트,35.1658960168523,128.98253285457,소상공인시장진흥공단_상가업소정보
생활편의,소매,현대정비사상협동조합,35.1257339221618,128.968505744599,소상공인시장진흥공단_상가업소정보
음식점,음식점,해뜰날코다리,35.1284576572448,128.969481761909,소상공인시장진흥공단_상가업소정보
음식점,음식점,압구정봉구비어,35.1496527201364,129.012289909368,소상공인시장진흥공단_상가업소정보
생활편의,보건의료,토닥토닥한의원,35.1625611116756,128.984767375224,소상공인시장진흥공단_상가업소정보
음식점,음식점,돈쌈밥,35.1913626886016,128.988607459319,소상공인시장진흥공단_상가업소정보
음식점,음식점,사상코다리,35.1626739194398,128.985582181857,소상공인시장진흥공단_상가업소정보
음식점,음식점,투썸플레이스부산백양대로점,35.1655488246508,128.98941624642,소상공인시장진흥공단_상가업소정보
생활편의,소매,참선진녹즙사상지사2,35.1722596773504,128.985749444144,소상공인시장진흥공단_상가업소정보
생활편의,소매,깔지니르네시떼,35.1643345532276,128.977721218153,소상공인시장진흥공단_상가업소정보
음식점,음식점,나봉스도시락,35.1749213846774,128.98500200384,소상공인시장진흥공단_상가업소정보
생활편의,소매,정교육,35.1751763612901,128.988685007052,소상공인시장진흥공단_상가업소정보
음식점,음식점,꼬지와친구들&비어,35.1278804607333,128.974491756304,소상공인시장진흥공단_상가업소정보
생활편의,문화체육,히트노래연습장,35.1244008991542,128.970678376414,소상공인시장진흥공단_상가업소정보
생활편의,소매,휘황부산,35.1639659777705,128.980422879901,소상공인시장진흥공단_상가업소정보
생활편의,소매,에스케이티감전점,35.1572052575697,128.986041788845,소상공인시장진흥공단_상가업소정보
음식점,음식점,주홍불,35.1641903314197,128.984883789898,소상공인시장진흥공단_상가업소정보
생활편의,소매,골드라벨,35.1643345532276,128.977721218153,소상공인시장진흥공단_상가업소정보
생활편의,문화체육,트랜스바디짐,35.1550739912469,129.013059864503,소상공인시장진흥공단_상가업소정보
음식점,음식점,팔팔한우,35.1944942829285,128.993810584403,소상공인시장진흥공단_상가업소정보
생활편의,문화체육,윙크노래연습장,35.1722307626146,128.983114707214,소상공인시장진흥공단_상가업소정보
생활편의,문화체육,PS스포츠,35.1531372990179,129.01463607214,소상공인시장진흥공단_상가업소정보
음식점,음식점,삼겹나라,35.1725184314339,128.982057102376,소상공인시장진흥공단_상가업소정보
음식점,음식점,미스터스시,35.1631457315728,128.980984606691,소상공인시장진흥공단_상가업소정보
음식점,음식점,강강칼국수,35.1722805841692,128.98612310755,소상공인시장진흥공단_상가업소정보
음식점,음식점,청아대식당,35.146901832386,129.009172039069,소상공인시장진흥공단_상가업소정보
생활편의,소매,골드랑,35.1643345532276,128.977721218153,소상공인시장진흥공단_상가업소정보
생활편의,소매,더쿠키,35.1643345532276,128.977721218153,소상공인시장진흥공단_상가업소정보
생활편의,소매,오드리,35.1643345532276,128.977721218153,소상공인시장진흥공단_상가업소정보
음식점,음식점,석청어묵카페,35.1501513045501,129.003414774253,소상공인시장진흥공단_상가업소정보
생활편의,소매,쁘띠랜드,35.1643345532276,128.977721218153,소상공인시장진흥공단_상가업소정보
생활편의,소매,신앙촌상회,35.1291236480733,128.972305962418,소상공인시장진흥공단_상가업소정보
생활편의,소매,다비치안경사상,35.1642343045877,128.978893016647,소상공인시장진흥공단_상가업소정보
음식점,음식점,투썸플레이스부산동서대점,35.1496865656232,129.012422407453,소상공인시장진흥공단_상가업소정보
음식점,음식점,앙큼,35.1697209873978,128.981188027957,소상공인시장진흥공단_상가업소정보
음식점,음식점,조선화로집모라점,35.1900410203968,128.988421557991,소상공인시장진흥공단_상가업소정보
음식점,음식점,함지박,35.1320123521558,128.973110617116,소상공인시장진흥공단_상가업소정보
음식점,음식점,더오뎅,35.1543169146723,128.996187165409,소상공인시장진흥공단_상가업소정보
음식점,음식점,"괘법동,그집",35.1600961886305,128.987802002118,소상공인시장진흥공단_상가업소정보
생활편의,소매,에프에이치컴퍼니,35.1631457315728,128.980984606691,소상공인시장진흥공단_상가업소정보
생활편의,소매,남해사천서포총각,35.1711988989812,128.981739716813,소상공인시장진흥공단_상가업소정보
생활편의,소매,휴대폰아울렛,35.1288185326873,128.970565448539,소상공인시장진흥공단_상가업소정보
생활편의,소매,WA타이어,35.1765543774825,128.984888054664,소상공인시장진흥공단_상가업소정보
생활편의,소매,비엑스상사,35.159757357537,128.980430562506,소상공인시장진흥공단_상가업소정보
음식점,음식점,홍단노래방,35.1621034730049,128.980794718478,소상공인시장진흥공단_상가업소정보
생활편의,소매,메인,35.1643345532276,128.977721218153,소상공인시장진흥공단_상가업소정보
생활편의,소매,신설기공사,35.1560382032635,128.989612543202,소상공인시장진흥공단_상가업소정보
음식점,음식점,광덕상회,35.1775180678407,128.978314998499,소상공인시장진흥공단_상가업소정보
생활편의,소매,구인얼음,35.1874513460681,128.985328742349,소상공인시장진흥공단_상가업소정보
생활편의,소매,덕포즉석반찬,35.1714402925422,128.981306574716,소상공인시장진흥공단_상가업소정보
음식점,음식점,써브웨이부산사상점,35.1639713745536,128.983396974066,소상공인시장진흥공단_상가업소정보
음식점,음식점,콩콩설기,35.1399707845671,128.981881891038,소상공인시장진흥공단_상가업소정보
음식점,음식점,안쪽쪽갈비,35.1659520944434,128.983510928597,소상공인시장진흥공단_상가업소정보
음식점,음식점,어게인1984,35.1857235923255,128.990116561797,소상공인시장진흥공단_상가업소정보
생활편의,소매,메인,35.1643345532276,128.977721218153,소상공인시장진흥공단_상가업소정보
음식점,음식점,광림상회,35.1780008650947,128.980203584079,소상공인시장진흥공단_상가업소정보
음식점,음식점,동양상회,35.1405128864212,128.971856670135,소상공인시장진흥공단_상가업소정보
음식점,음식점,세븐치킨앤버거야,35.1499856017772,129.016116391573,소상공인시장진흥공단_상가업소정보
생활편의,문화체육,신모라휘트니스,35.1851524863535,128.994701938218,소상공인시장진흥공단_상가업소정보
음식점,음식점,오공복이,35.1631934812612,128.984673004613,소상공인시장진흥공단_상가업소정보
생활편의,소매,영진앵글사다리,35.156125762887,128.989219649205,소상공인시장진흥공단_상가업소정보
음식점,음식점,양푼이동태찌개,35.1804269800591,128.985037114864,소상공인시장진흥공단_상가업소정보
음식점,음식점,감전인생술집,35.1562893429919,128.982541080553,소상공인시장진흥공단_상가업소정보
생활편의,소매,이니팜,35.1643345532276,128.977721218153,소상공인시장진흥공단_상가업소정보
음식점,음식점,태양주막,35.185258520419,128.992640878049,소상공인시장진흥공단_상가업소정보
음식점,음식점,산호커피숍,35.1746880552052,128.984392679161,소상공인시장진흥공단_상가업소정보
생활편의,소매,르네아트,35.1643345532276,128.977721218153,소상공인시장진흥공단_상가업소정보
음식점,음식점,문브레드,35.152345220948,128.996073154196,소상공인시장진흥공단_상가업소정보
생활편의,소매,행운축산,35.1873452381724,128.98575427025,소상공인시장진흥공단_상가업소정보
생활편의,소매,거대비투비,35.159757357537,128.980430562506,소상공인시장진흥공단_상가업소정보
음식점,음식점,엄마손칼국수,35.183345892105,128.993318630753,소상공인시장진흥공단_상가업소정보
생활편의,소매,천냥마트,35.1555707743955,128.981294675994,소상공인시장진흥공단_상가업소정보
생활편의,소매,시우네금방,35.1643345532276,128.977721218153,소상공인시장진흥공단_상가업소정보
음식점,음식점,어흥떡카페,35.1306902780837,128.972947078153,소상공인시장진흥공단_상가업소정보
음식점,음식점,문어야,35.1897390274038,128.99089510954,소상공인시장진흥공단_상가업소정보
생활편의,문화체육,제이에스컴패니양사장베이스볼센터,35.1565113074248,128.988241466529,소상공인시장진흥공단_상가업소정보
음식점,음식점,로메인,35.1645422207853,128.985956830913,소상공인시장진흥공단_상가업소정보
생활편의,문화체육,오페라노래연습장,35.149940181227,129.008544536881,소상공인시장진흥공단_상가업소정보
음식점,음식점,정원오리촌엄궁,35.1269502220037,128.965748873396,소상공인시장진흥공단_상가업소정보
음식점,음식점,원조안동찜닭,35.1404949731528,128.988937899548,소상공인시장진흥공단_상가업소정보
생활편의,문화체육,찬란한PC방,35.1636487433211,128.984387771042,소상공인시장진흥공단_상가업소정보
생활편의,소매,컬럼비아,35.1631457315728,128.980984606691,소상공인시장진흥공단_상가업소정보
음식점,음식점,바로바로도매횟집,35.1654765189028,128.981183813001,소상공인시장진흥공단_상가업소정보
생활편의,소매,구상,35.1328768728322,128.965386743731,소상공인시장진흥공단_상가업소정보
생활편의,소매,노블에이,35.1643345532276,128.977721218153,소상공인시장진흥공단_상가업소정보
음식점,음식점,빙고,35.1615284862429,128.982339039399,소상공인시장진흥공단_상가업소정보
생활편의,소매,모모,35.1643345532276,128.977721218153,소상공인시장진흥공단_상가업소정보
음식점,음식점,상구야치킨카페,35.1877538616042,128.988310931227,소상공인시장진흥공단_상가업소정보
음식점,음식점,가야정,35.1572781434151,128.983794069907,소상공인시장진흥공단_상가업소정보
생활편의,소매,올리브영경남정보대점,35.1493501703153,129.012600646092,소상공인시장진흥공단_상가업소정보
생활편의,소매,씨유주례,35.1547180388185,129.003548708922,소상공인시장진흥공단_상가업소정보
생활편의,소매,푸드드림,35.1532763745884,128.981074441847,소상공인시장진흥공단_상가업소정보
음식점,음식점,칠전팔기감자탕,35.1697167106774,128.982000059979,소상공인시장진흥공단_상가업소정보
생활편의,소매,브엘로,35.1539556957266,128.99020921108,소상공인시장진흥공단_상가업소정보
음식점,음식점,대한민국특수임무유공자회,35.1528919989817,129.008244041345,소상공인시장진흥공단_상가업소정보
음식점,음식점,선우정짜장짬뽕과닭한마리,35.1448480693271,128.98781503694,소상공인시장진흥공단_상가업소정보
생활편의,소매,이옷니옷,35.1643345532276,128.977721218153,소상공인시장진흥공단_상가업소정보
생활편의,소매,원푸드,35.1658469644536,128.986076356497,소상공인시장진흥공단_상가업소정보
생활편의,문화체육,세원탁구클럽,35.1404949731528,128.988937899548,소상공인시장진흥공단_상가업소정보
생활편의,문화체육,타임노래뮤비방,35.1874915139854,128.990565837934,소상공인시장진흥공단_상가업소정보
생활편의,소매,에이치스토리,35.1643345532276,128.977721218153,소상공인시장진흥공단_상가업소정보
음식점,음식점,낙원떡집,35.15886567168,128.987552588258,소상공인시장진흥공단_상가업소정보
생활편의,소매,텔레게이트,35.1624839786039,128.978466519488,소상공인시장진흥공단_상가업소정보
생활편의,문화체육,아리랑노래연습장,35.1920464071745,128.988130124933,소상공인시장진흥공단_상가업소정보
음식점,음식점,바바에프앤비,35.1224159298836,128.973592036177,소상공인시장진흥공단_상가업소정보
생활편의,소매,광신낙동대로주유소,35.144000253331,128.969099223661,소상공인시장진흥공단_상가업소정보
생활편의,문화체육,애플노래연습장,35.1497501394757,129.01347729019,소상공인시장진흥공단_상가업소정보
음식점,음식점,진주상회,35.1898711385801,128.981194212928,소상공인시장진흥공단_상가업소정보
음식점,음식점,화오뎅떡볶이냉정점,35.1485146875721,129.012986026806,소상공인시장진흥공단_상가업소정보
음식점,음식점,골든벨노래방,35.1639589272926,128.983056476836,소상공인시장진흥공단_상가업소정보
음식점,음식점,놀부주방,35.1366628826388,128.992355168113,소상공인시장진흥공단_상가업소정보
생활편의,소매,냉정폰마트,35.1493501703153,129.012600646092,소상공인시장진흥공단_상가업소정보
생활편의,소매,르네에몬스,35.1643345532276,128.977721218153,소상공인시장진흥공단_상가업소정보
생활편의,소매,피쪼-모나,35.1643345532276,128.977721218153,소상공인시장진흥공단_상가업소정보
생활편의,소매,이마트24사상,35.1611861796744,128.988377213103,소상공인시장진흥공단_상가업소정보
생활편의,문화체육,별천지노래연습장,35.1581108947538,128.984670207417,소상공인시장진흥공단_상가업소정보
생활편의,소매,아토,35.1643345532276,128.977721218153,소상공인시장진흥공단_상가업소정보
음식점,음식점,오늘김해뒷고기,35.1497513399936,129.012862884928,소상공인시장진흥공단_상가업소정보
생활편의,문화체육,네오PC까페,35.1690488886384,128.979854752977,소상공인시장진흥공단_상가업소정보
생활편의,소매,씨에스제이텔레콤,35.1725492269033,128.981827371089,소상공인시장진흥공단_상가업소정보
음식점,음식점,대게&홍게게판20분,35.1486525783732,128.999219665244,소상공인시장진흥공단_상가업소정보
음식점,음식점,이가우동신짬뽕,35.1550715630814,128.985364462506,소상공인시장진흥공단_상가업소정보
음식점,음식점,이루다식당,35.1867202694421,128.98704533371,소상공인시장진흥공단_상가업소정보
음식점,음식점,일번지커피,35.1871076206215,128.987603623653,소상공인시장진흥공단_상가업소정보
음식점,음식점,더끌림분식,35.1747100988175,128.989090715591,소상공인시장진흥공단_상가업소정보
생활편의,문화체육,발리노래연습장,35.1855904682673,128.986699489785,소상공인시장진흥공단_상가업소정보
생활편의,보건의료,삼성본정형외과의원,35.1500364370889,129.002731686749,소상공인시장진흥공단_상가업소정보
생활편의,소매,21세기,35.1643345532276,128.977721218153,소상공인시장진흥공단_상가업소정보
음식점,음식점,장흥횟집,35.1690347827239,128.981818885455,소상공인시장진흥공단_상가업소정보
생활편의,소매,라벨르,35.1643345532276,128.977721218153,소상공인시장진흥공단_상가업소정보
음식점,음식점,통통카츠,35.1840143966633,128.989932180033,소상공인시장진흥공단_상가업소정보
생활편의,소매,광명종합상사,35.159757357537,128.980430562506,소상공인시장진흥공단_상가업소정보
음식점,음식점,포항물회포항회집,35.167195139768,128.981894953798,소상공인시장진흥공단_상가업소정보
생활편의,소매,부산밧데리,35.1495348019439,128.971789096008,소상공인시장진흥공단_상가업소정보
음식점,음식점,토종한우마을,35.1653626596204,128.978777695154,소상공인시장진흥공단_상가업소정보
음식점,음식점,곰보네윗마당,35.1965571270284,128.987833865732,소상공인시장진흥공단_상가업소정보
음식점,음식점,엉클비어모라점,35.1843609156934,128.993519052904,소상공인시장진흥공단_상가업소정보
생활편의,소매,디토,35.1643345532276,128.977721218153,소상공인시장진흥공단_상가업소정보
생활편의,소매,레드페이스홈플러스서,35.1643345532276,128.977721218153,소상공인시장진흥공단_상가업소정보
생활편의,소매,믹스,35.1643345532276,128.977721218153,소상공인시장진흥공단_상가업소정보
음식점,음식점,오타루,35.1540170789937,128.993052628895,소상공인시장진흥공단_상가업소정보
생활편의,소매,현대매점,35.150376702718,128.982046491743,소상공인시장진흥공단_상가업소정보
생활편의,소매,성경주유소,35.1817967247913,128.983939859276,소상공인시장진흥공단_상가업소정보
생활편의,문화체육,알통클럽,35.1284576572448,128.969481761909,소상공인시장진흥공단_상가업소정보
생활편의,소매,명성,35.1472476769461,128.972227637302,소상공인시장진흥공단_상가업소정보
음식점,음식점,화개리1972,35.1751877097602,128.989091378066,소상공인시장진흥공단_상가업소정보
생활편의,소매,아데휴,35.1643345532276,128.977721218153,소상공인시장진흥공단_상가업소정보
음식점,음식점,부산양지탕,35.1531914463287,128.98955418414,소상공인시장진흥공단_상가업소정보
생활편의,소매,씨제이모바일모라점,35.1858685634647,128.992260604986,소상공인시장진흥공단_상가업소정보
음식점,음식점,일등감자탕아구찜,35.1722620990096,128.982852064876,소상공인시장진흥공단_상가업소정보
음식점,음식점,명가원곱창,35.1749187275284,128.989007995305,소상공인시장진흥공단_상가업소정보
음식점,음식점,냄비에추억을담다,35.1925352707479,128.992379493514,소상공인시장진흥공단_상가업소정보
음식점,음식점,오리가,35.1661578753298,128.980849165477,소상공인시장진흥공단_상가업소정보
음식점,음식점,후루룩국수,35.1895799492984,128.990704610786,소상공인시장진흥공단_상가업소정보
생활편의,문화체육,해피노래연습장,35.1875699013801,128.985792669596,소상공인시장진흥공단_상가업소정보
생활편의,소매,엘지화장품사상점,35.1275926627189,128.968364011655,소상공인시장진흥공단_상가업소정보
음식점,음식점,성광횟집,35.192431775077,128.987162487792,소상공인시장진흥공단_상가업소정보
음식점,음식점,고스키친,35.1591360081332,128.98425618076,소상공인시장진흥공단_상가업소정보
생활편의,소매,이화약국,35.1307314069442,128.972081473207,소상공인시장진흥공단_상가업소정보
생활편의,소매,한일사,35.1565027841018,128.985465085397,소상공인시장진흥공단_상가업소정보
생활편의,소매,미용재료,35.1500009344436,129.00106305579,소상공인시장진흥공단_상가업소정보
생활편의,문화체육,작심스터디카페부산모라점,35.1906120741919,128.991509204999,소상공인시장진흥공단_상가업소정보
생활편의,소매,사상열린약국,35.1667604424837,128.98257579077,소상공인시장진흥공단_상가업소정보
생활편의,소매,하이패션가람사상중앙지점,35.1659693669644,128.983006530352,소상공인시장진흥공단_상가업소정보
생활편의,문화체육,부산시민스포츠센터,35.149141641282,129.000164251399,소상공인시장진흥공단_상가업소정보
음식점,음식점,진주초장,35.1560512572211,128.984422652308,소상공인시장진흥공단_상가업소정보
음식점,음식점,끼니마당,35.1493544698989,129.004733822439,소상공인시장진흥공단_상가업소정보
생활편의,문화체육,동양당구장,35.1875508174048,128.986955788176,소상공인시장진흥공단_상가업소정보
생활편의,보건의료,우성한의원,35.1623777191799,128.978902898385,소상공인시장진흥공단_상가업소정보
생활편의,소매,한우리종합물류,35.1568869646559,128.977957862375,소상공인시장진흥공단_상가업소정보
생활편의,소매,베스트셀러,35.1643345532276,128.977721218153,소상공인시장진흥공단_상가업소정보
음식점,음식점,삼진어묵당부산서부시외버스,35.1631457315728,128.980984606691,소상공인시장진흥공단_상가업소정보
음식점,음식점,부산맛집,35.1566042759663,128.989165463732,소상공인시장진흥공단_상가업소정보
생활편의,소매,열매약국,35.1499957441803,129.004102202545,소상공인시장진흥공단_상가업소정보
음식점,음식점,소담식당,35.1881852200477,128.979034655759,소상공인시장진흥공단_상가업소정보
생활편의,소매,내마음꽃집,35.1871076206215,128.987603623653,소상공인시장진흥공단_상가업소정보
음식점,음식점,여기뭐야,35.1573721307974,128.989052484825,소상공인시장진흥공단_상가업소정보
생활편의,소매,웰빙하우스,35.1643345532276,128.977721218153,소상공인시장진흥공단_상가업소정보
음식점,음식점,가위바위보쌈정식,35.1509775149046,128.997586827041,소상공인시장진흥공단_상가업소정보
생활편의,문화체육,꽃뿌리노래뮤비방,35.128398174453,128.970368840892,소상공인시장진흥공단_상가업소정보
생활편의,문화체육,골프존파크신모라점,35.1861170728678,128.98975294073,소상공인시장진흥공단_상가업소정보
음식점,음식점,중앙초장,35.1560512572211,128.984422652308,소상공인시장진흥공단_상가업소정보
음식점,음식점,겐슈,35.1621034730049,128.980794718478,소상공인시장진흥공단_상가업소정보
음식점,음식점,와커피사상경찰서점,35.1542026902564,128.991082071678,소상공인시장진흥공단_상가업소정보
생활편의,소매,마린수제화,35.1643345532276,128.977721218153,소상공인시장진흥공단_상가업소정보
생활편의,소매,대도타이어,35.1366384647962,128.974582596648,소상공인시장진흥공단_상가업소정보
생활편의,문화체육,엠픽PC방,35.1858671691341,128.990701842583,소상공인시장진흥공단_상가업소정보
음식점,음식점,다이너마이트커피,35.1909037859807,128.984721162933,소상공인시장진흥공단_상가업소정보
생활편의,소매,에스뷰티샵,35.1679636520949,128.978434666964,소상공인시장진흥공단_상가업소정보
음식점,음식점,칠성곱창,35.1490187975713,129.011934166576,소상공인시장진흥공단_상가업소정보
음식점,음식점,설,35.1302935565824,128.972959444657,소상공인시장진흥공단_상가업소정보
음식점,음식점,기장대게도매,35.1244753991334,128.967203076332,소상공인시장진흥공단_상가업소정보
음식점,음식점,유정커피숍,35.1723620304085,128.981702099958,소상공인시장진흥공단_상가업소정보
음식점,음식점,한우목장,35.1244753991334,128.967203076332,소상공인시장진흥공단_상가업소정보
음식점,음식점,한일다방,35.1920464071745,128.988130124933,소상공인시장진흥공단_상가업소정보
생활편의,소매,탑플러스식육,35.1670202115141,128.97936658509,소상공인시장진흥공단_상가업소정보
생활편의,소매,로맨틱,35.1643345532276,128.977721218153,소상공인시장진흥공단_상가업소정보
음식점,음식점,노래주점,35.1645437874831,128.984211986455,소상공인시장진흥공단_상가업소정보
음식점,음식점,가마솥찹쌀순대,35.1528260958951,129.004061906346,소상공인시장진흥공단_상가업소정보
생활편의,소매,토니모리사상애플아울렛매장,35.1631457315728,128.980984606691,소상공인시장진흥공단_상가업소정보
음식점,음식점,이디야학장점,35.1396810861991,128.981962632885,소상공인시장진흥공단_상가업소정보
생활편의,소매,아비앙또,35.1643345532276,128.977721218153,소상공인시장진흥공단_상가업소정보
생활편의,소매,이모네반찬,35.1487446531709,129.002919462882,소상공인시장진흥공단_상가업소정보
음식점,음식점,옐로우게이트2,35.1651858608516,128.983525239325,소상공인시장진흥공단_상가업소정보
생활편의,소매,선진펫펫마트,35.194095993476,128.992823801482,소상공인시장진흥공단_상가업소정보
생활편의,소매,강동열쇠,35.188789401919,128.990553593456,소상공인시장진흥공단_상가업소정보
음식점,음식점,달달포차,35.1757262174957,128.988676451783,소상공인시장진흥공단_상가업소정보
생활편의,문화체육,역전PC방,35.1630787472337,128.985624946225,소상공인시장진흥공단_상가업소정보
음식점,음식점,신사상돈갈비,35.1663935236507,128.980767086983,소상공인시장진흥공단_상가업소정보
생활편의,소매,창녕식육점,35.1720462816618,128.980070117256,소상공인시장진흥공단_상가업소정보
생활편의,소매,해인푸드,35.1556085438949,129.005282315712,소상공인시장진흥공단_상가업소정보
생활편의,소매,로데오남성복,35.1557934344771,128.98420790348,소상공인시장진흥공단_상가업소정보
음식점,음식점,인생짜글이사상점,35.1593962341976,128.986523025255,소상공인시장진흥공단_상가업소정보
음식점,음식점,함양본가어탕국수,35.1596886027547,128.985180401892,소상공인시장진흥공단_상가업소정보
생활편의,소매,디와이테크,35.1413722494204,128.970549909223,소상공인시장진흥공단_상가업소정보
생활편의,소매,소꿉당,35.1368382793639,128.976145220063,소상공인시장진흥공단_상가업소정보
생활편의,소매,씨유럭키신모라점,35.1847830310937,128.99360620291,소상공인시장진흥공단_상가업소정보
음식점,음식점,조은데이,35.1696059611568,128.979956059708,소상공인시장진흥공단_상가업소정보
생활편의,문화체육,비발디노래연습장,35.172445943752,128.980979775271,소상공인시장진흥공단_상가업소정보
음식점,음식점,차돌풍,35.1358090594258,128.975154957227,소상공인시장진흥공단_상가업소정보
음식점,음식점,국대불총,35.1275926627189,128.968364011655,소상공인시장진흥공단_상가업소정보
음식점,음식점,수리술술,35.1488487139294,129.012950368158,소상공인시장진흥공단_상가업소정보
음식점,음식점,도쿠도쿠,35.150038527762,129.011849555477,소상공인시장진흥공단_상가업소정보
음식점,음식점,코프커피바,35.1495258721179,129.004178453832,소상공인시장진흥공단_상가업소정보
음식점,음식점,파주닭국수,35.1497483595884,129.002713653492,소상공인시장진흥공단_상가업소정보
생활편의,보건의료,케이직업환경연구소,35.1718986186891,128.978628796886,소상공인시장진흥공단_상가업소정보
음식점,음식점,덕화,35.1770853324389,128.98548268302,소상공인시장진흥공단_상가업소정보
음식점,음식점,성우,35.1581817207823,128.98529740349,소상공인시장진흥공단_상가업소정보
음식점,음식점,보리고개,35.1749372266879,128.984585319933,소상공인시장진흥공단_상가업소정보
생활편의,소매,아랑주,35.1643345532276,128.977721218153,소상공인시장진흥공단_상가업소정보
음식점,음식점,보물섬7080,35.1641903314197,128.984883789898,소상공인시장진흥공단_상가업소정보
음식점,음식점,제이스커피,35.1616847349942,128.983253651054,소상공인시장진흥공단_상가업소정보
음식점,음식점,오덕돈까스,35.1631457315728,128.980984606691,소상공인시장진흥공단_상가업소정보
생활편의,소매,루즈라인,35.1643345532276,128.977721218153,소상공인시장진흥공단_상가업소정보
음식점,음식점,스타노래주점,35.1640912221073,128.984332678761,소상공인시장진흥공단_상가업소정보
생활편의,문화체육,투온골프,35.1555715076053,128.985102290584,소상공인시장진흥공단_상가업소정보
생활편의,보건의료,학장성심요양병원,35.1415222720838,128.983444482492,소상공인시장진흥공단_상가업소정보
음식점,음식점,오별난멸치국수서,35.1643345532276,128.977721218153,소상공인시장진흥공단_상가업소정보
음식점,음식점,김밥앤덮밥,35.1545751512142,128.998014949723,소상공인시장진흥공단_상가업소정보
생활편의,소매,아이오엠커머스,35.1576855331573,128.984780577251,소상공인시장진흥공단_상가업소정보
생활편의,소매,속옷할인매장,35.1723921908439,128.983162529194,소상공인시장진흥공단_상가업소정보
생활편의,소매,편의점,35.1611861796744,128.988377213103,소상공인시장진흥공단_상가업소정보
생활편의,소매,생활가스상사,35.1487771183752,129.012378064465,소상공인시장진흥공단_상가업소정보
음식점,음식점,돼지굽는정원,35.1864979379841,128.989608549633,소상공인시장진흥공단_상가업소정보
음식점,음식점,복덩이김밥,35.145350291572,129.002188947373,소상공인시장진흥공단_상가업소정보
생활편의,문화체육,사상복권,35.1508160239604,129.0040894064,소상공인시장진흥공단_상가업소정보
생활편의,소매,이미용재료상,35.1641504600285,128.983467167922,소상공인시장진흥공단_상가업소정보
음식점,음식점,수미네한끼,35.1588392986303,128.984764719591,소상공인시장진흥공단_상가업소정보
생활편의,소매,유엘에프부산,35.1349024028895,128.977700064373,소상공인시장진흥공단_상가업소정보
음식점,음식점,맛있는풍경,35.1490187975713,129.011934166576,소상공인시장진흥공단_상가업소정보
생활편의,소매,에이레네,35.1643345532276,128.977721218153,소상공인시장진흥공단_상가업소정보
생활편의,소매,비타민테라피,35.1644417758639,128.983287683952,소상공인시장진흥공단_상가업소정보
음식점,음식점,심심푸리북카페사상점,35.1633830305276,128.985204360629,소상공인시장진흥공단_상가업소정보
음식점,음식점,해광식당,35.1465807662827,128.978860397536,소상공인시장진흥공단_상가업소정보
생활편의,소매,씨엔텍,35.1546529777614,128.978452410414,소상공인시장진흥공단_상가업소정보
음식점,음식점,모라돼지국밥,35.1909037859807,128.984721162933,소상공인시장진흥공단_상가업소정보
음식점,음식점,사상1번가찌개.전,35.1660586058534,128.980857731714,소상공인시장진흥공단_상가업소정보
생활편의,문화체육,큐당구장,35.1284576572448,128.969481761909,소상공인시장진흥공단_상가업소정보
음식점,음식점,백희,35.1482924029293,129.012805000993,소상공인시장진흥공단_상가업소정보
음식점,음식점,비에이치씨,35.1592996898,128.988013058705,소상공인시장진흥공단_상가업소정보
생활편의,소매,"영전기,조명",35.171971443723,128.989583717564,소상공인시장진흥공단_상가업소정보
음식점,음식점,대호막창,35.1631371276374,128.985911687425,소상공인시장진흥공단_상가업소정보
음식점,음식점,대구막창,35.1749530850825,128.984717411551,소상공인시장진흥공단_상가업소정보
음식점,음식점,시골솥단지삼겹살,35.1750797924707,128.98907777291,소상공인시장진흥공단_상가업소정보
음식점,음식점,보리,35.1881651367435,128.990703022238,소상공인시장진흥공단_상가업소정보
생활편의,소매,부산사상모바일,35.1640806714571,128.979470918687,소상공인시장진흥공단_상가업소정보
음식점,음식점,푸라닭부산사상점,35.1595421897467,128.988062854807,소상공인시장진흥공단_상가업소정보
생활편의,소매,생그린화장품덕포지사,35.1751763612901,128.988685007052,소상공인시장진흥공단_상가업소정보
생활편의,문화체육,찐노래연습장,35.165450755242,128.9849583233,소상공인시장진흥공단_상가업소정보
음식점,음식점,즉석짜장우동,35.1625904917533,128.985174121384,소상공인시장진흥공단_상가업소정보
생활편의,보건의료,우리탑치과의원,35.1500719166877,129.004400318018,소상공인시장진흥공단_상가업소정보
생활편의,소매,베스트우드가구,35.17033249846,128.981817460672,소상공인시장진흥공단_상가업소정보
생활편의,문화체육,백양스크린골프,35.1536981461065,128.997642376732,소상공인시장진흥공단_상가업소정보
음식점,음식점,비알베스킨라빈스부산사상,35.1636249541812,128.984189661304,소상공인시장진흥공단_상가업소정보
음식점,음식점,수연이네,35.1488297985993,128.999948150583,소상공인시장진흥공단_상가업소정보
생활편의,소매,에이클래스,35.1262526628575,128.968748580024,소상공인시장진흥공단_상가업소정보
음식점,음식점,빨봉분식,35.1489157799121,129.012710637711,소상공인시장진흥공단_상가업소정보
음식점,음식점,에피소드노래주점,35.1649255838897,128.981258239953,소상공인시장진흥공단_상가업소정보
음식점,음식점,온설기,35.1542563150729,129.004766324726,소상공인시장진흥공단_상가업소정보
생활편의,소매,파인통상,35.1532763745884,128.981074441847,소상공인시장진흥공단_상가업소정보
생활편의,소매,엔젤,35.1911122508842,128.989589345188,소상공인시장진흥공단_상가업소정보
생활편의,소매,코코,35.1643345532276,128.977721218153,소상공인시장진흥공단_상가업소정보
음식점,음식점,영진돼지국밥,35.1525754682564,128.989747660637,소상공인시장진흥공단_상가업소정보
음식점,음식점,낭만장작사상점,35.1652451774772,128.981002613009,소상공인시장진흥공단_상가업소정보
생활편의,소매,가온,35.1436503304156,128.987215396773,소상공인시장진흥공단_상가업소정보
음식점,음식점,맨날수리야,35.1500239652845,129.007295777182,소상공인시장진흥공단_상가업소정보
음식점,음식점,맘스터치엄궁,35.1278024969554,128.974851857038,소상공인시장진흥공단_상가업소정보
음식점,음식점,대박명품찹쌀꽈배기,35.1555365476227,128.978978563189,소상공인시장진흥공단_상가업소정보
생활편의,문화체육,제이앤비당구클럽,35.1653221053237,128.984560124567,소상공인시장진흥공단_상가업소정보
생활편의,소매,강원금속,35.155646652881,129.00134399229,소상공인시장진흥공단_상가업소정보
음식점,음식점,삼락궁전떡집,35.1720686032886,128.979807255561,소상공인시장진흥공단_상가업소정보
음식점,음식점,그늘집,35.1538898543664,128.9848858643,소상공인시장진흥공단_상가업소정보
음식점,음식점,경원해물찜,35.1269502220037,128.965748873396,소상공인시장진흥공단_상가업소정보
생활편의,소매,채연시원텔모라점,35.1858685634647,128.992260604986,소상공인시장진흥공단_상가업소정보
음식점,음식점,홍미막창,35.1705458764697,128.983095730633,소상공인시장진흥공단_상가업소정보
생활편의,문화체육,수성개발,35.1532000879538,128.990673596419,소상공인시장진흥공단_상가업소정보
생활편의,소매,미소축산,35.1854203254455,128.992117938226,소상공인시장진흥공단_상가업소정보
생활편의,소매,블랙야크부산사상애플아울렛,35.1631457315728,128.980984606691,소상공인시장진흥공단_상가업소정보
음식점,음식점,그라미네,35.1595421897467,128.988062854807,소상공인시장진흥공단_상가업소정보
음식점,음식점,할매아구찜,35.1666502605394,128.984350966963,소상공인시장진흥공단_상가업소정보
음식점,음식점,무학떡집,35.1362110462894,128.97702962327,소상공인시장진흥공단_상가업소정보
음식점,음식점,화반주례,35.1466486866525,129.008134480323,소상공인시장진흥공단_상가업소정보
음식점,음식점,화정식당,35.1704726789019,128.982062311382,소상공인시장진흥공단_상가업소정보
생활편의,소매,청춘과일,35.1370704092017,128.976830998245,소상공인시장진흥공단_상가업소정보
생활편의,소매,동아양말,35.1643345532276,128.977721218153,소상공인시장진흥공단_상가업소정보
음식점,음식점,모두의중화포차,35.1653221053237,128.984560124567,소상공인시장진흥공단_상가업소정보
음식점,음식점,오복상회,35.1311426695759,128.971729394244,소상공인시장진흥공단_상가업소정보
생활편의,소매,랜드로바애플사상점김양심,35.1631457315728,128.980984606691,소상공인시장진흥공단_상가업소정보
음식점,음식점,뚱삼이와대삼이덕포,35.1699821896525,128.98064562392,소상공인시장진흥공단_상가업소정보
음식점,음식점,엄마밥상,35.1722377027248,128.985990362672,소상공인시장진흥공단_상가업소정보
생활편의,소매,인피니티,35.1516054909421,129.010286184205,소상공인시장진흥공단_상가업소정보
생활편의,소매,다모아아이스크림할인점,35.1570068821792,128.985499284297,소상공인시장진흥공단_상가업소정보
생활편의,소매,선화뜨개공방,35.1643345532276,128.977721218153,소상공인시장진흥공단_상가업소정보
음식점,음식점,스머프짜장,35.1560817466558,128.979255122632,소상공인시장진흥공단_상가업소정보
생활편의,문화체육,빌존아지트,35.1867202694421,128.98704533371,소상공인시장진흥공단_상가업소정보
생활편의,문화체육,엔돌핀노래연습장,35.1500394864539,129.005814924367,소상공인시장진흥공단_상가업소정보
생활편의,소매,비키,35.1643345532276,128.977721218153,소상공인시장진흥공단_상가업소정보
생활편의,소매,센텀유통,35.1542567465172,129.004195756136,소상공인시장진흥공단_상가업소정보
음식점,음식점,수기식당,35.1495871169501,128.973556869864,소상공인시장진흥공단_상가업소정보
생활편의,소매,션피싱외줄낚시,35.192858714836,128.990795597385,소상공인시장진흥공단_상가업소정보
음식점,음식점,소미돈까스모라점,35.1858671691341,128.990701842583,소상공인시장진흥공단_상가업소정보
생활편의,소매,3H지압침대사상센터,35.1649512890232,128.983541489934,소상공인시장진흥공단_상가업소정보
음식점,음식점,해돈복국,35.1538090455153,128.989261990564,소상공인시장진흥공단_상가업소정보
음식점,음식점,카페파스텔,35.1231840543751,128.972908582672,소상공인시장진흥공단_상가업소정보
음식점,음식점,웃긴쏭김밥,35.140991585365,128.985033361242,소상공인시장진흥공단_상가업소정보
생활편의,소매,영플라워,35.1546532469759,128.98614433571,소상공인시장진흥공단_상가업소정보
음식점,음식점,참숯뒷통구이1982,35.1736663579478,128.984598325129,소상공인시장진흥공단_상가업소정보
생활편의,문화체육,오빠,35.1646526044628,128.984170733995,소상공인시장진흥공단_상가업소정보
생활편의,소매,다누림매점,35.1474444905909,128.994878198953,소상공인시장진흥공단_상가업소정보
음식점,음식점,시장포차,35.1877516917564,128.986247160318,소상공인시장진흥공단_상가업소정보
음식점,음식점,디저트39부산신라대점,35.1690729904384,128.988832654502,소상공인시장진흥공단_상가업소정보
음식점,음식점,뽀야족발,35.1733030285963,128.989166183679,소상공인시장진흥공단_상가업소정보
음식점,음식점,피자나라치킨공주,35.1291205908681,128.97636455425,소상공인시장진흥공단_상가업소정보
생활편의,소매,디올,35.1643345532276,128.977721218153,소상공인시장진흥공단_상가업소정보
생활편의,문화체육,헬로밀가루부산사상점,35.1384943652467,128.977929584523,소상공인시장진흥공단_상가업소정보
생활편의,소매,지뷰,35.1643345532276,128.977721218153,소상공인시장진흥공단_상가업소정보
생활편의,소매,베트남국수,35.1879884232546,128.986099241677,소상공인시장진흥공단_상가업소정보
음식점,음식점,여인다방,35.1708505114634,128.982653156873,소상공인시장진흥공단_상가업소정보
음식점,음식점,장모족발사상구점,35.1534314832469,128.997965033604,소상공인시장진흥공단_상가업소정보
음식점,음식점,대양곱창사상점,35.1646526044628,128.984170733995,소상공인시장진흥공단_상가업소정보
생활편의,소매,태화유통,35.1543983746379,128.980245775775,소상공인시장진흥공단_상가업소정보
음식점,음식점,빅스타피자주례,35.1476571015122,129.01307461764,소상공인시장진흥공단_상가업소정보
음식점,음식점,왓더버거사상점,35.1602160905835,128.98433728805,소상공인시장진흥공단_상가업소정보
음식점,음식점,보릿골,35.171350960615,128.981809258067,소상공인시장진흥공단_상가업소정보
생활편의,소매,디디컴퍼니,35.1643345532276,128.977721218153,소상공인시장진흥공단_상가업소정보
음식점,음식점,대한복집,35.1587531714545,128.984521213577,소상공인시장진흥공단_상가업소정보
생활편의,소매,크록스,35.1631457315728,128.980984606691,소상공인시장진흥공단_상가업소정보
음식점,음식점,막닭구이,35.1279704122359,128.970073333991,소상공인시장진흥공단_상가업소정보
음식점,음식점,서울마님죽,35.1710465081273,128.982240867126,소상공인시장진흥공단_상가업소정보
음식점,음식점,그집에,35.1288071084865,128.972375112804,소상공인시장진흥공단_상가업소정보
생활편의,소매,쭈블리,35.1653281927184,128.978129380703,소상공인시장진흥공단_상가업소정보
음식점,음식점,오늘도대박집,35.1247300528117,128.967615047001,소상공인시장진흥공단_상가업소정보
생활편의,소매,사상애플LPGA,35.1631457315728,128.980984606691,소상공인시장진흥공단_상가업소정보
생활편의,소매,삼성물산애플아울렛사상점,35.1631457315728,128.980984606691,소상공인시장진흥공단_상가업소정보
생활편의,소매,팔팔미트,35.1408945572532,128.987653054934,소상공인시장진흥공단_상가업소정보
생활편의,소매,룩업,35.1643345532276,128.977721218153,소상공인시장진흥공단_상가업소정보
생활편의,문화체육,씨스페이스투,35.1575510128121,128.977578907618,소상공인시장진흥공단_상가업소정보
생활편의,소매,씨유괘법사상로점,35.1651251394062,128.983381099985,소상공인시장진흥공단_상가업소정보
음식점,음식점,이모네대패삼겹살,35.1667496884867,128.983782714243,소상공인시장진흥공단_상가업소정보
음식점,음식점,대박,35.1294530371326,128.971447323479,소상공인시장진흥공단_상가업소정보
생활편의,소매,비젼카시트,35.1481686853141,129.008314469218,소상공인시장진흥공단_상가업소정보
생활편의,소매,스피드카용품,35.1450974185053,128.98799664591,소상공인시장진흥공단_상가업소정보
음식점,음식점,샐러듬뿍,35.1618538581794,128.982281094451,소상공인시장진흥공단_상가업소정보
음식점,음식점,버들나무식당,35.1479115599017,128.999344168713,소상공인시장진흥공단_상가업소정보
음식점,음식점,원탁,35.1632725771786,128.9847956401,소상공인시장진흥공단_상가업소정보
음식점,음식점,오성상회,35.1472085859044,128.990044867164,소상공인시장진흥공단_상가업소정보
음식점,음식점,인생밥집,35.1468032160666,128.990583580365,소상공인시장진흥공단_상가업소정보
음식점,음식점,오늘김밥,35.1723914948643,128.983755171138,소상공인시장진흥공단_상가업소정보
생활편의,소매,하나할인마트,35.1751877097602,128.989091378066,소상공인시장진흥공단_상가업소정보
생활편의,소매,씨유덕포부원점,35.1812831258523,128.990524161653,소상공인시장진흥공단_상가업소정보
생활편의,소매,씨유괘법대원점,35.1664581154888,128.982327014303,소상공인시장진흥공단_상가업소정보
생활편의,소매,바나나우유,35.1243487822196,128.973879989827,소상공인시장진흥공단_상가업소정보
생활편의,소매,지에스25덕포초교점,35.17390652105,128.984790744929,소상공인시장진흥공단_상가업소정보
음식점,음식점,행자네식당,35.1501051517429,129.010007882587,소상공인시장진흥공단_상가업소정보
생활편의,소매,이마트24부산보훈,35.1528919989817,129.008244041345,소상공인시장진흥공단_상가업소정보
생활편의,문화체육,여산,35.1587591024066,128.984159237867,소상공인시장진흥공단_상가업소정보
생활편의,소매,조서방과일야채연구소,35.1535352035115,129.011299253828,소상공인시장진흥공단_상가업소정보
생활편의,소매,요고찌봉,35.1643345532276,128.977721218153,소상공인시장진흥공단_상가업소정보
음식점,음식점,숙이네,35.12571905508,128.971083082888,소상공인시장진흥공단_상가업소정보
음식점,음식점,꼬꼬비닭강정,35.1405104547402,128.987994781904,소상공인시장진흥공단_상가업소정보
생활편의,소매,귀금당,35.1643345532276,128.977721218153,소상공인시장진흥공단_상가업소정보
음식점,음식점,앰퍼샌드커피,35.1850978569207,128.991451454292,소상공인시장진흥공단_상가업소정보
음식점,음식점,아구찜이좋아,35.1497216905603,129.004325893927,소상공인시장진흥공단_상가업소정보
음식점,음식점,컴포즈커피신,35.1534807860112,128.998800155903,소상공인시장진흥공단_상가업소정보
생활편의,문화체육,퍼펙트스크린골프,35.1510607109022,129.014870143415,소상공인시장진흥공단_상가업소정보
음식점,음식점,부산맛집,35.122940961784,128.962350972154,소상공인시장진흥공단_상가업소정보
생활편의,소매,제이디엑스·와이드앵글,35.1631457315728,128.980984606691,소상공인시장진흥공단_상가업소정보
생활편의,소매,드림골드,35.1643345532276,128.977721218153,소상공인시장진흥공단_상가업소정보
음식점,음식점,새물결노래주점,35.1617068219097,128.986304882438,소상공인시장진흥공단_상가업소정보
음식점,음식점,정글커피공방,35.1466368520256,129.007761153594,소상공인시장진흥공단_상가업소정보
음식점,음식점,갈비대학교,35.1487721189248,129.012136559067,소상공인시장진흥공단_상가업소정보
생활편의,소매,케이티피,35.1725184314339,128.982057102376,소상공인시장진흥공단_상가업소정보
음식점,음식점,남경식당,35.1515140405184,129.010909354765,소상공인시장진흥공단_상가업소정보
생활편의,소매,우드브로,35.1358090594258,128.975154957227,소상공인시장진흥공단_상가업소정보
생활편의,소매,엠에스코스메틱,35.1344043244152,128.976744589339,소상공인시장진흥공단_상가업소정보
음식점,음식점,국제시장국제통닭학장점,35.1358759399535,128.978787731823,소상공인시장진흥공단_상가업소정보
음식점,음식점,만원의행복,35.1696224685754,128.98170145276,소상공인시장진흥공단_상가업소정보
음식점,음식점,삼겹구이학장점,35.1423691999846,128.987853484244,소상공인시장진흥공단_상가업소정보
생활편의,소매,대영상사,35.1923919375425,128.985196482022,소상공인시장진흥공단_상가업소정보
음식점,음식점,김해부식,35.1587174004983,128.987801366527,소상공인시장진흥공단_상가업소정보
생활편의,소매,팔도반찬,35.1716836927559,128.981301506623,소상공인시장진흥공단_상가업소정보
음식점,음식점,임가네,35.1554531982532,128.987370801493,소상공인시장진흥공단_상가업소정보
생활편의,소매,로즈토바코샵감전점,35.1555466206474,128.981118523728,소상공인시장진흥공단_상가업소정보
음식점,음식점,아워홈조광페인트,35.1813221513571,128.979899994814,소상공인시장진흥공단_상가업소정보
음식점,음식점,바라또,35.1464775334331,129.008130274309,소상공인시장진흥공단_상가업소정보
음식점,음식점,투다리모라점,35.1919139855268,128.988511120097,소상공인시장진흥공단_상가업소정보
생활편의,소매,모라전자담배,35.1886600257299,128.991296895972,소상공인시장진흥공단_상가업소정보
생활편의,소매,더불어,35.1909037859807,128.984721162933,소상공인시장진흥공단_상가업소정보
음식점,음식점,오케이도매횟집,35.1533188622425,128.998236593443,소상공인시장진흥공단_상가업소정보
음식점,음식점,엄마식당,35.178131918333,128.98979972916,소상공인시장진흥공단_상가업소정보
음식점,음식점,카페니어,35.1748257396827,128.985888692512,소상공인시장진흥공단_상가업소정보
생활편의,소매,밀양슈퍼,35.1612936411994,128.978514499514,소상공인시장진흥공단_상가업소정보
음식점,음식점,참바다&대게와친구,35.165270021831,128.97838037857,소상공인시장진흥공단_상가업소정보
음식점,음식점,제일식당,35.1512717061516,128.994499832923,소상공인시장진흥공단_상가업소정보
생활편의,소매,현대마트,35.1862030256974,128.987812105668,소상공인시장진흥공단_상가업소정보
생활편의,문화체육,강남노래연습장,35.1573153178842,128.985375103867,소상공인시장진흥공단_상가업소정보
음식점,음식점,천하장어,35.1491524890167,129.001689624696,소상공인시장진흥공단_상가업소정보
생활편의,소매,이마트24부산신라대점,35.1690243429954,128.989599698365,소상공인시장진흥공단_상가업소정보
음식점,음식점,알앤비,35.1884735269338,128.992225415616,소상공인시장진흥공단_상가업소정보
생활편의,소매,슈가,35.1643345532276,128.977721218153,소상공인시장진흥공단_상가업소정보
생활편의,소매,금성침대르네시떼점,35.1643345532276,128.977721218153,소상공인시장진흥공단_상가업소정보
음식점,음식점,동경한식타임,35.1467317707834,129.009102027755,소상공인시장진흥공단_상가업소정보
음식점,음식점,진아푸드,35.1559911090901,128.981491411244,소상공인시장진흥공단_상가업소정보
생활편의,소매,대박통신모라점,35.1912383076868,128.991787956565,소상공인시장진흥공단_상가업소정보
음식점,음식점,빵빠레포장센타,35.1632725771786,128.9847956401,소상공인시장진흥공단_상가업소정보
생활편의,소매,청하반찬,35.1536493935518,129.011477626429,소상공인시장진흥공단_상가업소정보
생활편의,소매,제이원컴퍼니,35.1476995202212,129.001270018077,소상공인시장진흥공단_상가업소정보
음식점,음식점,사상서희스타힐스상가102호,35.164613741501,128.981590871874,소상공인시장진흥공단_상가업소정보
음식점,음식점,더하다학장점,35.1384943652467,128.977929584523,소상공인시장진흥공단_상가업소정보
생활편의,보건의료,한국건강관리협회부산광역시서부지부,35.1513233323059,128.990265781761,소상공인시장진흥공단_상가업소정보
생활편의,소매,마실,35.1362110462894,128.97702962327,소상공인시장진흥공단_상가업소정보
음식점,음식점,화오뎅&떡볶이,35.1643250749911,128.984360309315,소상공인시장진흥공단_상가업소정보
음식점,음식점,이래도안올래,35.1639589272926,128.983056476836,소상공인시장진흥공단_상가업소정보
생활편의,소매,대림철물,35.135321928157,128.992245695873,소상공인시장진흥공단_상가업소정보
생활편의,소매,토마토,35.1643345532276,128.977721218153,소상공인시장진흥공단_상가업소정보
생활편의,소매,한양장식,35.1643345532276,128.977721218153,소상공인시장진흥공단_상가업소정보
음식점,음식점,다모아,35.1724286783561,128.98148421432,소상공인시장진흥공단_상가업소정보
생활편의,소매,다원상회,35.1541464704966,128.982423239727,소상공인시장진흥공단_상가업소정보
생활편의,소매,영광스포츠,35.1950814201542,128.98715018786,소상공인시장진흥공단_상가업소정보
음식점,음식점,조방낙지,35.1514322469084,129.009864974669,소상공인시장진흥공단_상가업소정보
생활편의,소매,이마트24신모라우성점,35.1870412893838,128.990543877029,소상공인시장진흥공단_상가업소정보
음식점,음식점,프레드피자개금,35.1510408173828,129.016065624684,소상공인시장진흥공단_상가업소정보
음식점,음식점,타파스,35.1493626377513,129.004240282014,소상공인시장진흥공단_상가업소정보
음식점,음식점,아해,35.1616630265622,128.985678315568,소상공인시장진흥공단_상가업소정보
음식점,음식점,언덕집,35.1487359143455,129.000176263469,소상공인시장진흥공단_상가업소정보
생활편의,소매,재오영,35.1549283446352,128.992987078862,소상공인시장진흥공단_상가업소정보
생활편의,소매,밀양농산,35.1541464704966,128.982423239727,소상공인시장진흥공단_상가업소정보
음식점,음식점,비비큐부산,35.1291754687294,128.975762565294,소상공인시장진흥공단_상가업소정보
음식점,음식점,콩이네분식,35.191545729457,128.988985164005,소상공인시장진흥공단_상가업소정보
음식점,음식점,하삼동커피덕포,35.1708505114634,128.982653156873,소상공인시장진흥공단_상가업소정보
생활편의,소매,올데이컴퍼니,35.1643345532276,128.977721218153,소상공인시장진흥공단_상가업소정보
음식점,음식점,큰사람유통,35.1621549322061,128.979852220321,소상공인시장진흥공단_상가업소정보
음식점,음식점,식샤합시다,35.1535240406278,128.980257500206,소상공인시장진흥공단_상가업소정보
생활편의,소매,바오바오,35.1643345532276,128.977721218153,소상공인시장진흥공단_상가업소정보
생활편의,소매,아시아마트,35.1718784287133,128.980966004514,소상공인시장진흥공단_상가업소정보
음식점,음식점,어오케이커피모라벤처,35.1909037859807,128.984721162933,소상공인시장진흥공단_상가업소정보
음식점,음식점,수정,35.1672140212421,128.981291816165,소상공인시장진흥공단_상가업소정보
음식점,음식점,친구야한잔어때,35.1638234989543,128.980869359384,소상공인시장진흥공단_상가업소정보
생활편의,소매,강호정육점,35.1718578995704,128.981119157746,소상공인시장진흥공단_상가업소정보
생활편의,소매,솔고헬스케어,35.1450934740872,129.003005513873,소상공인시장진흥공단_상가업소정보
음식점,음식점,세광구내매점,35.1469222827296,128.973393762352,소상공인시장진흥공단_상가업소정보
생활편의,문화체육,우리동네탁구장,35.1245242353645,128.969189597103,소상공인시장진흥공단_상가업소정보
음식점,음식점,오비어사상점,35.1635577819783,128.984989129242,소상공인시장진흥공단_상가업소정보
생활편의,문화체육,이에스피엔당구클럽,35.1858217677803,128.990722688853,소상공인시장진흥공단_상가업소정보
음식점,음식점,목마포차,35.1593858045298,128.987707899402,소상공인시장진흥공단_상가업소정보
음식점,음식점,죽이야기,35.1723506880424,128.981844501741,소상공인시장진흥공단_상가업소정보
음식점,음식점,흥해라흥라멘,35.1542026902564,128.991082071678,소상공인시장진흥공단_상가업소정보
음식점,음식점,봄크메르어식당,35.1610860466022,128.980188439278,소상공인시장진흥공단_상가업소정보
음식점,음식점,금봉칼국수,35.1552416084042,128.997493581768,소상공인시장진흥공단_상가업소정보
생활편의,소매,픽미,35.1359685926594,128.975871880164,소상공인시장진흥공단_상가업소정보
생활편의,소매,디씨마트,35.1856116794978,128.99144204054,소상공인시장진흥공단_상가업소정보
생활편의,소매,수상한그녀르네시떼,35.1643345532276,128.977721218153,소상공인시장진흥공단_상가업소정보
생활편의,소매,24시몰,35.1564938349264,128.988756772887,소상공인시장진흥공단_상가업소정보
음식점,음식점,명품달인김밥모라점,35.1874127572874,128.991518930292,소상공인시장진흥공단_상가업소정보
생활편의,소매,라이더멀티샵,35.1476534927653,129.000237541869,소상공인시장진흥공단_상가업소정보
생활편의,문화체육,엠에스노래연습장,35.1635901832058,128.980808830132,소상공인시장진흥공단_상가업소정보
음식점,음식점,부산떡방앗간,35.18828047395,128.988620151342,소상공인시장진흥공단_상가업소정보
음식점,음식점,박가연잎족발,35.1498123158466,129.004295200806,소상공인시장진흥공단_상가업소정보
음식점,음식점,투가이즈,35.1672586983381,128.985166889422,소상공인시장진흥공단_상가업소정보
음식점,음식점,청송명가,35.1304158545116,128.970428430417,소상공인시장진흥공단_상가업소정보
생활편의,문화체육,씨에스씨,35.1291886263792,128.974402680855,소상공인시장진흥공단_상가업소정보
음식점,음식점,왓쇼이짱,35.1865662052682,128.990389585358,소상공인시장진흥공단_상가업소정보
생활편의,소매,골프글로리,35.1500241771586,128.98925761477,소상공인시장진흥공단_상가업소정보
생활편의,소매,올리비아로렌,35.1304025623319,128.971799303327,소상공인시장진흥공단_상가업소정보
생활편의,문화체육,씨에스케이,35.1269502220037,128.965748873396,소상공인시장진흥공단_상가업소정보
생활편의,소매,양지바로마,35.1466712898888,129.013829317853,소상공인시장진흥공단_상가업소정보
음식점,음식점,럭셔리,35.1629601677363,128.984612465139,소상공인시장진흥공단_상가업소정보
음식점,음식점,올인,35.1641342856522,128.984454439716,소상공인시장진흥공단_상가업소정보
음식점,음식점,슈슈베어,35.150914027336,129.012310001987,소상공인시장진흥공단_상가업소정보
생활편의,문화체육,올인당구클럽,35.1625904917533,128.985174121384,소상공인시장진흥공단_상가업소정보
음식점,음식점,골목식당,35.1282467294594,128.970814931278,소상공인시장진흥공단_상가업소정보
음식점,음식점,미도식당,35.1833491996014,128.98433983056,소상공인시장진흥공단_상가업소정보
생활편의,소매,동산약국,35.1298774973538,128.971391740438,소상공인시장진흥공단_상가업소정보
생활편의,소매,조은약국,35.1500442343067,129.002260076946,소상공인시장진흥공단_상가업소정보
음식점,음식점,동원쌈밥,35.1294530371326,128.971447323479,소상공인시장진흥공단_상가업소정보
생활편의,소매,덕양에너지직영굿모닝주유소,35.1391637249614,128.992624566102,소상공인시장진흥공단_상가업소정보
음식점,음식점,여로수산,35.1933942665882,128.992751768596,소상공인시장진흥공단_상가업소정보
생활편의,문화체육,웰빙노래연습장,35.1690488886384,128.979854752977,소상공인시장진흥공단_상가업소정보
생활편의,소매,세븐일레븐부산주례한효점,35.15519951881,129.01418218166,소상공인시장진흥공단_상가업소정보
음식점,음식점,우리식당,35.1436062752445,128.9844056761,소상공인시장진흥공단_상가업소정보
생활편의,문화체육,주례럭키탁구장,35.1509119595971,129.004826898796,소상공인시장진흥공단_상가업소정보
음식점,음식점,사상커피숍,35.1689488611387,128.982113116929,소상공인시장진흥공단_상가업소정보
생활편의,소매,앤비미,35.1643345532276,128.977721218153,소상공인시장진흥공단_상가업소정보
생활편의,소매,행복미트,35.1718758438123,128.980022083093,소상공인시장진흥공단_상가업소정보
음식점,음식점,삼겹이네,35.187253346522,128.990252667331,소상공인시장진흥공단_상가업소정보
생활편의,소매,엘림꽃과일,35.1900824019274,128.991386500105,소상공인시장진흥공단_상가업소정보
음식점,음식점,배스킨라빈스주례동일점,35.1542681897586,128.997502698247,소상공인시장진흥공단_상가업소정보
생활편의,소매,예가창,35.1643345532276,128.977721218153,소상공인시장진흥공단_상가업소정보
생활편의,소매,햇살약국,35.1507448277873,128.990372384165,소상공인시장진흥공단_상가업소정보
음식점,음식점,땡큐노래방,35.1501515473022,129.002855201701,소상공인시장진흥공단_상가업소정보
생활편의,소매,유진쥬얼리,35.1275926627189,128.968364011655,소상공인시장진흥공단_상가업소정보
생활편의,소매,코데즈컴바인이너웨어애플아울렛사상점,35.1631547397614,128.980984825203,소상공인시장진흥공단_상가업소정보
음식점,음식점,춘리마라탕,35.1485146875721,129.012986026806,소상공인시장진흥공단_상가업소정보
음식점,음식점,차이니스,35.1461353881176,129.007024708599,소상공인시장진흥공단_상가업소정보
음식점,음식점,김밥천국이레,35.1744841768131,128.988580340677,소상공인시장진흥공단_상가업소정보
음식점,음식점,막썰어횟집,35.1560345201093,128.984894083018,소상공인시장진흥공단_상가업소정보
음식점,음식점,토이토이바켄,35.1704600791056,128.982281503636,소상공인시장진흥공단_상가업소정보
음식점,음식점,프랭크버거,35.1286388894212,128.972744011655,소상공인시장진흥공단_상가업소정보
생활편의,소매,태영테크,35.1546532469759,128.98614433571,소상공인시장진흥공단_상가업소정보
음식점,음식점,호연,35.1491524890167,129.001689624696,소상공인시장진흥공단_상가업소정보
음식점,음식점,돼지거기,35.1585237128938,128.98697365618,소상공인시장진흥공단_상가업소정보
음식점,음식점,가장맛있는족발,35.1497442307981,129.013290619744,소상공인시장진흥공단_상가업소정보
음식점,음식점,배스킨라빈스부산사상,35.1636249541812,128.984189661304,소상공인시장진흥공단_상가업소정보
음식점,음식점,통큰핫떡볶이,35.1668383878666,128.985518826552,소상공인시장진흥공단_상가업소정보
생활편의,소매,제이킹,35.1643345532276,128.977721218153,소상공인시장진흥공단_상가업소정보
생활편의,소매,세븐부산학장래미안점,35.1405861366816,128.983377881672,소상공인시장진흥공단_상가업소정보
생활편의,소매,코코,35.1248015608605,128.975404610233,소상공인시장진흥공단_상가업소정보
생활편의,소매,콜핑,35.1631547397614,128.980984825203,소상공인시장진흥공단_상가업소정보
생활편의,소매,부산올포유,35.1668575279531,128.982150145547,소상공인시장진흥공단_상가업소정보
음식점,음식점,달록커피,35.1503832014627,129.011715404734,소상공인시장진흥공단_상가업소정보
생활편의,소매,감전마트,35.1561123225254,128.994420502463,소상공인시장진흥공단_상가업소정보
생활편의,소매,엠픽,35.1643345532276,128.977721218153,소상공인시장진흥공단_상가업소정보
음식점,음식점,탕화쿵푸마라탕,35.149132155007,129.012704995692,소상공인시장진흥공단_상가업소정보
음식점,음식점,고고고라이브,35.1663976866989,128.981063495768,소상공인시장진흥공단_상가업소정보
음식점,음식점,안쪽쪽갈비,35.1659520944434,128.983510928597,소상공인시장진흥공단_상가업소정보
음식점,음식점,야행성,35.1640530323782,128.984463439269,소상공인시장진흥공단_상가업소정보
음식점,음식점,신풍구내매점,35.1488075719497,128.983763947268,소상공인시장진흥공단_상가업소정보
생활편의,소매,라이프워크,35.1631547397614,128.980984825203,소상공인시장진흥공단_상가업소정보
생활편의,소매,고려가연,35.1643345532276,128.977721218153,소상공인시장진흥공단_상가업소정보
음식점,음식점,돼지품은해녀,35.1736663579478,128.984598325129,소상공인시장진흥공단_상가업소정보
음식점,음식점,국수수제비,35.1673875099399,128.98115335735,소상공인시장진흥공단_상가업소정보
생활편의,소매,빵장수단팥빵,35.1645426869025,128.983729099027,소상공인시장진흥공단_상가업소정보
생활편의,문화체육,메타PC부,35.1411493235764,128.988602752358,소상공인시장진흥공단_상가업소정보
음식점,음식점,수림식당사상점,35.1602160905835,128.98433728805,소상공인시장진흥공단_상가업소정보
생활편의,소매,우원에너지,35.1749622348562,128.98360910767,소상공인시장진흥공단_상가업소정보
음식점,음식점,황금명태본가,35.161770789922,128.986800255951,소상공인시장진흥공단_상가업소정보
음식점,음식점,영커피,35.1302054507763,128.971728732883,소상공인시장진흥공단_상가업소정보
생활편의,소매,씨유감전,35.1410203913761,128.970574339056,소상공인시장진흥공단_상가업소정보
음식점,음식점,맘스터치피자앤치킨,35.1725717898291,128.982651058141,소상공인시장진흥공단_상가업소정보
음식점,음식점,엘프,35.149132155007,129.012704995692,소상공인시장진흥공단_상가업소정보
생활편의,소매,부산애플K2,35.1631547397614,128.980984825203,소상공인시장진흥공단_상가업소정보
생활편의,소매,세븐부산모라점,35.1917867905457,128.988573886276,소상공인시장진흥공단_상가업소정보
음식점,음식점,미진축산,35.1492492417968,128.999651200756,소상공인시장진흥공단_상가업소정보
음식점,음식점,면가12번지,35.1560817466558,128.979255122632,소상공인시장진흥공단_상가업소정보
생활편의,소매,제이물산,35.1515542652876,129.009571724228,소상공인시장진흥공단_상가업소정보
생활편의,소매,엠케이미트,35.1658960168523,128.98253285457,소상공인시장진흥공단_상가업소정보
음식점,음식점,한우리밥집,35.1387528021332,128.970366082083,소상공인시장진흥공단_상가업소정보
생활편의,문화체육,명노래연습장,35.1550518072289,128.979965348649,소상공인시장진흥공단_상가업소정보
음식점,음식점,공린미방,35.1530206525639,129.011352420854,소상공인시장진흥공단_상가업소정보
생활편의,문화체육,락휴코인노래연습장냉정역점,35.1509565162867,129.012464659484,소상공인시장진흥공단_상가업소정보
음식점,음식점,석청어묵카페,35.1501428407035,129.003381650342,소상공인시장진흥공단_상가업소정보
생활편의,소매,속옷할인매장,35.1723921908439,128.983162529194,소상공인시장진흥공단_상가업소정보
생활편의,소매,이마트24,35.148917793392,129.00443783757,소상공인시장진흥공단_상가업소정보
음식점,음식점,모아모아커피숍,35.1589015242983,128.987564434023,소상공인시장진흥공단_상가업소정보
음식점,음식점,궁전노래방,35.1643834377786,128.984098349473,소상공인시장진흥공단_상가업소정보
음식점,음식점,민들레국수,35.1710102659839,128.981702213099,소상공인시장진흥공단_상가업소정보
생활편의,소매,씨유괘법,35.1652560823764,128.979784740184,소상공인시장진흥공단_상가업소정보
음식점,음식점,이야기포차,35.1923995842464,128.992958005001,소상공인시장진흥공단_상가업소정보
음식점,음식점,1392김치찜,35.1741876292109,128.988529215144,소상공인시장진흥공단_상가업소정보
생활편의,소매,케이,35.1589928748201,128.97592391678,소상공인시장진흥공단_상가업소정보
음식점,음식점,큰집닭강정,35.1733030285963,128.989166183679,소상공인시장진흥공단_상가업소정보
음식점,음식점,중국관,35.1878257369818,128.986128213265,소상공인시장진흥공단_상가업소정보
생활편의,문화체육,미라클짐학장점,35.1385213899725,128.977930238451,소상공인시장진흥공단_상가업소정보
생활편의,소매,씨유주례선셋점,35.1528260958951,129.004061906346,소상공인시장진흥공단_상가업소정보
생활편의,문화체육,허리우드당구장,35.1439106869217,128.988373716522,소상공인시장진흥공단_상가업소정보
음식점,음식점,프랭크버거부산괘법점,35.161543055716,128.986399662789,소상공인시장진흥공단_상가업소정보
음식점,음식점,황금역,35.147568482534,128.999928250879,소상공인시장진흥공단_상가업소정보
음식점,음식점,맛있는떡볶이,35.1725492269033,128.981827371089,소상공인시장진흥공단_상가업소정보
음식점,음식점,민스비비큐,35.172035414985,128.997739770651,소상공인시장진흥공단_상가업소정보
음식점,음식점,크라운호프부산학장점,35.1393393228384,128.979716318108,소상공인시장진흥공단_상가업소정보
음식점,음식점,개미집사상점,35.1622957023653,128.978407089328,소상공인시장진흥공단_상가업소정보
음식점,음식점,오리궁디,35.1662938658573,128.983552153499,소상공인시장진흥공단_상가업소정보
생활편의,소매,오행미젤,35.1520148393462,129.016561471025,소상공인시장진흥공단_상가업소정보
생활편의,보건의료,바른강치과의원,35.1737093820395,128.983622565836,소상공인시장진흥공단_상가업소정보
음식점,음식점,난바우동사상점,35.1690781758615,128.98136997511,소상공인시장진흥공단_상가업소정보
음식점,음식점,마중피엔에프,35.194095993476,128.992823801482,소상공인시장진흥공단_상가업소정보
음식점,음식점,백세면옥,35.1516771541184,128.99176664193,소상공인시장진흥공단_상가업소정보
생활편의,소매,예쎄,35.189222498127,128.99106912108,소상공인시장진흥공단_상가업소정보
음식점,음식점,노크온베이커리,35.1627759141355,128.986506466241,소상공인시장진흥공단_상가업소정보
생활편의,소매,엔비에이,35.1631547397614,128.980984825203,소상공인시장진흥공단_상가업소정보
생활편의,소매,하동축산,35.1385213899725,128.977930238451,소상공인시장진흥공단_상가업소정보
생활편의,소매,사상톨비스트점,35.1631547397614,128.980984825203,소상공인시장진흥공단_상가업소정보
음식점,음식점,혜성식당,35.1781713623644,128.978594255694,소상공인시장진흥공단_상가업소정보
생활편의,소매,태성기획,35.1671496419299,128.983572941874,소상공인시장진흥공단_상가업소정보
생활편의,소매,다겸플라워카페,35.1672328717023,128.983443270091,소상공인시장진흥공단_상가업소정보
생활편의,문화체육,부래옥당구클럽,35.1629025406454,128.985379236575,소상공인시장진흥공단_상가업소정보
음식점,음식점,한-베뷔페/한-베투어,35.1637851437426,128.984862967605,소상공인시장진흥공단_상가업소정보
음식점,음식점,카페051신,35.1544923328933,129.01443906233,소상공인시장진흥공단_상가업소정보
생활편의,소매,욜로,35.1643345532276,128.977721218153,소상공인시장진흥공단_상가업소정보
음식점,음식점,베트남대박,35.1723921908439,128.983162529194,소상공인시장진흥공단_상가업소정보
음식점,음식점,만선포차,35.1558746634037,128.983650256554,소상공인시장진흥공단_상가업소정보
생활편의,소매,구룡주유소,35.1491213768009,128.988807726393,소상공인시장진흥공단_상가업소정보
음식점,음식점,용궁해물뽈찜시원한대구탕,35.1697316109355,128.981089512442,소상공인시장진흥공단_상가업소정보
생활편의,소매,팜스포츠,35.1897174283674,128.99001638397,소상공인시장진흥공단_상가업소정보
생활편의,소매,모라수족관,35.1912198070416,128.98962490131,소상공인시장진흥공단_상가업소정보
생활편의,소매,한신동양문구,35.1690227194633,128.979250508854,소상공인시장진흥공단_상가업소정보
생활편의,문화체육,부산당구장,35.1751763612901,128.988685007052,소상공인시장진흥공단_상가업소정보
생활편의,소매,정원매점,35.1328260528271,128.994960240306,소상공인시장진흥공단_상가업소정보
음식점,음식점,은하커피숍,35.167195139768,128.981894953798,소상공인시장진흥공단_상가업소정보
음식점,음식점,낙동강,35.1880379633353,128.989668057343,소상공인시장진흥공단_상가업소정보
음식점,음식점,원샷포차,35.1542827687471,128.99771153594,소상공인시장진흥공단_상가업소정보
음식점,음식점,미인,35.154965849098,128.979710890232,소상공인시장진흥공단_상가업소정보
음식점,음식점,야시싸롱,35.1924291375668,128.992805037223,소상공인시장진흥공단_상가업소정보
음식점,음식점,송산,35.1464775334331,129.008130274309,소상공인시장진흥공단_상가업소정보
생활편의,문화체육,엠제이실내테니스장,35.1468533031528,128.990277592519,소상공인시장진흥공단_상가업소정보
음식점,음식점,다미돈까스,35.1553320470301,128.978809015884,소상공인시장진흥공단_상가업소정보
음식점,음식점,더벤티,35.1686500553902,128.980547460698,소상공인시장진흥공단_상가업소정보
음식점,음식점,이음,35.1654062133643,128.983826895746,소상공인시장진흥공단_상가업소정보
생활편의,보건의료,나라의료재단스마트나라요양병원,35.1516248728819,128.972936775944,소상공인시장진흥공단_상가업소정보
생활편의,소매,크림신주례반도,35.1536493935518,129.011477626429,소상공인시장진흥공단_상가업소정보
생활편의,소매,오브진,35.1643345532276,128.977721218153,소상공인시장진흥공단_상가업소정보
생활편의,소매,모닝글로리동서대점,35.1461353881176,129.007024708599,소상공인시장진흥공단_상가업소정보
생활편의,소매,다사랑온누리약국,35.1659693669644,128.983006530352,소상공인시장진흥공단_상가업소정보
음식점,음식점,수백당모라점,35.1869607836225,128.988862414956,소상공인시장진흥공단_상가업소정보
생활편의,소매,더무드하우스,35.1389779963469,128.991314530984,소상공인시장진흥공단_상가업소정보
생활편의,소매,김지영,35.1724990603252,128.980487180862,소상공인시장진흥공단_상가업소정보
음식점,음식점,낙지명가아낙촌,35.1259326394664,128.96847762101,소상공인시장진흥공단_상가업소정보
음식점,음식점,우리동네참치정육점,35.1877716533208,128.991066647226,소상공인시장진흥공단_상가업소정보
생활편의,소매,부광식품,35.1305124233891,128.968368479457,소상공인시장진흥공단_상가업소정보
음식점,음식점,고집센그집갈비탕사상점,35.1691481967497,128.980394923064,소상공인시장진흥공단_상가업소정보
생활편의,소매,올리브,35.1708437446894,128.980864074163,소상공인시장진흥공단_상가업소정보
음식점,음식점,순대집,35.1892325726589,128.991552373157,소상공인시장진흥공단_상가업소정보
생활편의,소매,지에스25주례원룸점,35.1477555965702,129.00931372123,소상공인시장진흥공단_상가업소정보
음식점,음식점,아우디,35.1630068453697,128.985063529283,소상공인시장진흥공단_상가업소정보
음식점,음식점,정성숯불두마리치킨,35.1582655231929,128.986232167276,소상공인시장진흥공단_상가업소정보
생활편의,소매,빈팩토리,35.1690729904384,128.988832654502,소상공인시장진흥공단_상가업소정보
생활편의,소매,지에스25덕포메르빌점,35.1709612653708,128.990184672281,소상공인시장진흥공단_상가업소정보
생활편의,소매,대신슈퍼,35.1825861512605,129.000588473303,소상공인시장진흥공단_상가업소정보
음식점,음식점,카페는취미입니다만,35.1634349669484,128.987532100989,소상공인시장진흥공단_상가업소정보
음식점,음식점,굿타임포차클럽,35.1656519497887,128.983679226089,소상공인시장진흥공단_상가업소정보
생활편의,소매,총각정육,35.1712979567614,128.981193370243,소상공인시장진흥공단_상가업소정보
음식점,음식점,엔젤김밥,35.1663698580252,128.982763845952,소상공인시장진흥공단_상가업소정보
생활편의,보건의료,사상퍼스트이비인후과,35.1659693669644,128.983006530352,소상공인시장진흥공단_상가업소정보
생활편의,소매,다겸플라워,35.1672328717023,128.983443270091,소상공인시장진흥공단_상가업소정보
음식점,음식점,정원,35.1876275643818,128.986672249738,소상공인시장진흥공단_상가업소정보
생활편의,소매,빈,35.1643345532276,128.977721218153,소상공인시장진흥공단_상가업소정보
생활편의,소매,진우식품,35.195337383013,128.990768265083,소상공인시장진흥공단_상가업소정보
생활편의,소매,미림식품,35.1408945572532,128.987653054934,소상공인시장진흥공단_상가업소정보
음식점,음식점,청담가라오케,35.1635806527091,128.984693387821,소상공인시장진흥공단_상가업소정보
생활편의,소매,덕포네,35.1714449593935,128.98102133689,소상공인시장진흥공단_상가업소정보
음식점,음식점,찐하오마라탕,35.1536981461065,128.997642376732,소상공인시장진흥공단_상가업소정보
생활편의,소매,지에스25주례롯데,35.1522514922883,128.996838933966,소상공인시장진흥공단_상가업소정보
음식점,음식점,남다른썬치킨,35.1848480751332,128.993487047023,소상공인시장진흥공단_상가업소정보
생활편의,소매,도시멋쟁이,35.1643345532276,128.977721218153,소상공인시장진흥공단_상가업소정보
생활편의,소매,몬똘이,35.1643345532276,128.977721218153,소상공인시장진흥공단_상가업소정보
음식점,음식점,메고지고떡창고부산사상점,35.1666584045638,128.985503475723,소상공인시장진흥공단_상가업소정보
음식점,음식점,참맛도시락,35.1340918252249,128.967708691387,소상공인시장진흥공단_상가업소정보
음식점,음식점,참뽕,35.1731644757661,128.981677677918,소상공인시장진흥공단_상가업소정보
음식점,음식점,컴포즈커피모라,35.185258520419,128.992640878049,소상공인시장진흥공단_상가업소정보
음식점,음식점,동주집,35.1490376649131,129.005362423996,소상공인시장진흥공단_상가업소정보
음식점,음식점,가덕도도매횟집,35.1544714329826,128.997200431645,소상공인시장진흥공단_상가업소정보
음식점,음식점,커피하우스6,35.1558159332781,128.978425711349,소상공인시장진흥공단_상가업소정보
생활편의,소매,탑플러스마트,35.1942973406471,128.99427782851,소상공인시장진흥공단_상가업소정보
생활편의,소매,꼬마대통령,35.1643345532276,128.977721218153,소상공인시장진흥공단_상가업소정보
음식점,음식점,오아시스,35.1562551629208,128.983527820446,소상공인시장진흥공단_상가업소정보
생활편의,소매,드로잉,35.1643345532276,128.977721218153,소상공인시장진흥공단_상가업소정보
음식점,음식점,완수고기덕포점,35.1689250980715,128.982463730454,소상공인시장진흥공단_상가업소정보
음식점,음식점,명품관,35.1633059559115,128.986607150807,소상공인시장진흥공단_상가업소정보
생활편의,소매,지에스25사상스타힐스점,35.1641577673576,128.981920003285,소상공인시장진흥공단_상가업소정보
음식점,음식점,두양명품돼지국밥,35.1934358084485,128.985836652979,소상공인시장진흥공단_상가업소정보
음식점,음식점,수백당,35.1506106923602,129.008868241065,소상공인시장진흥공단_상가업소정보
음식점,음식점,카이젤,35.1497716309706,129.004030873008,소상공인시장진흥공단_상가업소정보
생활편의,소매,애플사상점기비,35.1631547397614,128.980984825203,소상공인시장진흥공단_상가업소정보
생활편의,소매,나라편의점,35.1516248728819,128.972936775944,소상공인시장진흥공단_상가업소정보
음식점,음식점,카페퀸커피,35.1619113340773,128.988120524341,소상공인시장진흥공단_상가업소정보
생활편의,소매,씨유엄궁플렉스점,35.1278309148411,128.969784773983,소상공인시장진흥공단_상가업소정보
음식점,음식점,푸드더팜,35.1461353881176,129.007024708599,소상공인시장진흥공단_상가업소정보
생활편의,소매,크림덕포부원,35.1812831258523,128.990524161653,소상공인시장진흥공단_상가업소정보
음식점,음식점,바로바로수산,35.1560512572211,128.984422652308,소상공인시장진흥공단_상가업소정보
생활편의,소매,금호상회,35.1541464704966,128.982423239727,소상공인시장진흥공단_상가업소정보
생활편의,문화체육,리뜨엉Ⅱ노래연습장,35.1705227473778,128.981756229244,소상공인시장진흥공단_상가업소정보
생활편의,소매,의령상회,35.1305124233891,128.968368479457,소상공인시장진흥공단_상가업소정보
생활편의,소매,꽃이야나무야부산경남,35.1680755467556,128.984813613328,소상공인시장진흥공단_상가업소정보
생활편의,소매,계란,35.1209670674631,128.962369425065,소상공인시장진흥공단_상가업소정보
음식점,음식점,감성커피감전점,35.1555563819599,128.977212405033,소상공인시장진흥공단_상가업소정보
음식점,음식점,열정국밥,35.1742652650557,128.986544557659,소상공인시장진흥공단_상가업소정보
생활편의,소매,지유,35.1379384159311,128.978311071717,소상공인시장진흥공단_상가업소정보
생활편의,소매,후엔쩐화장품,35.1724756603977,128.980815868641,소상공인시장진흥공단_상가업소정보
생활편의,소매,우리유통,35.1541464704966,128.982423239727,소상공인시장진흥공단_상가업소정보
생활편의,문화체육,오엑스PC신,35.1530790544544,129.014887003195,소상공인시장진흥공단_상가업소정보
생활편의,소매,이마트24R모라백양점,35.1839321688572,128.996022241303,소상공인시장진흥공단_상가업소정보
생활편의,소매,아시아마트,35.1719481259748,128.980561616617,소상공인시장진흥공단_상가업소정보
생활편의,소매,주방1번가,35.1521649366255,128.976845041616,소상공인시장진흥공단_상가업소정보
생활편의,소매,연꽃나리,35.1881280597723,128.987474800166,소상공인시장진흥공단_상가업소정보
생활편의,소매,오뉴월,35.1643345532276,128.977721218153,소상공인시장진흥공단_상가업소정보
생활편의,소매,별아이스,35.1534541628144,129.005317213519,소상공인시장진흥공단_상가업소정보
음식점,음식점,1991비어라운지,35.1625904917533,128.985174121384,소상공인시장진흥공단_상가업소정보
음식점,음식점,김밥은,35.1726148088728,128.988820159025,소상공인시장진흥공단_상가업소정보
음식점,음식점,수카페신라대점,35.172035414985,128.997739770651,소상공인시장진흥공단_상가업소정보
음식점,음식점,제주돌담,35.1385213899725,128.977930238451,소상공인시장진흥공단_상가업소정보
생활편의,소매,대박상사,35.1631547397614,128.980984825203,소상공인시장진흥공단_상가업소정보
음식점,음식점,부산에뜬고등어,35.1622149869351,128.978383186416,소상공인시장진흥공단_상가업소정보
생활편의,소매,새밭,35.1390762918877,128.97981965445,소상공인시장진흥공단_상가업소정보
음식점,음식점,수문밥집,35.1437684080008,128.98110724693,소상공인시장진흥공단_상가업소정보
음식점,음식점,고향집&놀부보쌈,35.1642343045877,128.978893016647,소상공인시장진흥공단_상가업소정보
생활편의,소매,태일냉난방에어컨이전설치및수리판매,35.1674361638236,128.985335821375,소상공인시장진흥공단_상가업소정보
생활편의,문화체육,초이당구장,35.156470281482,128.983598882104,소상공인시장진흥공단_상가업소정보
음식점,음식점,25센치,35.1644302968359,128.9845384516,소상공인시장진흥공단_상가업소정보
음식점,음식점,파시랑단팥빵,35.1890880985758,128.99102193159,소상공인시장진흥공단_상가업소정보
음식점,음식점,핀프,35.1494814122073,129.010124202612,소상공인시장진흥공단_상가업소정보
음식점,음식점,댄싱컵사상,35.151856070674,128.990750572033,소상공인시장진흥공단_상가업소정보
생활편의,소매,아이스주례무지개,35.1449615437219,129.004988108652,소상공인시장진흥공단_상가업소정보
음식점,음식점,달과별,35.1636249541812,128.984189661304,소상공인시장진흥공단_상가업소정보
생활편의,소매,레드페이스사상점,35.1275926627189,128.968364011655,소상공인시장진흥공단_상가업소정보
음식점,음식점,심봉사눈뜬오뎅,35.1563705644014,128.98198342823,소상공인시장진흥공단_상가업소정보
생활편의,소매,주얼리코코,35.1643345532276,128.977721218153,소상공인시장진흥공단_상가업소정보
음식점,음식점,한샘분식,35.1856116794978,128.99144204054,소상공인시장진흥공단_상가업소정보
생활편의,문화체육,프렌즈스크린,35.1530790544544,129.014887003195,소상공인시장진흥공단_상가업소정보
생활편의,소매,재능상회,35.1861554621624,128.987415774666,소상공인시장진흥공단_상가업소정보
음식점,음식점,텐퍼센트사상공구,35.1621018704663,128.978687712386,소상공인시장진흥공단_상가업소정보
음식점,음식점,2피자1치킨상회,35.1694774532601,128.989446118473,소상공인시장진흥공단_상가업소정보
음식점,음식점,처갓집양념치킨모라점,35.1886600257299,128.991296895972,소상공인시장진흥공단_상가업소정보
음식점,음식점,도화,35.1632383604075,128.985233765648,소상공인시장진흥공단_상가업소정보
음식점,음식점,이디야커피부산주례퀀텀점,35.1530790544544,129.014887003195,소상공인시장진흥공단_상가업소정보
음식점,음식점,죠스해물포차,35.1864600650413,128.991363952926,소상공인시장진흥공단_상가업소정보
생활편의,소매,농심구내매점,35.186448538518,128.984382269913,소상공인시장진흥공단_상가업소정보
음식점,음식점,안녕식당,35.1500579776532,129.012848494945,소상공인시장진흥공단_상가업소정보
음식점,음식점,밥짓는부엌,35.159757357537,128.980430562506,소상공인시장진흥공단_상가업소정보
생활편의,소매,퍼스트보청기,35.1659693669644,128.983006530352,소상공인시장진흥공단_상가업소정보
생활편의,소매,동원텔레콤모라,35.1914002522396,128.99235177336,소상공인시장진흥공단_상가업소정보
생활편의,소매,은하수악세사리,35.1713810373795,128.981623412626,소상공인시장진흥공단_상가업소정보
음식점,음식점,달빛횟집,35.125520673445,128.968873554057,소상공인시장진흥공단_상가업소정보
생활편의,소매,픽미픽미아이스덕포점,35.1713835588408,128.986419560613,소상공인시장진흥공단_상가업소정보
음식점,음식점,요거트월드사상점,35.1641577673576,128.981920003285,소상공인시장진흥공단_상가업소정보
음식점,음식점,밥풀릭스신라대점,35.1690630791312,128.98943602175,소상공인시장진흥공단_상가업소정보
음식점,음식점,에이미앤조세핀,35.162759517234,128.986407302648,소상공인시장진흥공단_상가업소정보
음식점,음식점,원커피숍,35.1611996375537,128.985359786936,소상공인시장진흥공단_상가업소정보
음식점,음식점,비비큐신,35.1538267823772,129.001859011923,소상공인시장진흥공단_상가업소정보
음식점,음식점,쌈지,35.1571080659492,128.983724100757,소상공인시장진흥공단_상가업소정보
음식점,음식점,천지식당,35.1540120915581,128.97465130565,소상공인시장진흥공단_상가업소정보
음식점,음식점,본죽&비빔밥사상점,35.1645426869025,128.983729099027,소상공인시장진흥공단_상가업소정보
음식점,음식점,세하돈가김해뒷고기,35.1860397778328,128.990069388497,소상공인시장진흥공단_상가업소정보
생활편의,문화체육,연예인노래연습장,35.1925352707479,128.992379493514,소상공인시장진흥공단_상가업소정보
음식점,음식점,이차로치킨,35.1923072776701,128.988707329991,소상공인시장진흥공단_상가업소정보
음식점,음식점,소통,35.1564890722021,128.981349867968,소상공인시장진흥공단_상가업소정보
음식점,음식점,옛날아우내순대,35.1587604014811,128.985179788839,소상공인시장진흥공단_상가업소정보
음식점,음식점,우리동네모라커피,35.1892661183199,128.985120420847,소상공인시장진흥공단_상가업소정보
생활편의,소매,씨유모덕공단로점,35.1825512642531,128.97803087241,소상공인시장진흥공단_상가업소정보
생활편의,소매,지프키즈부산사상애플,35.1631547397614,128.980984825203,소상공인시장진흥공단_상가업소정보
음식점,음식점,돈아돈아,35.1621663509222,128.980807217299,소상공인시장진흥공단_상가업소정보
생활편의,소매,마요,35.1643345532276,128.977721218153,소상공인시장진흥공단_상가업소정보
생활편의,소매,미세스콜드,35.1643345532276,128.977721218153,소상공인시장진흥공단_상가업소정보
음식점,음식점,중화소바지평,35.1608892380021,128.986153315131,소상공인시장진흥공단_상가업소정보
음식점,음식점,모트,35.1688073210567,128.980298857616,소상공인시장진흥공단_상가업소정보
음식점,음식점,조은커피숍,35.191545729457,128.988985164005,소상공인시장진흥공단_상가업소정보
음식점,음식점,인생맛집손칼국수,35.1411606559942,128.982963955545,소상공인시장진흥공단_상가업소정보
생활편의,문화체육,신라당구장,35.1704452901148,128.988679509753,소상공인시장진흥공단_상가업소정보
음식점,음식점,마라대국주례,35.1488557169154,129.013071231919,소상공인시장진흥공단_상가업소정보
생활편의,문화체육,돌샘노래연습장,35.1467618712965,129.000204744797,소상공인시장진흥공단_상가업소정보
음식점,음식점,학장도가,35.1394071693659,128.97887321459,소상공인시장진흥공단_상가업소정보
생활편의,소매,코끼리공구,35.1592592965948,128.977269118202,소상공인시장진흥공단_상가업소정보
생활편의,소매,싱싱과일야채,35.1646369630339,128.981273185741,소상공인시장진흥공단_상가업소정보
음식점,음식점,왕자맥주,35.1536981461065,128.997642376732,소상공인시장진흥공단_상가업소정보
음식점,음식점,고운,35.1608427439047,128.985691293092,소상공인시장진흥공단_상가업소정보
음식점,음식점,춘자뒷고기,35.1705944215727,128.981231172535,소상공인시장진흥공단_상가업소정보
생활편의,소매,담오,35.1476850898658,128.999415430072,소상공인시장진흥공단_상가업소정보
생활편의,소매,대림마트,35.1289377439414,128.978181044549,소상공인시장진흥공단_상가업소정보
음식점,음식점,골목한우,35.1293509972484,128.972179813315,소상공인시장진흥공단_상가업소정보
음식점,음식점,태광상회,35.1790985218211,128.981964434272,소상공인시장진흥공단_상가업소정보
생활편의,소매,반찬푸드,35.1622149869351,128.978383186416,소상공인시장진흥공단_상가업소정보
생활편의,보건의료,늘벗한의원,35.1904505265901,128.98872793356,소상공인시장진흥공단_상가업소정보
음식점,음식점,주례연탄석쇠구이,35.1496505977585,129.002085849723,소상공인시장진흥공단_상가업소정보
음식점,음식점,돌쇠석꼬치,35.1655730755015,128.98464304359,소상공인시장진흥공단_상가업소정보
생활편의,소매,아띠,35.1643345532276,128.977721218153,소상공인시장진흥공단_상가업소정보
음식점,음식점,행운상회,35.1797865582137,128.97901757759,소상공인시장진흥공단_상가업소정보
음식점,음식점,천냥주막,35.1500556534047,129.009732362409,소상공인시장진흥공단_상가업소정보
음식점,음식점,상구야치킨호프모덕점,35.1796852664263,128.985754476491,소상공인시장진흥공단_상가업소정보
생활편의,소매,냥냥이캔따개,35.1643838890964,128.987917340471,소상공인시장진흥공단_상가업소정보
생활편의,소매,안경친구감전점,35.1556063453184,128.990666395226,소상공인시장진흥공단_상가업소정보
생활편의,소매,어반맨,35.1643345532276,128.977721218153,소상공인시장진흥공단_상가업소정보
생활편의,보건의료,한사랑가정의원,35.1283401876507,128.972824559632,소상공인시장진흥공단_상가업소정보
생활편의,문화체육,더베이요트클럽,35.1765508180729,128.987302626041,소상공인시장진흥공단_상가업소정보
생활편의,소매,모라명성약국,35.1875268576536,128.987317452091,소상공인시장진흥공단_상가업소정보
음식점,음식점,백초밥사상점,35.1497483595884,129.002713653492,소상공인시장진흥공단_상가업소정보
음식점,음식점,고구려짬뽕10101애플아울렛사상점,35.1631547397614,128.980984825203,소상공인시장진흥공단_상가업소정보
음식점,음식점,서민맥주,35.1631371276374,128.985911687425,소상공인시장진흥공단_상가업소정보
생활편의,소매,캄보디아식품,35.1726614220002,128.981028904776,소상공인시장진흥공단_상가업소정보
음식점,음식점,윤해주댄스교실,35.1652901853869,128.983758231738,소상공인시장진흥공단_상가업소정보
음식점,음식점,사랑방,35.1704187785258,128.981501282844,소상공인시장진흥공단_상가업소정보
음식점,음식점,커피베리,35.1739110752235,128.98945538374,소상공인시장진흥공단_상가업소정보
생활편의,소매,세상종합물류,35.156470281482,128.983598882104,소상공인시장진흥공단_상가업소정보
음식점,음식점,앤티앤스부산서부시외버스,35.1631547397614,128.980984825203,소상공인시장진흥공단_상가업소정보
음식점,음식점,분식타운,35.1714685735928,128.981230435741,소상공인시장진흥공단_상가업소정보
음식점,음식점,김종구식맛치킨·전기바베큐옛날통닭부산괘법점,35.1641577673576,128.981920003285,소상공인시장진흥공단_상가업소정보
음식점,음식점,지리산황제암돼지,35.1635901832058,128.980808830132,소상공인시장진흥공단_상가업소정보
생활편의,소매,한국장애인노동자협회,35.1309665764575,128.973688709422,소상공인시장진흥공단_상가업소정보
음식점,음식점,먹고마시고,35.1698433323814,128.981421468062,소상공인시장진흥공단_상가업소정보
생활편의,소매,에스마켓사상애플,35.1631547397614,128.980984825203,소상공인시장진흥공단_상가업소정보
음식점,음식점,이게볶음밥,35.1498178703807,129.007224881538,소상공인시장진흥공단_상가업소정보
음식점,음식점,쪽쪽갈비,35.1559578353896,128.98242330541,소상공인시장진흥공단_상가업소정보
음식점,음식점,소담한식뷔페,35.1776739056001,128.984761616746,소상공인시장진흥공단_상가업소정보
생활편의,문화체육,행운로또,35.1370704092017,128.976830998245,소상공인시장진흥공단_상가업소정보
음식점,음식점,더리터덕포점,35.1739474601038,128.986690478996,소상공인시장진흥공단_상가업소정보
생활편의,소매,황금쥬얼리,35.1643345532276,128.977721218153,소상공인시장진흥공단_상가업소정보
음식점,음식점,남이네떡볶이&튀김,35.170350089452,128.980742348056,소상공인시장진흥공단_상가업소정보
생활편의,소매,밀레,35.1298155098603,128.971324429147,소상공인시장진흥공단_상가업소정보
생활편의,소매,쟁이,35.1643345532276,128.977721218153,소상공인시장진흥공단_상가업소정보
생활편의,소매,씨유덕포그랜드점,35.1700520685039,128.983533705219,소상공인시장진흥공단_상가업소정보
생활편의,소매,사상애플아울렛비너스,35.1631547397614,128.980984825203,소상공인시장진흥공단_상가업소정보
음식점,음식점,1973원탁가라오케,35.1629012646048,128.984907328583,소상공인시장진흥공단_상가업소정보
음식점,음식점,호맥부산,35.1522514922883,128.996838933966,소상공인시장진흥공단_상가업소정보
음식점,음식점,더카페애플사상점,35.1631547397614,128.980984825203,소상공인시장진흥공단_상가업소정보
생활편의,문화체육,감전타가스크린골프,35.1528245063809,128.976740303084,소상공인시장진흥공단_상가업소정보
음식점,음식점,막달리네,35.1920344299138,128.992147705678,소상공인시장진흥공단_상가업소정보
음식점,음식점,써브웨이부산,35.1490744615923,129.01292301375,소상공인시장진흥공단_상가업소정보
생활편의,보건의료,박용기내과의원,35.1658960168523,128.98253285457,소상공인시장진흥공단_상가업소정보
음식점,음식점,빽보이피자부산,35.1538267823772,129.001859011923,소상공인시장진흥공단_상가업소정보
생활편의,소매,성현상회,35.1500877455544,128.979877964809,소상공인시장진흥공단_상가업소정보
생활편의,소매,세븐일레븐부산모라점,35.1917867905457,128.988573886276,소상공인시장진흥공단_상가업소정보
음식점,음식점,대한손칼국수,35.1554176937769,128.979634057266,소상공인시장진흥공단_상가업소정보
음식점,음식점,띠에라,35.1502399340472,129.003504724567,소상공인시장진흥공단_상가업소정보
생활편의,문화체육,학성스크린골프,35.1396553870551,128.982982290735,소상공인시장진흥공단_상가업소정보
생활편의,문화체육,행운복권방,35.1862367028848,128.989602179754,소상공인시장진흥공단_상가업소정보
음식점,음식점,앨리스,35.1500575540544,129.011246558702,소상공인시장진흥공단_상가업소정보
음식점,음식점,성장맘스,35.1251402006591,128.970103873532,소상공인시장진흥공단_상가업소정보
음식점,음식점,고기극찬부산사상점,35.1567588204804,128.986338179986,소상공인시장진흥공단_상가업소정보
음식점,음식점,엄마손불향쭈꾸미,35.1557423211488,128.985677033293,소상공인시장진흥공단_상가업소정보
음식점,음식점,노룩커피,35.1279557205073,128.978716717384,소상공인시장진흥공단_상가업소정보
음식점,음식점,골목포차,35.1652732890115,128.984789396463,소상공인시장진흥공단_상가업소정보
생활편의,소매,사이소,35.1552777710483,128.980475577375,소상공인시장진흥공단_상가업소정보
생활편의,소매,행복수산,35.153506211685,129.015753397359,소상공인시장진흥공단_상가업소정보
생활편의,소매,빵구똥구문구야부산엄궁코오롱점,35.1279557205073,128.978716717384,소상공인시장진흥공단_상가업소정보
생활편의,소매,그녀를위하여,35.1643345532276,128.977721218153,소상공인시장진흥공단_상가업소정보
생활편의,소매,밀양활어,35.1490431767275,129.00121515153,소상공인시장진흥공단_상가업소정보
음식점,음식점,사상휴계소,35.1661578753298,128.980849165477,소상공인시장진흥공단_상가업소정보
생활편의,소매,강경젓갈,35.1520373206231,129.002714899693,소상공인시장진흥공단_상가업소정보
음식점,음식점,커피스토어,35.1470423903753,129.000134809277,소상공인시장진흥공단_상가업소정보
음식점,음식점,소나타스탠드클럽,35.1668936394598,128.983797185904,소상공인시장진흥공단_상가업소정보
음식점,음식점,경남식당,35.1505580716598,128.972592820185,소상공인시장진흥공단_상가업소정보
음식점,음식점,빡벳커피괘법점,35.1690227194633,128.979250508854,소상공인시장진흥공단_상가업소정보
음식점,음식점,위러브케이크,35.1569976690807,128.993739842531,소상공인시장진흥공단_상가업소정보
음식점,음식점,루비,35.1627759141355,128.986506466241,소상공인시장진흥공단_상가업소정보
생활편의,소매,광동식품상회,35.1541464704966,128.982423239727,소상공인시장진흥공단_상가업소정보
생활편의,소매,프라잇핏,35.1288699040636,128.971839129929,소상공인시장진흥공단_상가업소정보
음식점,음식점,호,35.1476534927653,129.000237541869,소상공인시장진흥공단_상가업소정보
생활편의,문화체육,올아웃피트니스,35.1677408367929,128.981589937328,소상공인시장진흥공단_상가업소정보
생활편의,문화체육,로또달인,35.1795232877258,128.985190753402,소상공인시장진흥공단_상가업소정보
음식점,음식점,명성고깃집감전점,35.1561138471695,128.982251523923,소상공인시장진흥공단_상가업소정보
생활편의,문화체육,보배로또방,35.152345220948,128.996073154196,소상공인시장진흥공단_상가업소정보
생활편의,소매,그린식품,35.1305124233891,128.968368479457,소상공인시장진흥공단_상가업소정보
음식점,음식점,카페051사상중흥S클래스점,35.1716355283033,128.98369290176,소상공인시장진흥공단_상가업소정보
음식점,음식점,하삼동커피부산괘법점,35.1652254294167,128.979454770783,소상공인시장진흥공단_상가업소정보
생활편의,문화체육,만세탁구장,35.1733197784063,128.989792182505,소상공인시장진흥공단_상가업소정보
음식점,음식점,김가방,35.1610726240531,128.985411567573,소상공인시장진흥공단_상가업소정보
음식점,음식점,정원,35.1877396299336,128.987531201758,소상공인시장진흥공단_상가업소정보
생활편의,소매,폴햄,35.1275926627189,128.968364011655,소상공인시장진흥공단_상가업소정보
음식점,음식점,우주식당,35.1416901989208,128.975373869489,소상공인시장진흥공단_상가업소정보
음식점,음식점,민기네,35.1565571034038,128.983249853336,소상공인시장진흥공단_상가업소정보
음식점,음식점,가마치통닭신라대점,35.1734365284322,128.989268214235,소상공인시장진흥공단_상가업소정보
생활편의,문화체육,봄봄복권판매점,35.1302935565824,128.972959444657,소상공인시장진흥공단_상가업소정보
생활편의,문화체육,제이피테니스사상점,35.1692931444468,128.979246089531,소상공인시장진흥공단_상가업소정보
음식점,음식점,정아실비,35.1697209873978,128.981188027957,소상공인시장진흥공단_상가업소정보
생활편의,소매,다정유통,35.166391936729,128.985266535053,소상공인시장진흥공단_상가업소정보
음식점,음식점,처갓집양념치킨사상점,35.1663084679473,128.983761020754,소상공인시장진흥공단_상가업소정보
생활편의,소매,으뜸플러스안경부산사상점,35.1634972221583,128.984285323531,소상공인시장진흥공단_상가업소정보
음식점,음식점,조은식당,35.172276257528,128.981436614237,소상공인시장진흥공단_상가업소정보
음식점,음식점,24시놀이터점빵,35.1544923328933,129.01443906233,소상공인시장진흥공단_상가업소정보
음식점,음식점,83해치사상점,35.1639590135801,128.985251284444,소상공인시장진흥공단_상가업소정보
생활편의,소매,쓰리GO마트,35.1885519792452,128.986903328026,소상공인시장진흥공단_상가업소정보
음식점,음식점,노랑통닭모라점,35.1877716533208,128.991066647226,소상공인시장진흥공단_상가업소정보
생활편의,소매,산청지리산약초,35.1935985359046,128.993481306527,소상공인시장진흥공단_상가업소정보
음식점,음식점,구주사상점,35.1644825480974,128.984649462368,소상공인시장진흥공단_상가업소정보
음식점,음식점,제일식당,35.1512717061516,128.994499832923,소상공인시장진흥공단_상가업소정보
음식점,음식점,복판통닭,35.1501953077812,129.011633973652,소상공인시장진흥공단_상가업소정보
음식점,음식점,일미식당,35.1672688790824,128.982895420985,소상공인시장진흥공단_상가업소정보
음식점,음식점,시민푸드,35.1497689324673,129.011261398189,소상공인시장진흥공단_상가업소정보
생활편의,소매,미미옷장,35.1478345604564,129.000187115105,소상공인시장진흥공단_상가업소정보
생활편의,소매,영웅텔레콤,35.1643695549365,128.983845608258,소상공인시장진흥공단_상가업소정보
생활편의,소매,씨유감전,35.1508510994563,128.992130532803,소상공인시장진흥공단_상가업소정보
생활편의,문화체육,술이쿠션당구클럽/미소,35.1844165250463,128.986297697807,소상공인시장진흥공단_상가업소정보
음식점,음식점,블루샥덕포점,35.1670027361463,128.982087823788,소상공인시장진흥공단_상가업소정보
생활편의,소매,종합약국,35.1568009691177,128.985966120863,소상공인시장진흥공단_상가업소정보
생활편의,소매,한아름,35.1561523931946,128.982098837543,소상공인시장진흥공단_상가업소정보
생활편의,소매,영빈상회,35.1670698488652,128.984042904734,소상공인시장진흥공단_상가업소정보
음식점,음식점,엠머그링감전점,35.1569690512095,128.985608095589,소상공인시장진흥공단_상가업소정보
생활편의,소매,호주면세점덕포점,35.1719175462579,128.981329132164,소상공인시장진흥공단_상가업소정보
음식점,음식점,계모임,35.1379159907851,128.977476767955,소상공인시장진흥공단_상가업소정보
생활편의,문화체육,로또명당,35.1534807860112,128.998800155903,소상공인시장진흥공단_상가업소정보
생활편의,보건의료,백년미소치과의원,35.1677015726254,128.981786526104,소상공인시장진흥공단_상가업소정보
생활편의,소매,응용공학관1층매점,35.1461353881176,129.007024708599,소상공인시장진흥공단_상가업소정보
생활편의,문화체육,신미인터내셔널,35.1802545884146,128.986207377205,소상공인시장진흥공단_상가업소정보
생활편의,소매,지센사상애플,35.1631547397614,128.980984825203,소상공인시장진흥공단_상가업소정보
음식점,음식점,1989참숯닭갈비,35.1493854034403,129.000137302471,소상공인시장진흥공단_상가업소정보
생활편의,소매,티케이산업,35.1328768728322,128.965386743731,소상공인시장진흥공단_상가업소정보
음식점,음식점,추억여행라이브,35.1547087692815,128.990995651413,소상공인시장진흥공단_상가업소정보
음식점,음식점,딜리버리멀티샵,35.1914951104735,128.988226466859,소상공인시장진흥공단_상가업소정보
음식점,음식점,국자씨,35.1501929396372,129.011776552823,소상공인시장진흥공단_상가업소정보
생활편의,소매,지에스더프레시,35.1275735014296,128.977840905878,소상공인시장진흥공단_상가업소정보
음식점,음식점,김치찜은못참지사상점,35.1641170499503,128.986604933844,소상공인시장진흥공단_상가업소정보
생활편의,소매,제이앤에스밧데리,35.1436789927957,128.970013075191,소상공인시장진흥공단_상가업소정보
음식점,음식점,통통카츠,35.1928192167056,128.992101003196,소상공인시장진흥공단_상가업소정보
음식점,음식점,옛날돈까스,35.1439106869217,128.988373716522,소상공인시장진흥공단_상가업소정보
음식점,음식점,원카츠,35.1500394864539,129.005814924367,소상공인시장진흥공단_상가업소정보
음식점,음식점,고래가라오케,35.1614004748062,128.984102695653,소상공인시장진흥공단_상가업소정보
생활편의,소매,이마트24감전,35.1541025300907,128.977945307486,소상공인시장진흥공단_상가업소정보
생활편의,소매,엄브로,35.1631547397614,128.980984825203,소상공인시장진흥공단_상가업소정보
생활편의,소매,래쉬스튜디오오유,35.1488257653161,129.000738032667,소상공인시장진흥공단_상가업소정보
생활편의,문화체육,로또복권,35.1558711145419,128.984966923088,소상공인시장진흥공단_상가업소정보
음식점,음식점,차차커피코부산덕포역점,35.1716355283033,128.98369290176,소상공인시장진흥공단_상가업소정보
음식점,음식점,기타프레소,35.1587236920664,128.986868787773,소상공인시장진흥공단_상가업소정보
음식점,음식점,순이네포차,35.1704627091686,128.981019453031,소상공인시장진흥공단_상가업소정보
생활편의,소매,신모라생선,35.1900824019274,128.991386500105,소상공인시장진흥공단_상가업소정보
생활편의,소매,덕포서점,35.1691045697163,128.983060723156,소상공인시장진흥공단_상가업소정보
음식점,음식점,순이포차,35.191545729457,128.988985164005,소상공인시장진흥공단_상가업소정보
생활편의,소매,수미과일,35.1721038616354,128.98975157132,소상공인시장진흥공단_상가업소정보
생활편의,소매,안녕약국,35.1403900438137,128.982144386821,소상공인시장진흥공단_상가업소정보
생활편의,소매,애플LACK락,35.1631547397614,128.980984825203,소상공인시장진흥공단_상가업소정보
음식점,음식점,그릭하다,35.1497457158308,129.012116646863,소상공인시장진흥공단_상가업소정보
음식점,음식점,밀,35.1572344052998,128.984813508082,소상공인시장진흥공단_상가업소정보
생활편의,문화체육,에이피엠다이어트댄스,35.1914864897604,128.993682182822,소상공인시장진흥공단_상가업소정보
음식점,음식점,풍년식당,35.182386087419,128.985918981546,소상공인시장진흥공단_상가업소정보
생활편의,소매,뉴코아화장품,35.1560541734806,128.985344452009,소상공인시장진흥공단_상가업소정보
생활편의,소매,"대방마트,대방로또",35.1543169146723,128.996187165409,소상공인시장진흥공단_상가업소정보
음식점,음식점,샤브랑그릴,35.1631547397614,128.980984825203,소상공인시장진흥공단_상가업소정보
음식점,음식점,브뤼트피자,35.1694774532601,128.989446118473,소상공인시장진흥공단_상가업소정보
음식점,음식점,미가,35.1288108527013,128.96604589607,소상공인시장진흥공단_상가업소정보
음식점,음식점,떳쭝카라오케,35.1724871810193,128.98066249561,소상공인시장진흥공단_상가업소정보
생활편의,소매,씨유괘법뉴페이스점,35.1612593138648,128.987215786067,소상공인시장진흥공단_상가업소정보
생활편의,소매,호야네장터,35.1411606559942,128.982963955545,소상공인시장진흥공단_상가업소정보
생활편의,소매,삼성약국,35.141215303194,128.984029465528,소상공인시장진흥공단_상가업소정보
음식점,음식점,에스비에스,35.1510356605756,129.013124942404,소상공인시장진흥공단_상가업소정보
생활편의,소매,컴퓨터수리,35.1556589200965,129.00441669607,소상공인시장진흥공단_상가업소정보
생활편의,문화체육,메니아당구장,35.1690488886384,128.979854752977,소상공인시장진흥공단_상가업소정보
생활편의,문화체육,스마트당구클럽,35.1553367061532,128.978523833862,소상공인시장진흥공단_상가업소정보
생활편의,소매,다온,35.1643345532276,128.977721218153,소상공인시장진흥공단_상가업소정보
음식점,음식점,태희돈까스,35.1752368497461,128.984998699487,소상공인시장진흥공단_상가업소정보
생활편의,소매,온도,35.1643345532276,128.977721218153,소상공인시장진흥공단_상가업소정보
생활편의,소매,청춘과일,35.1742858011603,128.986391401641,소상공인시장진흥공단_상가업소정보
생활편의,소매,동해상회,35.1848380854832,128.978163142166,소상공인시장진흥공단_상가업소정보
음식점,음식점,"카페,현",35.1909037859807,128.984721162933,소상공인시장진흥공단_상가업소정보
음식점,음식점,은하수회관,35.1641577673576,128.981920003285,소상공인시장진흥공단_상가업소정보
생활편의,소매,진이찬방사상신,35.1534314832469,128.997965033604,소상공인시장진흥공단_상가업소정보
음식점,음식점,카사노바미인관,35.1501223466049,129.002986151389,소상공인시장진흥공단_상가업소정보
음식점,음식점,아덴블랑제리주례,35.1522514922883,128.996838933966,소상공인시장진흥공단_상가업소정보
음식점,음식점,연이네빈대떡,35.150394395431,129.011584014662,소상공인시장진흥공단_상가업소정보
생활편의,문화체육,제일기원,35.1501596378499,129.004545107635,소상공인시장진흥공단_상가업소정보
생활편의,문화체육,프리넷노래연습장,35.1876084388651,128.990579667698,소상공인시장진흥공단_상가업소정보
생활편의,보건의료,제일한의원,35.1502399340472,129.003504724567,소상공인시장진흥공단_상가업소정보
생활편의,문화체육,쫑생쫑사,35.1497501394757,129.01347729019,소상공인시장진흥공단_상가업소정보
생활편의,소매,농산물주유소,35.1312101603162,128.968132974297,소상공인시장진흥공단_상가업소정보
생활편의,소매,거화,35.169700675527,128.987926061831,소상공인시장진흥공단_상가업소정보
생활편의,문화체육,인형뽑기좋은날,35.1632161908621,128.984936930736,소상공인시장진흥공단_상가업소정보
음식점,음식점,요달의찜닭사상점,35.1589059878109,128.985644207739,소상공인시장진흥공단_상가업소정보
음식점,음식점,더아우름지점,35.1631547397614,128.980984825203,소상공인시장진흥공단_상가업소정보
생활편의,소매,이마트24학장우성점,35.1407599914337,128.988713959692,소상공인시장진흥공단_상가업소정보
생활편의,소매,고려의료기,35.1499101504152,129.008181719898,소상공인시장진흥공단_상가업소정보
음식점,음식점,맛있소,35.1641577673576,128.981920003285,소상공인시장진흥공단_상가업소정보
생활편의,소매,아이스마을괘법한신,35.1690227194633,128.979250508854,소상공인시장진흥공단_상가업소정보
음식점,음식점,소소비어,35.1543733730055,129.003682900794,소상공인시장진흥공단_상가업소정보
생활편의,소매,후니몰,35.1643345532276,128.977721218153,소상공인시장진흥공단_상가업소정보
음식점,음식점,한솥사상유통단지점,35.1610860466022,128.980188439278,소상공인시장진흥공단_상가업소정보
음식점,음식점,거북이동네부산,35.1500896934282,129.001690640623,소상공인시장진흥공단_상가업소정보
생활편의,문화체육,궁전노래연습장,35.1546531479643,128.998203394018,소상공인시장진흥공단_상가업소정보
음식점,음식점,종가한옥김치찜,35.1587985917234,128.98504903706,소상공인시장진흥공단_상가업소정보
생활편의,소매,아하데이스파학장점,35.1389274039332,128.979004218476,소상공인시장진흥공단_상가업소정보
생활편의,문화체육,조은골프,35.1548204552548,128.991876195987,소상공인시장진흥공단_상가업소정보
생활편의,소매,지에스25감전,35.1553320470301,128.978809015884,소상공인시장진흥공단_상가업소정보
음식점,음식점,씽씽오리,35.1388191991171,128.977904532734,소상공인시장진흥공단_상가업소정보
생활편의,문화체육,취뽀스터디,35.1614468445961,128.986221743799,소상공인시장진흥공단_상가업소정보
음식점,음식점,헤이버터,35.194387270497,128.993742100123,소상공인시장진흥공단_상가업소정보
음식점,음식점,비오크라상,35.1479310438045,129.016109584137,소상공인시장진흥공단_상가업소정보
생활편의,보건의료,사상아름다운치과의원,35.1631547397614,128.980984825203,소상공인시장진흥공단_상가업소정보
음식점,음식점,코지하우스,35.1499901600858,129.005528438837,소상공인시장진흥공단_상가업소정보
생활편의,문화체육,영영노래연습장,35.1296736048474,128.971737846994,소상공인시장진흥공단_상가업소정보
음식점,음식점,달래참숯뒤통구이,35.1698675043263,128.987644778623,소상공인시장진흥공단_상가업소정보
생활편의,소매,동서아시아마트,35.1471131054853,129.008387270951,소상공인시장진흥공단_상가업소정보
음식점,음식점,스테프핫도그사상,35.1631547397614,128.980984825203,소상공인시장진흥공단_상가업소정보
음식점,음식점,마블스퀘어,35.1705458764697,128.983095730633,소상공인시장진흥공단_상가업소정보
생활편의,소매,구르미,35.1607289200267,128.987685718633,소상공인시장진흥공단_상가업소정보
생활편의,소매,삼천포건어물,35.1875576643704,128.987087681292,소상공인시장진흥공단_상가업소정보
음식점,음식점,네네치킨,35.1488676648108,129.011809753907,소상공인시장진흥공단_상가업소정보
음식점,음식점,돈짝학장점,35.1413007812211,128.985962432749,소상공인시장진흥공단_상가업소정보
생활편의,소매,새마을장터,35.171350960615,128.981809258067,소상공인시장진흥공단_상가업소정보
음식점,음식점,몬스터피앤씨사상점,35.1672500322618,128.984596006358,소상공인시장진흥공단_상가업소정보
생활편의,보건의료,센트럴치과의원,35.1626739194398,128.985582181857,소상공인시장진흥공단_상가업소정보
생활편의,보건의료,더죤안마지압원,35.1610701062929,128.98556513727,소상공인시장진흥공단_상가업소정보
생활편의,문화체육,오케이피트니스신,35.1530790544544,129.014887003195,소상공인시장진흥공단_상가업소정보
음식점,음식점,더카페인달달,35.1405104547402,128.987994781904,소상공인시장진흥공단_상가업소정보
생활편의,소매,이수,35.1643345532276,128.977721218153,소상공인시장진흥공단_상가업소정보
생활편의,소매,아이스크림&과자24시할인점,35.1843609156934,128.993519052904,소상공인시장진흥공단_상가업소정보
음식점,음식점,계주사상,35.1641903314197,128.984883789898,소상공인시장진흥공단_상가업소정보
생활편의,소매,사상중흥슈퍼,35.1716355283033,128.98369290176,소상공인시장진흥공단_상가업소정보
음식점,음식점,작은어촌SMALLVILLAGE,35.1641785475656,128.980098812956,소상공인시장진흥공단_상가업소정보
음식점,음식점,대가,35.1529686172454,128.995430033936,소상공인시장진흥공단_상가업소정보
음식점,음식점,민물나라,35.1246475127303,128.971583758221,소상공인시장진흥공단_상가업소정보
생활편의,소매,탁스,35.1528657840903,128.994560693897,소상공인시장진흥공단_상가업소정보
생활편의,보건의료,유플러스치과의원,35.1499525025911,129.000721734361,소상공인시장진흥공단_상가업소정보
음식점,음식점,멋진걸,35.1876713485639,128.987847877604,소상공인시장진흥공단_상가업소정보
생활편의,소매,"시장신발,잡화",35.1876740389674,128.986036702862,소상공인시장진흥공단_상가업소정보
음식점,음식점,조개수산,35.1638682404909,128.986390374958,소상공인시장진흥공단_상가업소정보
음식점,음식점,김종구식맛치킨·전기바베큐옛날통닭학장점,35.1380214044168,128.97764387638,소상공인시장진흥공단_상가업소정보
생활편의,소매,대지상사,35.1580124281577,128.988475523007,소상공인시장진흥공단_상가업소정보
음식점,음식점,황제마왕화덕족발보쌈,35.1942710692172,128.993684369534,소상공인시장진흥공단_상가업소정보
음식점,음식점,동근이숯불두마리치킨,35.1675680726683,128.986634020715,소상공인시장진흥공단_상가업소정보
생활편의,소매,리본모바일RE:BORNMobile&Internet,35.1502399340472,129.003504724567,소상공인시장진흥공단_상가업소정보
음식점,음식점,정프룻,35.1897174283674,128.99001638397,소상공인시장진흥공단_상가업소정보
생활편의,문화체육,핑키펑키사상점,35.1643250749911,128.984360309315,소상공인시장진흥공단_상가업소정보
생활편의,소매,비지에프리테일부산사상,35.1631547397614,128.980984825203,소상공인시장진흥공단_상가업소정보
생활편의,문화체육,부산시민스포츠센터,35.149141641282,129.000164251399,소상공인시장진흥공단_상가업소정보
음식점,음식점,아지트,35.1917402115701,128.992502786643,소상공인시장진흥공단_상가업소정보
음식점,음식점,면은사랑,35.1536493935518,129.011477626429,소상공인시장진흥공단_상가업소정보
생활편의,소매,이마트24부산엄궁로점,35.1296039728405,128.974906334228,소상공인시장진흥공단_상가업소정보
생활편의,소매,케어그린팜,35.172035414985,128.997739770651,소상공인시장진흥공단_상가업소정보
음식점,음식점,더리터사상,35.1688482523608,128.984404384229,소상공인시장진흥공단_상가업소정보
생활편의,소매,부경타이어,35.1466360292097,128.983195559224,소상공인시장진흥공단_상가업소정보
음식점,음식점,에스에치커머스,35.1886593158483,128.980352461594,소상공인시장진흥공단_상가업소정보
생활편의,소매,스콘,35.1643345532276,128.977721218153,소상공인시장진흥공단_상가업소정보
음식점,음식점,수미보리밥,35.1294530371326,128.971447323479,소상공인시장진흥공단_상가업소정보
음식점,음식점,우의정갈비,35.1629060062834,128.987365593269,소상공인시장진흥공단_상가업소정보
음식점,음식점,대길,35.1773464151226,128.989341547356,소상공인시장진흥공단_상가업소정보
음식점,음식점,텐퍼센트커피모덕점,35.1820705208621,128.98262933924,소상공인시장진흥공단_상가업소정보
생활편의,소매,광명당약국,35.1568199101858,128.987009022251,소상공인시장진흥공단_상가업소정보
음식점,음식점,지리산돼지국밥,35.1872492270472,128.987211895571,소상공인시장진흥공단_상가업소정보
음식점,음식점,하이오커피부산덕포점,35.1735257085105,128.989325263884,소상공인시장진흥공단_상가업소정보
생활편의,보건의료,사상튼튼정형외과의원,35.1633696698167,128.984370015884,소상공인시장진흥공단_상가업소정보
생활편의,소매,이화모바일,35.1885328448029,128.990810789843,소상공인시장진흥공단_상가업소정보
생활편의,보건의료,사상연세비앤이치과병원,35.1519911993227,128.989656624232,소상공인시장진흥공단_상가업소정보
음식점,음식점,퍼19,35.1705227473778,128.981756229244,소상공인시장진흥공단_상가업소정보
생활편의,소매,올리비아로렌모라점,35.1880395646577,128.990667026675,소상공인시장진흥공단_상가업소정보
음식점,음식점,오소,35.1654062133643,128.983826895746,소상공인시장진흥공단_상가업소정보
생활편의,소매,신기의료기사상점,35.1672006573907,128.984309470264,소상공인시장진흥공단_상가업소정보
음식점,음식점,남포수제비애플아울렛,35.1631547397614,128.980984825203,소상공인시장진흥공단_상가업소정보
생활편의,소매,유에스아이엠종합유통,35.159757357537,128.980430562506,소상공인시장진흥공단_상가업소정보
음식점,음식점,향기,35.1521985895351,128.995674564601,소상공인시장진흥공단_상가업소정보
음식점,음식점,호야칼국수,35.166829884543,128.984388255345,소상공인시장진흥공단_상가업소정보
음식점,음식점,돈든하다,35.1490970093067,128.999592615196,소상공인시장진흥공단_상가업소정보
생활편의,소매,강남,35.1641504600285,128.983467167922,소상공인시장진흥공단_상가업소정보
음식점,음식점,사상원탁가라오케,35.1628014990612,128.986594879509,소상공인시장진흥공단_상가업소정보
음식점,음식점,악마의비빔밥,35.1495390154537,129.014251100971,소상공인시장진흥공단_상가업소정보
생활편의,소매,청명상회,35.1535203676768,128.979379600518,소상공인시장진흥공단_상가업소정보
음식점,음식점,프랭크버거부산동서대점,35.1468358646712,129.010432158738,소상공인시장진흥공단_상가업소정보
생활편의,문화체육,보훈골프랜드,35.1528536973736,129.008923393492,소상공인시장진흥공단_상가업소정보
음식점,음식점,정성카츠사상점,35.1344047726043,128.974506705217,소상공인시장진흥공단_상가업소정보
음식점,음식점,감전재첩국,35.157747229314,128.988710477006,소상공인시장진흥공단_상가업소정보
음식점,음식점,교작,35.1634804841749,128.984756797216,소상공인시장진흥공단_상가업소정보
생활편의,소매,경남슈퍼,35.1922857058301,128.993306513203,소상공인시장진흥공단_상가업소정보
음식점,음식점,창날집,35.1639489088645,128.98476818173,소상공인시장진흥공단_상가업소정보
음식점,음식점,고반식당사상역점,35.1617733188074,128.987195371647,소상공인시장진흥공단_상가업소정보
음식점,음식점,승승삼겹신,35.1530206525639,129.011352420854,소상공인시장진흥공단_상가업소정보
음식점,음식점,토끼점빵,35.1918206644603,128.987059779654,소상공인시장진흥공단_상가업소정보
음식점,음식점,노란창고,35.1941499812448,128.987895963106,소상공인시장진흥공단_상가업소정보
음식점,음식점,자동떡방앗간,35.1902256288595,128.99144488387,소상공인시장진흥공단_상가업소정보
음식점,음식점,더그래잇,35.1670648306212,128.981046758202,소상공인시장진흥공단_상가업소정보
생활편의,소매,득롱모바일,35.1651989427663,128.979421206128,소상공인시장진흥공단_상가업소정보
음식점,음식점,잇쿠,35.1391586453558,128.98249849985,소상공인시장진흥공단_상가업소정보
음식점,음식점,잔비어,35.1647682505792,128.983712630156,소상공인시장진흥공단_상가업소정보
생활편의,문화체육,위온연습실스튜디오,35.1495280957005,129.005133075875,소상공인시장진흥공단_상가업소정보
음식점,음식점,대박,35.1294530371326,128.971447323479,소상공인시장진흥공단_상가업소정보
음식점,음식점,태백산맥,35.1411606559942,128.982963955545,소상공인시장진흥공단_상가업소정보
음식점,음식점,오슬로우,35.1548849553409,128.991789986374,소상공인시장진흥공단_상가업소정보
음식점,음식점,고더커피,35.1269502220037,128.965748873396,소상공인시장진흥공단_상가업소정보
생활편의,소매,코멕스상회,35.1869126311052,128.980255181768,소상공인시장진흥공단_상가업소정보
음식점,음식점,오늘한잔포차,35.1704452901148,128.988679509753,소상공인시장진흥공단_상가업소정보
음식점,음식점,백양나이트,35.1658748178803,128.983827305819,소상공인시장진흥공단_상가업소정보
생활편의,소매,요기요기할인점,35.1500579776532,129.012848494945,소상공인시장진흥공단_상가업소정보
음식점,음식점,아그집,35.1475849517364,129.001113607109,소상공인시장진흥공단_상가업소정보
생활편의,소매,슈브마켓,35.150873701817,129.003871376723,소상공인시장진흥공단_상가업소정보
음식점,음식점,피자나라치킨공주,35.1585952272274,128.986459650747,소상공인시장진흥공단_상가업소정보
음식점,음식점,복이김밥,35.164122452743,128.981875250003,소상공인시장진흥공단_상가업소정보
음식점,음식점,화개리1972시즌2,35.1751877097602,128.989091378066,소상공인시장진흥공단_상가업소정보
음식점,음식점,신라포차,35.1698399427195,128.988225772595,소상공인시장진흥공단_상가업소정보
음식점,음식점,커피볶는시골커피사상산업단지점,35.1612936411994,128.978514499514,소상공인시장진흥공단_상가업소정보
음식점,음식점,부산항노래방,35.1644619949975,128.984253895459,소상공인시장진흥공단_상가업소정보
음식점,음식점,종로칼국수,35.1604769681724,128.984365573348,소상공인시장진흥공단_상가업소정보
음식점,음식점,파라다이스,35.1634518588376,128.985403564997,소상공인시장진흥공단_상가업소정보
음식점,음식점,또바기김밥,35.1466368520256,129.007761153594,소상공인시장진흥공단_상가업소정보
생활편의,소매,베이프큐냉정점,35.151480906828,129.011819239107,소상공인시장진흥공단_상가업소정보
생활편의,소매,정운축산,35.1541546708245,129.010897544566,소상공인시장진흥공단_상가업소정보
음식점,음식점,마이웨이,35.1590878075662,128.987195872616,소상공인시장진흥공단_상가업소정보
음식점,음식점,남촌안주마을,35.1636624453284,128.984651479674,소상공인시장진흥공단_상가업소정보
음식점,음식점,치킨신드롬,35.1523140066227,128.996873379205,소상공인시장진흥공단_상가업소정보
생활편의,소매,신기의료기,35.1528260958951,129.004061906346,소상공인시장진흥공단_상가업소정보
음식점,음식점,사상백야,35.1645422207853,128.985956830913,소상공인시장진흥공단_상가업소정보
생활편의,소매,국제베크,35.1585490773514,128.981575409841,소상공인시장진흥공단_상가업소정보
음식점,음식점,하동돼지국밥,35.1387356180792,128.978056099395,소상공인시장진흥공단_상가업소정보
생활편의,소매,한국공인금거래소사상점,35.1669326753945,128.982514125977,소상공인시장진흥공단_상가업소정보
생활편의,소매,자연상회,35.1704627091686,128.981019453031,소상공인시장진흥공단_상가업소정보
음식점,음식점,진미푸드,35.1370704092017,128.976830998245,소상공인시장진흥공단_상가업소정보
생활편의,소매,경희상회,35.1829580120006,128.979610384742,소상공인시장진흥공단_상가업소정보
음식점,음식점,이리오시요,35.1875508174048,128.986955788176,소상공인시장진흥공단_상가업소정보
생활편의,소매,금두꺼비,35.1525754682564,128.989747660637,소상공인시장진흥공단_상가업소정보
음식점,음식점,베어분짜,35.1630787472337,128.985624946225,소상공인시장진흥공단_상가업소정보
생활편의,문화체육,보드게임카페레드버튼부산사상점,35.1633696698167,128.984370015884,소상공인시장진흥공단_상가업소정보
음식점,음식점,본가복국,35.1615284862429,128.982339039399,소상공인시장진흥공단_상가업소정보
음식점,음식점,미분당사상점,35.164122452743,128.981875250003,소상공인시장진흥공단_상가업소정보
생활편의,소매,지에스25사상동궁점,35.1232680665339,128.973283541063,소상공인시장진흥공단_상가업소정보
음식점,음식점,티앤비,35.1750797924707,128.98907777291,소상공인시장진흥공단_상가업소정보
음식점,음식점,사랑방국시,35.1558173032887,128.991538396471,소상공인시장진흥공단_상가업소정보
음식점,음식점,새벽푸드,35.1593962341976,128.986523025255,소상공인시장진흥공단_상가업소정보
음식점,음식점,가마치통닭,35.1278804607333,128.974491756304,소상공인시장진흥공단_상가업소정보
생활편의,소매,북경,35.1711117113556,128.988157968618,소상공인시장진흥공단_상가업소정보
음식점,음식점,"부산기정떡잔기지떡,판기지떡",35.1411606559942,128.982963955545,소상공인시장진흥공단_상가업소정보
생활편의,소매,유림산업수상한난방부울경사업소,35.1466728613203,128.994672842967,소상공인시장진흥공단_상가업소정보
음식점,음식점,어썸,35.1657928221467,128.983331471391,소상공인시장진흥공단_상가업소정보
음식점,음식점,천라쿵푸마라탕&마라샹궈,35.1489391588121,129.012930652448,소상공인시장진흥공단_상가업소정보
음식점,음식점,루리베이커리,35.1916044081673,128.991445607501,소상공인시장진흥공단_상가업소정보
음식점,음식점,촌칼국수,35.1841807539224,128.993514651592,소상공인시장진흥공단_상가업소정보
음식점,음식점,바람과구름,35.1572344052998,128.984813508082,소상공인시장진흥공단_상가업소정보
생활편의,소매,흐를플라워,35.150394395431,129.011584014662,소상공인시장진흥공단_상가업소정보
음식점,음식점,거북이동네사상점,35.1647682505792,128.983712630156,소상공인시장진흥공단_상가업소정보
생활편의,소매,골마켓덕포점,35.1802545884146,128.986207377205,소상공인시장진흥공단_상가업소정보
음식점,음식점,부산식당,35.1404970389393,128.974489303198,소상공인시장진흥공단_상가업소정보
생활편의,소매,금성베어링,35.159757357537,128.980430562506,소상공인시장진흥공단_상가업소정보
음식점,음식점,칭따오찐양꼬치,35.1493544698989,129.004733822439,소상공인시장진흥공단_상가업소정보
음식점,음식점,텐퍼센트학장우성점,35.1415116367689,128.989039436629,소상공인시장진흥공단_상가업소정보
음식점,음식점,수림오리집,35.1897174283674,128.99001638397,소상공인시장진흥공단_상가업소정보
생활편의,문화체육,수성스크린골프,35.1532000879538,128.990673596419,소상공인시장진흥공단_상가업소정보
생활편의,문화체육,더진짜휘트니스,35.1530206525639,129.011352420854,소상공인시장진흥공단_상가업소정보
생활편의,보건의료,릴리프여성의원,35.1629601677363,128.984612465139,소상공인시장진흥공단_상가업소정보
생활편의,소매,엠피큐컴퍼니2,35.1532763745884,128.981074441847,소상공인시장진흥공단_상가업소정보
음식점,음식점,함경면옥,35.1631457315728,128.980984606691,소상공인시장진흥공단_상가업소정보
음식점,음식점,엄마네돼지찌개,35.1631457315728,128.980984606691,소상공인시장진흥공단_상가업소정보
음식점,음식점,마라는사랑입니다사상점,35.1648859379185,128.984779981765,소상공인시장진흥공단_상가업소정보
생활편의,소매,담덕소방,35.1379384159311,128.978311071717,소상공인시장진흥공단_상가업소정보
음식점,음식점,전통홍어,35.166504131645,128.983919415402,소상공인시장진흥공단_상가업소정보
생활편의,소매,올리브,35.1643345532276,128.977721218153,소상공인시장진흥공단_상가업소정보
생활편의,소매,세븐일레븐부산사상원룸점,35.1656203242084,128.981757963325,소상공인시장진흥공단_상가업소정보
음식점,음식점,청년피자사상,35.1510617889754,129.006662940072,소상공인시장진흥공단_상가업소정보
생활편의,소매,더미트,35.1410129638281,128.983728338407,소상공인시장진흥공단_상가업소정보
생활편의,소매,석이상회,35.186206800893,128.989228232275,소상공인시장진흥공단_상가업소정보
생활편의,문화체육,청룡복권방,35.1603594056006,128.987687699395,소상공인시장진흥공단_상가업소정보
생활편의,소매,한일종합주방,35.1399606210177,128.98085038875,소상공인시장진흥공단_상가업소정보
생활편의,소매,재재언니2,35.1643345532276,128.977721218153,소상공인시장진흥공단_상가업소정보
음식점,음식점,대박,35.1725157376234,128.982221664728,소상공인시장진흥공단_상가업소정보
음식점,음식점,정가네콩나물해장국밥,35.1545471635674,128.990958794527,소상공인시장진흥공단_상가업소정보
음식점,음식점,밥짓는부엌,35.1909037859807,128.984721162933,소상공인시장진흥공단_상가업소정보
음식점,음식점,초원쪽갈비,35.1646944457721,128.985466697384,소상공인시장진흥공단_상가업소정보
생활편의,소매,맛나라,35.1680959574534,128.981916818778,소상공인시장진흥공단_상가업소정보
생활편의,소매,엠더블유커스텀,35.1719430144599,128.982526036916,소상공인시장진흥공단_상가업소정보
음식점,음식점,뚜레쥬르부산사상,35.1519614694052,128.990369106256,소상공인시장진흥공단_상가업소정보
생활편의,소매,참맛어묵,35.1714102162561,128.981492420431,소상공인시장진흥공단_상가업소정보
음식점,음식점,은맥주커피,35.1546972270359,128.982359795358,소상공인시장진흥공단_상가업소정보
음식점,음식점,무봤나돼지창살,35.1551701136109,128.985399776152,소상공인시장진흥공단_상가업소정보
음식점,음식점,건화갈비탕,35.1553142098152,128.978797610931,소상공인시장진흥공단_상가업소정보
음식점,음식점,사랑방분식,35.1918016643112,128.9920541995,소상공인시장진흥공단_상가업소정보
음식점,음식점,꼬꼬맘춘천닭갈비모라점,35.1895208480562,128.991010537419,소상공인시장진흥공단_상가업소정보
생활편의,소매,씨유주례원룸점,35.1498213648083,129.014071536574,소상공인시장진흥공단_상가업소정보
생활편의,소매,와이모터스,35.1736547939042,128.983654165407,소상공인시장진흥공단_상가업소정보
생활편의,소매,씨유모라1차우성점,35.1877716533208,128.991066647226,소상공인시장진흥공단_상가업소정보
음식점,음식점,래빗,35.1505004648529,129.012793563053,소상공인시장진흥공단_상가업소정보
음식점,음식점,심할매치킨,35.150918131572,129.00445399452,소상공인시장진흥공단_상가업소정보
생활편의,소매,코끼리통신,35.1286496830916,128.972634578984,소상공인시장진흥공단_상가업소정보
음식점,음식점,몬스터커피부산모라점,35.1909037859807,128.984721162933,소상공인시장진흥공단_상가업소정보
생활편의,소매,현대콘베아,35.1528234140891,128.980668446694,소상공인시장진흥공단_상가업소정보
생활편의,문화체육,욜로PC방부산학장점,35.1384943652467,128.977929584523,소상공인시장진흥공단_상가업소정보
음식점,음식점,가배원,35.1499340836266,129.002926675693,소상공인시장진흥공단_상가업소정보
생활편의,문화체육,백양산노래연습장,35.1866708607933,128.991149556118,소상공인시장진흥공단_상가업소정보
생활편의,소매,도로시,35.1643345532276,128.977721218153,소상공인시장진흥공단_상가업소정보
생활편의,소매,법륜불교용품,35.1723921908439,128.983162529194,소상공인시장진흥공단_상가업소정보
생활편의,소매,파티파티아이스신라대점,35.1733197784063,128.989792182505,소상공인시장진흥공단_상가업소정보
생활편의,문화체육,404피트니스사상점,35.1616142084671,128.985907576522,소상공인시장진흥공단_상가업소정보
생활편의,소매,제이와이메디파마,35.1532763745884,128.981074441847,소상공인시장진흥공단_상가업소정보
음식점,음식점,카페마일로사상디지털밸리점,35.1556437861655,128.986190364663,소상공인시장진흥공단_상가업소정보
생활편의,소매,마리손,35.1643345532276,128.977721218153,소상공인시장진흥공단_상가업소정보
생활편의,문화체육,준당구클럽,35.1906120741919,128.991509204999,소상공인시장진흥공단_상가업소정보
음식점,음식점,투썸플레이스부산사상점,35.1641504600285,128.983467167922,소상공인시장진흥공단_상가업소정보
음식점,음식점,닭튀기는남자,35.1916789817674,128.991842626664,소상공인시장진흥공단_상가업소정보
음식점,음식점,서영횟집,35.1563887151664,128.984727121379,소상공인시장진흥공단_상가업소정보
음식점,음식점,텐퍼센트신모라점,35.1857307530474,128.991873047322,소상공인시장진흥공단_상가업소정보
음식점,음식점,평강오리,35.1487359143455,129.000176263469,소상공인시장진흥공단_상가업소정보
음식점,음식점,커피몬스터삼락공원점,35.1696794110479,128.977115365117,소상공인시장진흥공단_상가업소정보
음식점,음식점,쭈꾸미공격대,35.1468627234191,129.000646081087,소상공인시장진흥공단_상가업소정보
음식점,음식점,온스김밥,35.1877716533208,128.991066647226,소상공인시장진흥공단_상가업소정보
음식점,음식점,오리명가모라,35.1857425191942,128.989513291314,소상공인시장진흥공단_상가업소정보
생활편의,소매,대원에너지산업,35.1844174352268,128.987340513636,소상공인시장진흥공단_상가업소정보
생활편의,소매,현인테리어,35.185317888872,129.00106159031,소상공인시장진흥공단_상가업소정보
음식점,음식점,백가네,35.1911586368304,128.992795957169,소상공인시장진흥공단_상가업소정보
음식점,음식점,79대포부산,35.1502299633161,129.012260237624,소상공인시장진흥공단_상가업소정보
음식점,음식점,"안녕,커피",35.1701799797901,128.983427064107,소상공인시장진흥공단_상가업소정보
음식점,음식점,청년피자모라점,35.185258520419,128.992640878049,소상공인시장진흥공단_상가업소정보
생활편의,문화체육,일등로또,35.1542441081784,129.004414899579,소상공인시장진흥공단_상가업소정보
음식점,음식점,김밥나라,35.12571905508,128.971083082888,소상공인시장진흥공단_상가업소정보
생활편의,소매,에스덴텍,35.1629601677363,128.984612465139,소상공인시장진흥공단_상가업소정보
생활편의,문화체육,풀핏덕포,35.1745610420513,128.984444468849,소상공인시장진흥공단_상가업소정보
생활편의,소매,토담상회,35.1847591608884,128.984637560769,소상공인시장진흥공단_상가업소정보
음식점,음식점,샤브연리지모라점,35.1858853774728,128.990142461586,소상공인시장진흥공단_상가업소정보
음식점,음식점,새마을식당,35.1626905408206,128.989511224007,소상공인시장진흥공단_상가업소정보
음식점,음식점,청계옥,35.1608892380021,128.986153315131,소상공인시장진흥공단_상가업소정보
음식점,음식점,불난포차,35.1480702200862,129.000105108874,소상공인시장진흥공단_상가업소정보
생활편의,문화체육,스터디카페153,35.1835788378955,128.993401157373,소상공인시장진흥공단_상가업소정보
음식점,음식점,마실커피덕포남영점,35.1704452901148,128.988679509753,소상공인시장진흥공단_상가업소정보
음식점,음식점,텐퍼센트커피모라역점,35.1920851337944,128.989064182105,소상공인시장진흥공단_상가업소정보
생활편의,소매,부산출장배터리,35.172735325069,128.990260845742,소상공인시장진흥공단_상가업소정보
음식점,음식점,철인7호사상점,35.16472885969,128.985566301255,소상공인시장진흥공단_상가업소정보
생활편의,소매,내아이멍멍,35.1290158883186,128.973389329459,소상공인시장진흥공단_상가업소정보
음식점,음식점,동해산오징어회통찜,35.1629025406454,128.985379236575,소상공인시장진흥공단_상가업소정보
생활편의,소매,나이스크림덕포점,35.1722606085515,128.988987132352,소상공인시장진흥공단_상가업소정보
음식점,음식점,투헨클럽,35.1625904917533,128.985174121384,소상공인시장진흥공단_상가업소정보
음식점,음식점,별별상회,35.163970029137,128.9862282405,소상공인시장진흥공단_상가업소정보
생활편의,소매,원창상사,35.1877342031519,128.990055829661,소상공인시장진흥공단_상가업소정보
생활편의,소매,치코치코,35.1643345532276,128.977721218153,소상공인시장진흥공단_상가업소정보
생활편의,소매,에이플러스마트,35.1814391589535,128.989803527157,소상공인시장진흥공단_상가업소정보
생활편의,소매,세븐일레븐부산사상,35.163822130008,128.987003797564,소상공인시장진흥공단_상가업소정보
음식점,음식점,하삼동커피신,35.1536493935518,129.011477626429,소상공인시장진흥공단_상가업소정보
음식점,음식점,우라마치사카바,35.1652732890115,128.984789396463,소상공인시장진흥공단_상가업소정보
음식점,음식점,열두족,35.1492588299124,129.004523007794,소상공인시장진흥공단_상가업소정보
음식점,음식점,송림식당,35.1458600448377,128.987653136066,소상공인시장진흥공단_상가업소정보
음식점,음식점,더벤티사상공단점,35.1527629920059,128.977748288121,소상공인시장진흥공단_상가업소정보
생활편의,문화체육,오엑스피시양지로점,35.1538649284338,129.003911827996,소상공인시장진흥공단_상가업소정보
생활편의,소매,홀리카홀리카애플아울렛사상점,35.1631457315728,128.980984606691,소상공인시장진흥공단_상가업소정보
생활편의,소매,영앤리치,35.1643345532276,128.977721218153,소상공인시장진흥공단_상가업소정보
음식점,음식점,신전떡볶이,35.1644701409731,128.985406373347,소상공인시장진흥공단_상가업소정보
음식점,음식점,스테이크어스애플사상점,35.1631457315728,128.980984606691,소상공인시장진흥공단_상가업소정보
음식점,음식점,달별,35.1501110061288,129.00584959648,소상공인시장진흥공단_상가업소정보
음식점,음식점,유수,35.1664517213834,128.984368090925,소상공인시장진흥공단_상가업소정보
음식점,음식점,샵1604,35.1683432388909,128.980572942299,소상공인시장진흥공단_상가업소정보
생활편의,소매,본동식육점,35.1288829232973,128.972146585391,소상공인시장진흥공단_상가업소정보
생활편의,소매,욜로,35.1643345532276,128.977721218153,소상공인시장진흥공단_상가업소정보
음식점,음식점,미진축산학장점,35.1407048274485,128.982733478544,소상공인시장진흥공단_상가업소정보
음식점,음식점,불닭발땡초엽기떡볶이부산사상점,35.1629601677363,128.984612465139,소상공인시장진흥공단_상가업소정보
생활편의,소매,요기요기할인점,35.1467395054207,129.009179019509,소상공인시장진흥공단_상가업소정보
생활편의,소매,도그마캣부산사상점,35.164122452743,128.981875250003,소상공인시장진흥공단_상가업소정보
생활편의,문화체육,씨유고시텔,35.166850104102,128.98150247445,소상공인시장진흥공단_상가업소정보
생활편의,문화체육,나인스토리포켓클럽,35.1573841082945,128.984476978267,소상공인시장진흥공단_상가업소정보
음식점,음식점,몰리노커피,35.1370704092017,128.976830998245,소상공인시장진흥공단_상가업소정보
음식점,음식점,바나타이거,35.1636249541812,128.984189661304,소상공인시장진흥공단_상가업소정보
음식점,음식점,복이네,35.1638234989543,128.980869359384,소상공인시장진흥공단_상가업소정보
생활편의,소매,포포아이스학장점,35.1405861366816,128.983377881672,소상공인시장진흥공단_상가업소정보
생활편의,문화체육,호수노래연습장,35.1880395646577,128.990667026675,소상공인시장진흥공단_상가업소정보
음식점,음식점,육마당,35.1656748424935,128.980628937113,소상공인시장진흥공단_상가업소정보
음식점,음식점,짚불맥주,35.1305704661822,128.974216656465,소상공인시장진흥공단_상가업소정보
생활편의,소매,세븐일레븐부산감전낙동점,35.1427321342592,128.971712730468,소상공인시장진흥공단_상가업소정보
음식점,음식점,더벤티,35.1490420746559,129.012702776755,소상공인시장진흥공단_상가업소정보
음식점,음식점,하삼동커피주감점,35.1543506321519,128.998514202832,소상공인시장진흥공단_상가업소정보
음식점,음식점,허츠,35.164122452743,128.981875250003,소상공인시장진흥공단_상가업소정보
음식점,음식점,분식에끌리다,35.1643577590906,128.987313130348,소상공인시장진흥공단_상가업소정보
생활편의,소매,뚱모바일,35.1508160239604,129.0040894064,소상공인시장진흥공단_상가업소정보
음식점,음식점,해피샌데이,35.148229551187,129.011706267913,소상공인시장진흥공단_상가업소정보
생활편의,문화체육,스피드운전면허,35.1771408773407,128.982092511166,소상공인시장진흥공단_상가업소정보
음식점,음식점,진만두가,35.1716355283033,128.98369290176,소상공인시장진흥공단_상가업소정보
음식점,음식점,경성닭발,35.1861776047883,128.989908094902,소상공인시장진흥공단_상가업소정보
음식점,음식점,하이오커피감전,35.1535515752049,128.987379403475,소상공인시장진흥공단_상가업소정보
음식점,음식점,종가집돼지국밥,35.1438252759755,128.987537818792,소상공인시장진흥공단_상가업소정보
생활편의,소매,다이소부산학장점,35.1407093546848,128.987955736091,소상공인시장진흥공단_상가업소정보
음식점,음식점,원.투.쓰리,35.150918131572,129.00445399452,소상공인시장진흥공단_상가업소정보
음식점,음식점,신가네밀면,35.1572344052998,128.984813508082,소상공인시장진흥공단_상가업소정보
음식점,음식점,송이커피맥주,35.169511790384,128.98075493523,소상공인시장진흥공단_상가업소정보
생활편의,소매,"다모아,르네",35.1643345532276,128.977721218153,소상공인시장진흥공단_상가업소정보
음식점,음식점,짬뽕관부산사상점,35.1519814704487,128.989700276919,소상공인시장진흥공단_상가업소정보
생활편의,문화체육,달콤한상상,35.1498978260464,129.006206441837,소상공인시장진흥공단_상가업소정보
음식점,음식점,달달한카스테라,35.1698934319585,128.981664130205,소상공인시장진흥공단_상가업소정보
음식점,음식점,청해안,35.167075633398,128.980937275751,소상공인시장진흥공단_상가업소정보
음식점,음식점,낙동청둥오리숯불구이,35.1471269410115,129.014608565933,소상공인시장진흥공단_상가업소정보
음식점,음식점,터치노래방,35.1585266868086,128.984043859099,소상공인시장진흥공단_상가업소정보
생활편의,소매,한방화장품,35.166210252254,128.983155046456,소상공인시장진흥공단_상가업소정보
생활편의,문화체육,준당구클럽,35.1415116367689,128.989039436629,소상공인시장진흥공단_상가업소정보
음식점,음식점,텐퍼센트,35.1542117893436,128.997643964101,소상공인시장진흥공단_상가업소정보
음식점,음식점,장미커피숍,35.1922716113791,128.987586721801,소상공인시장진흥공단_상가업소정보
음식점,음식점,탕후루마켓,35.1690524278136,128.986242123171,소상공인시장진흥공단_상가업소정보
음식점,음식점,산성식육점사상점,35.1633830305276,128.985204360629,소상공인시장진흥공단_상가업소정보
음식점,음식점,카페반미콩부산,35.1488284826962,129.000573519876,소상공인시장진흥공단_상가업소정보
음식점,음식점,냅다청양집,35.1497961145596,129.004185082608,소상공인시장진흥공단_상가업소정보
생활편의,소매,엔에스테크,35.159757357537,128.980430562506,소상공인시장진흥공단_상가업소정보
음식점,음식점,오늘도수고했어토닭토닭,35.1562109298355,128.981825933143,소상공인시장진흥공단_상가업소정보
생활편의,소매,베베뮤,35.1643345532276,128.977721218153,소상공인시장진흥공단_상가업소정보
음식점,음식점,죠샌드위치부산사상,35.1551523239575,128.991423429297,소상공인시장진흥공단_상가업소정보
음식점,음식점,쓰리엑스라지커피,35.159846793831,128.985425663169,소상공인시장진흥공단_상가업소정보
생활편의,문화체육,오렌지노래연습장,35.1562109298355,128.981825933143,소상공인시장진흥공단_상가업소정보
생활편의,소매,초이옷장,35.1379384159311,128.978311071717,소상공인시장진흥공단_상가업소정보
음식점,음식점,황진이포장센타,35.1652611603207,128.983329532673,소상공인시장진흥공단_상가업소정보
생활편의,소매,얼리브,35.1643345532276,128.977721218153,소상공인시장진흥공단_상가업소정보
음식점,음식점,시골밥상,35.1925247198974,128.985342425625,소상공인시장진흥공단_상가업소정보
음식점,음식점,한우통,35.1394789736608,128.979993969106,소상공인시장진흥공단_상가업소정보
생활편의,소매,골든뷰,35.1643345532276,128.977721218153,소상공인시장진흥공단_상가업소정보
음식점,음식점,숙이곱창,35.1919828113761,128.987612618823,소상공인시장진흥공단_상가업소정보
생활편의,소매,참바른약국,35.1388212757465,128.978880971768,소상공인시장진흥공단_상가업소정보
생활편의,소매,지에스25주례반도,35.1536493935518,129.011477626429,소상공인시장진흥공단_상가업소정보
음식점,음식점,커피맥주오늘도한잔,35.1689340450173,128.981366477486,소상공인시장진흥공단_상가업소정보
음식점,음식점,인생아구찜사상점,35.1688482523608,128.984404384229,소상공인시장진흥공단_상가업소정보
음식점,음식점,소문난밥집,35.1731388872597,128.986539098294,소상공인시장진흥공단_상가업소정보
음식점,음식점,빵사랑베이커리,35.1366628826388,128.992355168113,소상공인시장진흥공단_상가업소정보
음식점,음식점,제이제이에프앤비제주옥탑,35.1652451774772,128.981002613009,소상공인시장진흥공단_상가업소정보
생활편의,소매,에쓰알디더리치주유소,35.1287981901927,128.969599657041,소상공인시장진흥공단_상가업소정보
생활편의,소매,탑월드후레쉬,35.1408945572532,128.987653054934,소상공인시장진흥공단_상가업소정보
생활편의,소매,다온이앤티,35.1882414964287,128.980002023797,소상공인시장진흥공단_상가업소정보
생활편의,소매,세븐부산감전낙동점,35.1427321342592,128.971712730468,소상공인시장진흥공단_상가업소정보
생활편의,소매,올림푸드,35.1950493514965,128.987456796409,소상공인시장진흥공단_상가업소정보
생활편의,소매,유엘로,35.1536777065847,128.989576998821,소상공인시장진흥공단_상가업소정보
음식점,음식점,홍우아레밀,35.1464775334331,129.008130274309,소상공인시장진흥공단_상가업소정보
음식점,음식점,뚜레쥬르부산학장,35.1408945572532,128.987653054934,소상공인시장진흥공단_상가업소정보
생활편의,소매,세븐부산감전공단점,35.1442919927997,128.971662592336,소상공인시장진흥공단_상가업소정보
생활편의,소매,싸커피씨,35.1796248195349,128.982844329811,소상공인시장진흥공단_상가업소정보
생활편의,소매,원스톱바이크몰,35.1420754403935,128.981581850625,소상공인시장진흥공단_상가업소정보
생활편의,소매,제이에스글로벌,35.1257271088995,128.96503939947,소상공인시장진흥공단_상가업소정보
생활편의,보건의료,한국보훈복지의료공단부산요양병원,35.1528919989817,129.008244041345,소상공인시장진흥공단_상가업소정보
생활편의,소매,미미플라워,35.1928077651597,128.988961044888,소상공인시장진흥공단_상가업소정보
생활편의,보건의료,힘찬한의원,35.1500442343067,129.002260076946,소상공인시장진흥공단_상가업소정보
생활편의,보건의료,인덕한의원,35.1733197784063,128.989792182505,소상공인시장진흥공단_상가업소정보
생활편의,소매,인생고기,35.1690729904384,128.988832654502,소상공인시장진흥공단_상가업소정보
생활편의,소매,부자농산,35.1305124233891,128.968368479457,소상공인시장진흥공단_상가업소정보
생활편의,소매,월플레르,35.1344043244152,128.976744589339,소상공인시장진흥공단_상가업소정보
생활편의,소매,제이플라워,35.1545891953055,128.973524084997,소상공인시장진흥공단_상가업소정보
생활편의,소매,착한고깃간,35.1712394200004,128.981466325078,소상공인시장진흥공단_상가업소정보
생활편의,소매,안푸드,35.1938939622457,128.985924652724,소상공인시장진흥공단_상가업소정보
생활편의,소매,지연상회,35.1305124233891,128.968368479457,소상공인시장진흥공단_상가업소정보
생활편의,소매,동화과일,35.1664259910294,128.985388080922,소상공인시장진흥공단_상가업소정보
생활편의,문화체육,부산시민키즈아카데미,35.149141641282,129.000164251399,소상공인시장진흥공단_상가업소정보
생활편의,소매,르크리장뗌,35.1532344641667,128.977573167464,소상공인시장진흥공단_상가업소정보
생활편의,소매,365과일,35.1764737118544,128.988705638782,소상공인시장진흥공단_상가업소정보
생활편의,소매,대구식육점,35.1408945572532,128.987653054934,소상공인시장진흥공단_상가업소정보
음식점,음식점,노가리사상,35.1637335965045,128.980856204691,소상공인시장진흥공단_상가업소정보
음식점,음식점,타코락,35.1892325726589,128.991552373157,소상공인시장진흥공단_상가업소정보
음식점,음식점,70년대소금구이,35.1568083427228,128.985516404588,소상공인시장진흥공단_상가업소정보
음식점,음식점,두꺼비막창,35.1496086922445,129.011685363147,소상공인시장진흥공단_상가업소정보
음식점,음식점,망고,35.1700455511104,128.982831156561,소상공인시장진흥공단_상가업소정보
음식점,음식점,반궁애플사상점,35.1631457315728,128.980984606691,소상공인시장진흥공단_상가업소정보
음식점,음식점,영커피모라주공점,35.1841746632884,128.996072079689,소상공인시장진흥공단_상가업소정보
생활편의,문화체육,나이스노래연습장,35.1697655519799,128.98231951521,소상공인시장진흥공단_상가업소정보
생활편의,소매,진주잡화,35.1710287884451,128.981120988483,소상공인시장진흥공단_상가업소정보
생활편의,소매,지에스칼텍스강변주유소,35.1220894299652,128.962067299192,소상공인시장진흥공단_상가업소정보
음식점,음식점,아방궁커피숍,35.1701278542988,128.982207588274,소상공인시장진흥공단_상가업소정보
음식점,음식점,시골농장오리,35.1935197259769,128.984016346876,소상공인시장진흥공단_상가업소정보
음식점,음식점,도우분식,35.1886283660733,128.986641732016,소상공인시장진흥공단_상가업소정보
생활편의,소매,지니팜,35.1532763745884,128.981074441847,소상공인시장진흥공단_상가업소정보
음식점,음식점,카페인중독부산사상점,35.1651217004365,128.983040816689,소상공인시장진흥공단_상가업소정보
음식점,음식점,철따라,35.170319475694,128.980961103167,소상공인시장진흥공단_상가업소정보
생활편의,소매,히어리즈,35.1591806030523,128.988130867316,소상공인시장진흥공단_상가업소정보
음식점,음식점,오렌지버터,35.1606620845493,128.982416772704,소상공인시장진흥공단_상가업소정보
음식점,음식점,프렌치커피,35.1643345532276,128.977721218153,소상공인시장진흥공단_상가업소정보
음식점,음식점,내맘고주례내맘을훔친고기,35.1471316984839,129.000729468574,소상공인시장진흥공단_상가업소정보
생활편의,소매,아지트뜨개방,35.1704187785258,128.981501282844,소상공인시장진흥공단_상가업소정보
음식점,음식점,탑텐노래타운,35.1637851437426,128.984862967605,소상공인시장진흥공단_상가업소정보
생활편의,문화체육,타가스크린,35.1538898543664,128.9848858643,소상공인시장진흥공단_상가업소정보
음식점,음식점,홍두께칼국수,35.1725717898291,128.982651058141,소상공인시장진흥공단_상가업소정보
음식점,음식점,준코뮤직타운사상점,35.1633696698167,128.984370015884,소상공인시장진흥공단_상가업소정보
음식점,음식점,호맥사상점,35.1656652936821,128.983964880948,소상공인시장진흥공단_상가업소정보
음식점,음식점,양지떡방앗간,35.1542788202658,129.003406264647,소상공인시장진흥공단_상가업소정보
음식점,음식점,구공스지,35.1880531082263,128.98874633684,소상공인시장진흥공단_상가업소정보
생활편의,소매,세컨드필드,35.1525754682564,128.989747660637,소상공인시장진흥공단_상가업소정보
음식점,음식점,삼겹식당사상점,35.1613982159657,128.986988718595,소상공인시장진흥공단_상가업소정보
생활편의,소매,한사랑약국,35.1677015726254,128.981786526104,소상공인시장진흥공단_상가업소정보
음식점,음식점,술점빵,35.1922580067439,128.992251965837,소상공인시장진흥공단_상가업소정보
생활편의,문화체육,케이팝동전노래연습장모라점,35.1854050495359,128.990855222013,소상공인시장진흥공단_상가업소정보
음식점,음식점,글램,35.1503109316378,129.01281083813,소상공인시장진흥공단_상가업소정보
음식점,음식점,꾸이한끼,35.1642343045877,128.978893016647,소상공인시장진흥공단_상가업소정보
생활편의,소매,상하이,35.1616024873403,128.985523211766,소상공인시장진흥공단_상가업소정보
음식점,음식점,동주막걸리,35.1494760444159,129.005011106156,소상공인시장진흥공단_상가업소정보
음식점,음식점,구만족발보쌈,35.1636089539488,128.985165956707,소상공인시장진흥공단_상가업소정보
음식점,음식점,뚱이이모포차,35.1699304351703,128.979952953503,소상공인시장진흥공단_상가업소정보
음식점,음식점,우리동네목공소,35.1562786586264,128.985393799902,소상공인시장진흥공단_상가업소정보
생활편의,소매,씨유사상중흥센터,35.1716355283033,128.98369290176,소상공인시장진흥공단_상가업소정보
음식점,음식점,주례반점,35.1480066200227,129.000136467637,소상공인시장진흥공단_상가업소정보
생활편의,소매,삼립부산푸드유통,35.1450971272182,128.970365434823,소상공인시장진흥공단_상가업소정보
생활편의,소매,다온모바일,35.1543548701228,128.997164663822,소상공인시장진흥공단_상가업소정보
생활편의,문화체육,스톤당구클럽,35.1510029096407,129.012926635478,소상공인시장진흥공단_상가업소정보
음식점,음식점,소공간,35.1635446535092,128.985789909875,소상공인시장진흥공단_상가업소정보
생활편의,소매,중고폰나라덕포글로벌통신,35.1727183068987,128.980305921021,소상공인시장진흥공단_상가업소정보
음식점,음식점,반올림피자엄궁학장점,35.1388013379092,128.979549699102,소상공인시장진흥공단_상가업소정보
생활편의,소매,스윗주례벽산,35.1458863548947,129.001379214664,소상공인시장진흥공단_상가업소정보
음식점,음식점,오도우,35.1523140066227,128.996873379205,소상공인시장진흥공단_상가업소정보
음식점,음식점,단골오뎅바,35.1863471355758,128.990011022563,소상공인시장진흥공단_상가업소정보
생활편의,소매,미트,35.1643345532276,128.977721218153,소상공인시장진흥공단_상가업소정보
음식점,음식점,미진축산덕포점,35.1689730562733,128.980083383105,소상공인시장진흥공단_상가업소정보
생활편의,소매,지에스25엄궁,35.1281717956584,128.975968668612,소상공인시장진흥공단_상가업소정보
음식점,음식점,청춘포차,35.175417598567,128.98881161533,소상공인시장진흥공단_상가업소정보
생활편의,소매,하이타이어사상점,35.1425481580569,128.984083763315,소상공인시장진흥공단_상가업소정보
음식점,음식점,선우정짜장짬뽕과닭한마리,35.1448480693271,128.98781503694,소상공인시장진흥공단_상가업소정보
생활편의,소매,세븐일레븐부산감전공단점,35.1442919927997,128.971662592336,소상공인시장진흥공단_상가업소정보
음식점,음식점,립이자카야,35.1634280870332,128.985754153564,소상공인시장진흥공단_상가업소정보
음식점,음식점,찰칵,35.1493392339988,129.01325869647,소상공인시장진흥공단_상가업소정보
생활편의,문화체육,장난감이야기,35.1498000253218,129.012644643146,소상공인시장진흥공단_상가업소정보
음식점,음식점,부전돼지국밥,35.1642059701835,128.98392942677,소상공인시장진흥공단_상가업소정보
음식점,음식점,비비큐부산덕포점,35.1724347382784,128.983865973614,소상공인시장진흥공단_상가업소정보
생활편의,소매,워크업부산사상점,35.1525754682564,128.989747660637,소상공인시장진흥공단_상가업소정보
생활편의,소매,러쉬모토,35.1511880086117,128.991919301704,소상공인시장진흥공단_상가업소정보
생활편의,소매,행복한야채,35.1372845009194,128.97917288247,소상공인시장진흥공단_상가업소정보
생활편의,소매,스피드원,35.1489659914579,128.99770222863,소상공인시장진흥공단_상가업소정보
음식점,음식점,히트노래방주점,35.1630068453697,128.985063529283,소상공인시장진흥공단_상가업소정보
음식점,음식점,쌈마이닭쌈밥냉정점,35.1500003889975,129.012517913658,소상공인시장진흥공단_상가업소정보
음식점,음식점,명륜진사갈비,35.1510029096407,129.012926635478,소상공인시장진흥공단_상가업소정보
음식점,음식점,초원이네,35.1910057544723,128.990585714642,소상공인시장진흥공단_상가업소정보
음식점,음식점,솔밭사이로,35.1863222836532,128.989329840868,소상공인시장진흥공단_상가업소정보
생활편의,소매,캐슬인테리어,35.1303377833875,128.973563836092,소상공인시장진흥공단_상가업소정보
생활편의,문화체육,"헬스버디짐요가,줌바,필라테스",35.1683668887756,128.98133076529,소상공인시장진흥공단_상가업소정보
음식점,음식점,뚱띠파스타,35.1631457315728,128.980984606691,소상공인시장진흥공단_상가업소정보
생활편의,소매,달탄게코,35.1388191991171,128.977904532734,소상공인시장진흥공단_상가업소정보
음식점,음식점,별,35.1736663579478,128.984598325129,소상공인시장진흥공단_상가업소정보
생활편의,소매,지에스25주례오름점,35.1461446108902,129.000474897423,소상공인시장진흥공단_상가업소정보
음식점,음식점,김치찜무봤나,35.1742858011603,128.986391401641,소상공인시장진흥공단_상가업소정보
생활편의,소매,지에스25괘법,35.1632161908621,128.984936930736,소상공인시장진흥공단_상가업소정보
생활편의,소매,빅세일마트,35.1727305445167,128.98010866397,소상공인시장진흥공단_상가업소정보
음식점,음식점,원조팔도포차,35.165999650759,128.983358443513,소상공인시장진흥공단_상가업소정보
음식점,음식점,으뜸육회,35.1644701409731,128.985406373347,소상공인시장진흥공단_상가업소정보
생활편의,소매,반디약국,35.1310317977696,128.972450716049,소상공인시장진흥공단_상가업소정보
음식점,음식점,텐퍼센트냉정동서대점,35.1502116610119,129.012819364689,소상공인시장진흥공단_상가업소정보
음식점,음식점,요거트아이스크림의정석,35.1556063453184,128.990666395226,소상공인시장진흥공단_상가업소정보
생활편의,문화체육,더인핏PT&헬스,35.1631457315728,128.980984606691,소상공인시장진흥공단_상가업소정보
생활편의,문화체육,칸당구클럽,35.1737093820395,128.983622565836,소상공인시장진흥공단_상가업소정보
음식점,음식점,봉평메밀면가괘법점,35.158951583021,128.986161063622,소상공인시장진흥공단_상가업소정보
음식점,음식점,땡구포차,35.15886567168,128.987552588258,소상공인시장진흥공단_상가업소정보
생활편의,소매,코랄컴퍼니,35.1532763745884,128.981074441847,소상공인시장진흥공단_상가업소정보
생활편의,소매,원:더풀,35.1379384159311,128.978311071717,소상공인시장진흥공단_상가업소정보
음식점,음식점,블랙티어덕포점,35.1814391589535,128.989803527157,소상공인시장진흥공단_상가업소정보
생활편의,소매,엘Gallery,35.1486660762726,129.013637098771,소상공인시장진흥공단_상가업소정보
생활편의,소매,세븐일레븐주례청구점,35.1553631176623,128.998868157888,소상공인시장진흥공단_상가업소정보
음식점,음식점,용이네포차,35.1411606559942,128.982963955545,소상공인시장진흥공단_상가업소정보
음식점,음식점,정담,35.1631457315728,128.980984606691,소상공인시장진흥공단_상가업소정보
생활편의,소매,희희당,35.1825793101861,128.979623151353,소상공인시장진흥공단_상가업소정보
음식점,음식점,차이홍,35.1718984629303,128.986344288214,소상공인시장진흥공단_상가업소정보
음식점,음식점,태양다방,35.1953889568256,128.987629744813,소상공인시장진흥공단_상가업소정보
생활편의,소매,러브미,35.1643345532276,128.977721218153,소상공인시장진흥공단_상가업소정보
생활편의,소매,신광중국식품,35.1695169432016,128.982642722564,소상공인시장진흥공단_상가업소정보
음식점,음식점,읍천리382학장점,35.1418877968526,128.987534586058,소상공인시장진흥공단_상가업소정보
음식점,음식점,제일칼국수사상점,35.1621018704663,128.978687712386,소상공인시장진흥공단_상가업소정보
음식점,음식점,미양식당,35.1691082761098,128.986133734624,소상공인시장진흥공단_상가업소정보
음식점,음식점,볕든집,35.1495295396522,129.011025092836,소상공인시장진흥공단_상가업소정보
음식점,음식점,식당고메,35.1880379633353,128.989668057343,소상공인시장진흥공단_상가업소정보
생활편의,소매,더샾,35.1288699040636,128.971839129929,소상공인시장진흥공단_상가업소정보
생활편의,문화체육,영성MaJiang기원,35.1912023397948,128.989042658072,소상공인시장진흥공단_상가업소정보
음식점,음식점,암소쏘리,35.1490187975713,129.011934166576,소상공인시장진흥공단_상가업소정보
음식점,음식점,엠제이바,35.1500691952283,129.011630868674,소상공인시장진흥공단_상가업소정보
음식점,음식점,쑝쑝돈까스부산,35.1500075578429,129.006110387288,소상공인시장진흥공단_상가업소정보
생활편의,소매,지에스칼텍스자이언트주유소,35.1263566207672,128.963453049117,소상공인시장진흥공단_상가업소정보
생활편의,소매,엠버,35.1643345532276,128.977721218153,소상공인시장진흥공단_상가업소정보
음식점,음식점,베러먼데이사상산업단지점,35.1591653689403,128.984114240063,소상공인시장진흥공단_상가업소정보
음식점,음식점,왕자맥주,35.1721245866895,128.988489938192,소상공인시장진흥공단_상가업소정보
음식점,음식점,부산횟집&장어,35.1921226167529,128.987879492574,소상공인시장진흥공단_상가업소정보
음식점,음식점,하삼동커피모라점,35.1854203254455,128.992117938226,소상공인시장진흥공단_상가업소정보
생활편의,소매,씨유동서대,35.146780907091,129.009399470682,소상공인시장진흥공단_상가업소정보
생활편의,소매,최가네김치,35.1718578995704,128.981119157746,소상공인시장진흥공단_상가업소정보
생활편의,소매,동서문구,35.1468198508887,129.010311076457,소상공인시장진흥공단_상가업소정보
음식점,음식점,하이마리,35.1597158655416,128.987913453908,소상공인시장진흥공단_상가업소정보
음식점,음식점,그기,35.1563095139269,128.982409894072,소상공인시장진흥공단_상가업소정보
음식점,음식점,아덴블랑제리시그니처사상점,35.1617318777729,128.986974888883,소상공인시장진흥공단_상가업소정보
생활편의,문화체육,엔제이피트니스냉정점,35.151020779152,129.014561936547,소상공인시장진흥공단_상가업소정보
생활편의,보건의료,대한민국정형외과의원,35.1629601677363,128.984612465139,소상공인시장진흥공단_상가업소정보
생활편의,소매,제이비아이농산,35.1471112869277,129.008496943321,소상공인시장진흥공단_상가업소정보
생활편의,소매,부광통닭,35.1719560920171,128.981176416094,소상공인시장진흥공단_상가업소정보
생활편의,소매,부산미역,35.1344383101873,128.966905243626,소상공인시장진흥공단_상가업소정보
생활편의,소매,장보고상회,35.1711179727471,128.981178027605,소상공인시장진흥공단_상가업소정보
음식점,음식점,백억커피부산,35.1496908575521,129.011621553855,소상공인시장진흥공단_상가업소정보
음식점,음식점,본가김밥,35.1651217004365,128.983040816689,소상공인시장진흥공단_상가업소정보
음식점,음식점,샤또,35.1635129376489,128.985525763524,소상공인시장진흥공단_상가업소정보
생활편의,소매,아이스크림과자할인점,35.1747828687855,128.986304717798,소상공인시장진흥공단_상가업소정보
음식점,음식점,비어어게인,35.1404949731528,128.988937899548,소상공인시장진흥공단_상가업소정보
생활편의,소매,비바라비다,35.186181586213,128.988020146571,소상공인시장진흥공단_상가업소정보
생활편의,소매,씨유덕포푸른점,35.1759119459979,128.986145606372,소상공인시장진흥공단_상가업소정보
음식점,음식점,타가구내식당,35.1538898543664,128.9848858643,소상공인시장진흥공단_상가업소정보
음식점,음식점,합천봉산돼지국밥,35.1339096448211,128.970600392263,소상공인시장진흥공단_상가업소정보
생활편의,문화체육,에스비에스당구클럽,35.1847347382547,128.993802605502,소상공인시장진흥공단_상가업소정보
음식점,음식점,앵콜,35.1575415820991,128.984766106291,소상공인시장진흥공단_상가업소정보
음식점,음식점,요거프레소,35.1543874228757,129.010991055311,소상공인시장진흥공단_상가업소정보
생활편의,소매,행복만들기,35.1825861512605,129.000588473303,소상공인시장진흥공단_상가업소정보
음식점,음식점,뒷돈상회,35.1498972822348,128.999699976889,소상공인시장진흥공단_상가업소정보
음식점,음식점,청송포차,35.171118184516,128.981715807599,소상공인시장진흥공단_상가업소정보
생활편의,문화체육,탑스크린골프클럽,35.1284576572448,128.969481761909,소상공인시장진흥공단_상가업소정보
음식점,음식점,형제고기촌,35.141131307217,128.988602314011,소상공인시장진흥공단_상가업소정보
음식점,음식점,60계부산모라점,35.1909134928148,128.99126407723,소상공인시장진흥공단_상가업소정보
생활편의,문화체육,빅터짐,35.1499525025911,129.000721734361,소상공인시장진흥공단_상가업소정보
음식점,음식점,오렌지커피숍,35.165450755242,128.9849583233,소상공인시장진흥공단_상가업소정보
음식점,음식점,아씨노래방,35.165999650759,128.983358443513,소상공인시장진흥공단_상가업소정보
생활편의,문화체육,윈골프아카데미,35.1538856434351,129.015696924042,소상공인시장진흥공단_상가업소정보
생활편의,소매,씨유백양뉴페이스점,35.1839321688572,128.996022241303,소상공인시장진흥공단_상가업소정보
음식점,음식점,일번지,35.1627236515957,128.985846763581,소상공인시장진흥공단_상가업소정보
생활편의,소매,전주슈퍼,35.1746585436841,128.981242001725,소상공인시장진흥공단_상가업소정보
생활편의,소매,마인mine2024,35.1643345532276,128.977721218153,소상공인시장진흥공단_상가업소정보
음식점,음식점,강여사족보,35.151166381874,129.016101639805,소상공인시장진흥공단_상가업소정보
음식점,음식점,이가네,35.1629012646048,128.984907328583,소상공인시장진흥공단_상가업소정보
음식점,음식점,원커피숍,35.1957746835582,128.987737948886,소상공인시장진흥공단_상가업소정보
음식점,음식점,소영이네소주방,35.1572052575697,128.986041788845,소상공인시장진흥공단_상가업소정보
생활편의,문화체육,헬스버디짐사상점,35.1683668887756,128.98133076529,소상공인시장진흥공단_상가업소정보
생활편의,소매,열차폰,35.1629601677363,128.984612465139,소상공인시장진흥공단_상가업소정보
음식점,음식점,인생술집,35.1394789736608,128.979993969106,소상공인시장진흥공단_상가업소정보
음식점,음식점,수영냉삼사상점,35.164291918223,128.984183918471,소상공인시장진흥공단_상가업소정보
음식점,음식점,탑텐단란주점,35.1637851437426,128.984862967605,소상공인시장진흥공단_상가업소정보
생활편의,문화체육,초코랩,35.1905259698154,128.984130158547,소상공인시장진흥공단_상가업소정보
생활편의,소매,써니네,35.149554099849,129.00465094413,소상공인시장진흥공단_상가업소정보
생활편의,소매,유민상사,35.1339096448211,128.970600392263,소상공인시장진흥공단_상가업소정보
생활편의,소매,에이미,35.1379384159311,128.978311071717,소상공인시장진흥공단_상가업소정보
생활편의,소매,서울상회,35.1436062752445,128.9844056761,소상공인시장진흥공단_상가업소정보
생활편의,소매,씨유구남동원,35.1927373174177,128.994338491104,소상공인시장진흥공단_상가업소정보
음식점,음식점,원더풀꽈배기덕포한신점,35.1688475176899,128.980596149264,소상공인시장진흥공단_상가업소정보
생활편의,소매,라면친구들,35.1679135391639,128.983701244695,소상공인시장진흥공단_상가업소정보
음식점,음식점,행운포장센터,35.1637352297671,128.98460935253,소상공인시장진흥공단_상가업소정보
음식점,음식점,명륜진사갈비,35.1334369873857,128.973616706213,소상공인시장진흥공단_상가업소정보
음식점,음식점,친절한금자씨,35.1689448481616,128.981256992597,소상공인시장진흥공단_상가업소정보
음식점,음식점,버터언니,35.1931855722885,128.986807599542,소상공인시장진흥공단_상가업소정보
음식점,음식점,누리향,35.1563713250044,128.989082980124,소상공인시장진흥공단_상가업소정보
음식점,음식점,불닭발땡초동대문엽기떡볶이,35.1499588892907,129.012846053858,소상공인시장진흥공단_상가업소정보
생활편의,소매,베스트피쉬부산총괄점,35.1488822631877,128.999499584179,소상공인시장진흥공단_상가업소정보
생활편의,소매,더스타일,35.1643345532276,128.977721218153,소상공인시장진흥공단_상가업소정보
생활편의,소매,미뇽,35.1290367681551,128.97597860099,소상공인시장진흥공단_상가업소정보
음식점,음식점,육수당사상점,35.1631457315728,128.980984606691,소상공인시장진흥공단_상가업소정보
생활편의,소매,원동종합철물,35.1697717714307,128.980838066118,소상공인시장진흥공단_상가업소정보
음식점,음식점,조연,35.1584621154963,128.988530363508,소상공인시장진흥공단_상가업소정보
음식점,음식점,까페멜로우,35.1727266485356,128.985299844137,소상공인시장진흥공단_상가업소정보
음식점,음식점,수정분식,35.1561523931946,128.982098837543,소상공인시장진흥공단_상가업소정보
음식점,음식점,평강오리,35.1899658952664,128.98750859282,소상공인시장진흥공단_상가업소정보
음식점,음식점,카페아르브,35.149440625078,129.0044287195,소상공인시장진흥공단_상가업소정보
음식점,음식점,닥공찜닭,35.158250171853,128.984969869502,소상공인시장진흥공단_상가업소정보
음식점,음식점,숙이네닭집,35.1558772462749,128.985142639099,소상공인시장진흥공단_상가업소정보
음식점,음식점,다희카페,35.1657788422675,128.985284552274,소상공인시장진흥공단_상가업소정보
생활편의,소매,오띠모,35.1643345532276,128.977721218153,소상공인시장진흥공단_상가업소정보
생활편의,소매,어반블룸,35.1643345532276,128.977721218153,소상공인시장진흥공단_상가업소정보
생활편의,소매,더홀릭,35.1643345532276,128.977721218153,소상공인시장진흥공단_상가업소정보
음식점,음식점,프랭크버거부산괘법점,35.161543055716,128.986399662789,소상공인시장진흥공단_상가업소정보
음식점,음식점,공가네명품무한리필,35.1497739240412,129.004436895998,소상공인시장진흥공단_상가업소정보
생활편의,소매,희복아시아마트,35.1640806714571,128.979470918687,소상공인시장진흥공단_상가업소정보
생활편의,소매,과일마켓,35.1381172724233,128.977843665977,소상공인시장진흥공단_상가업소정보
음식점,음식점,금수정초밥,35.1651100438643,128.984302564725,소상공인시장진흥공단_상가업소정보
생활편의,문화체육,사상똑딱무인탁구장,35.1652957298199,128.982869455475,소상공인시장진흥공단_상가업소정보
음식점,음식점,샤샤,35.166002704988,128.983171954519,소상공인시장진흥공단_상가업소정보
음식점,음식점,상상짬뽕,35.1497285846342,129.013147597592,소상공인시장진흥공단_상가업소정보
생활편의,소매,티아라,35.1643345532276,128.977721218153,소상공인시장진흥공단_상가업소정보
음식점,음식점,88제육김치찜,35.1483792025076,129.013004632769,소상공인시장진흥공단_상가업소정보
음식점,음식점,일구구삼,35.170350089452,128.980742348056,소상공인시장진흥공단_상가업소정보
음식점,음식점,서울깍두기,35.194095993476,128.992823801482,소상공인시장진흥공단_상가업소정보
생활편의,문화체육,에프원피트니스사상점,35.1636487433211,128.984387771042,소상공인시장진흥공단_상가업소정보
음식점,음식점,양포항,35.1243627749711,128.968033991765,소상공인시장진흥공단_상가업소정보
음식점,음식점,고기가맛있는집,35.1653881970248,128.983826458059,소상공인시장진흥공단_상가업소정보
음식점,음식점,어반맥주,35.129689572207,128.97131042351,소상공인시장진흥공단_상가업소정보
음식점,음식점,버거킹백양대로DT점,35.1677714942205,128.98906434166,소상공인시장진흥공단_상가업소정보
생활편의,소매,비에스티,35.1525353406869,129.000389975707,소상공인시장진흥공단_상가업소정보
생활편의,소매,덕포건어물,35.1706124996273,128.982329104054,소상공인시장진흥공단_상가업소정보
생활편의,소매,시민알뜰장터,35.1545852825926,128.997400724297,소상공인시장진흥공단_상가업소정보
생활편의,소매,세민축산,35.1926490491619,128.988199701399,소상공인시장진흥공단_상가업소정보
생활편의,소매,금산인삼만물,35.1707313040978,128.980575997471,소상공인시장진흥공단_상가업소정보
생활편의,보건의료,맥치과,35.1713528132187,128.98279705544,소상공인시장진흥공단_상가업소정보
생활편의,소매,뿌리농산,35.1305124233891,128.968368479457,소상공인시장진흥공단_상가업소정보
음식점,음식점,밥싸다구사상점,35.1741876292109,128.988529215144,소상공인시장진흥공단_상가업소정보
음식점,음식점,본전집불백연탄정식,35.1306884218539,128.971400322323,소상공인시장진흥공단_상가업소정보
생활편의,소매,핑,35.1538649284338,129.003911827996,소상공인시장진흥공단_상가업소정보
음식점,음식점,리치메이커사상점,35.17193581233,128.979661358865,소상공인시장진흥공단_상가업소정보
생활편의,소매,가람자원,35.1859947534462,128.986775195089,소상공인시장진흥공단_상가업소정보
생활편의,문화체육,뉴인핏PT,35.1616024873403,128.985523211766,소상공인시장진흥공단_상가업소정보
음식점,음식점,파스타비타,35.1489157799121,129.012710637711,소상공인시장진흥공단_상가업소정보
생활편의,소매,씨유,35.1470699098314,129.000651153686,소상공인시장진흥공단_상가업소정보
음식점,음식점,카페051,35.1282165719441,128.96934432434,소상공인시장진흥공단_상가업소정보
생활편의,소매,도깨비,35.187913992555,128.990631031232,소상공인시장진흥공단_상가업소정보
음식점,음식점,백초밥사상점,35.1497483595884,129.002713653492,소상공인시장진흥공단_상가업소정보
생활편의,소매,용마주유소,35.1512829271943,129.008544629484,소상공인시장진흥공단_상가업소정보
음식점,음식점,갈치회관,35.1852383427337,128.977382508034,소상공인시장진흥공단_상가업소정보
생활편의,소매,우리동네마트,35.1278024969554,128.974851857038,소상공인시장진흥공단_상가업소정보
생활편의,문화체육,아시안비다,35.1639451141175,128.984449842787,소상공인시장진흥공단_상가업소정보
음식점,음식점,사상대게수산,35.1486935904279,129.000010648343,소상공인시장진흥공단_상가업소정보
생활편의,소매,윈윈,35.1557494290652,128.974770111588,소상공인시장진흥공단_상가업소정보
음식점,음식점,산동객잔,35.1634709692744,128.985886883776,소상공인시장진흥공단_상가업소정보
음식점,음식점,다복,35.1301824213821,128.973143244767,소상공인시장진흥공단_상가업소정보
음식점,음식점,아빠갈비,35.1497501394757,129.01347729019,소상공인시장진흥공단_상가업소정보
생활편의,소매,조은,35.1508799210495,129.004584723752,소상공인시장진흥공단_상가업소정보
생활편의,소매,썬플라워,35.1487230971461,129.009118074317,소상공인시장진흥공단_상가업소정보
음식점,음식점,야키토리탄탄,35.1634996498564,128.987983607477,소상공인시장진흥공단_상가업소정보
생활편의,소매,뉴백두컴퍼니,35.1719053797589,128.979869147943,소상공인시장진흥공단_상가업소정보
음식점,음식점,이가네칼국수,35.1631840185055,128.979745481124,소상공인시장진흥공단_상가업소정보
음식점,음식점,분식의여왕,35.1688817680379,128.984558844447,소상공인시장진흥공단_상가업소정보
음식점,음식점,포켓,35.1614420530846,128.983214836848,소상공인시장진흥공단_상가업소정보
음식점,음식점,하르당주례역점,35.1526849162219,129.00496915776,소상공인시장진흥공단_상가업소정보
음식점,음식점,이모네칼국수,35.1810858462776,128.985525122471,소상공인시장진흥공단_상가업소정보
음식점,음식점,최뼈다구집밥정식,35.1623777191799,128.978902898385,소상공인시장진흥공단_상가업소정보
생활편의,문화체육,에프원피트니스헬스&PT모라점,35.1909310068054,128.989650790941,소상공인시장진흥공단_상가업소정보
생활편의,문화체육,404피트니스학장점,35.1399606210177,128.98085038875,소상공인시장진흥공단_상가업소정보
음식점,음식점,퀸바,35.1653881970248,128.983826458059,소상공인시장진흥공단_상가업소정보
음식점,음식점,금방울,35.1652957298199,128.982869455475,소상공인시장진흥공단_상가업소정보
음식점,음식점,희커피숍,35.192591397056,128.986771172531,소상공인시장진흥공단_상가업소정보
음식점,음식점,엔젤리너스르네상스점,35.1617430951564,128.982991698683,소상공인시장진흥공단_상가업소정보
음식점,음식점,샤브20사상점,35.1631457315728,128.980984606691,소상공인시장진흥공단_상가업소정보
음식점,음식점,짜마반점,35.1674070552877,128.982712210082,소상공인시장진흥공단_상가업소정보
음식점,음식점,꽃,35.1921226167529,128.987879492574,소상공인시장진흥공단_상가업소정보
음식점,음식점,엄니도시락한식뷔페사상점,35.1814805848433,128.985633513558,소상공인시장진흥공단_상가업소정보
음식점,음식점,생활맥주사상점,35.164122452743,128.981875250003,소상공인시장진흥공단_상가업소정보
음식점,음식점,돌쇠포차,35.1504218652035,129.012100381747,소상공인시장진흥공단_상가업소정보
음식점,음식점,명품달인김밥괘법점,35.1690227194633,128.979250508854,소상공인시장진흥공단_상가업소정보
음식점,음식점,신화쪽갈비,35.1652702135501,128.984427173015,소상공인시장진흥공단_상가업소정보
음식점,음식점,대양다방,35.191545729457,128.988985164005,소상공인시장진흥공단_상가업소정보
생활편의,문화체육,서준Billiards,35.1407599914337,128.988713959692,소상공인시장진흥공단_상가업소정보
음식점,음식점,덕이네집,35.1878257369818,128.986128213265,소상공인시장진흥공단_상가업소정보
음식점,음식점,플라워,35.1646410336142,128.983226678503,소상공인시장진흥공단_상가업소정보
음식점,음식점,텐퍼센트덕포역점,35.1716355283033,128.98369290176,소상공인시장진흥공단_상가업소정보
생활편의,소매,캄보디아마트/아시아정육점,35.1727183068987,128.980305921021,소상공인시장진흥공단_상가업소정보
음식점,음식점,주례활어센터,35.1490431767275,129.00121515153,소상공인시장진흥공단_상가업소정보
생활편의,소매,칠성에너지기업사,35.1388902422043,128.97133481552,소상공인시장진흥공단_상가업소정보
음식점,음식점,몽벨쉘터사상점4,35.1651858608516,128.983525239325,소상공인시장진흥공단_상가업소정보
생활편의,소매,영-Young,35.1643345532276,128.977721218153,소상공인시장진흥공단_상가업소정보
생활편의,소매,"겔마미라클사상,덕포점",35.1689142335977,128.981475743729,소상공인시장진흥공단_상가업소정보
생활편의,소매,아시아생생고기,35.1704627091686,128.981019453031,소상공인시장진흥공단_상가업소정보
생활편의,소매,미우미우,35.1719279562456,128.980692828599,소상공인시장진흥공단_상가업소정보
생활편의,소매,퐁퐁쉬림프,35.1702027283168,128.98093632076,소상공인시장진흥공단_상가업소정보
생활편의,문화체육,캡틴당구장,35.1550518072289,128.979965348649,소상공인시장진흥공단_상가업소정보
음식점,음식점,창옥관,35.1529676160806,129.004767618117,소상공인시장진흥공단_상가업소정보
생활편의,소매,충무,35.1525143654619,128.98688235552,소상공인시장진흥공단_상가업소정보
음식점,음식점,딘,35.1642184519518,128.985367332041,소상공인시장진흥공단_상가업소정보
생활편의,소매,청산농산,35.1305124233891,128.968368479457,소상공인시장진흥공단_상가업소정보
음식점,음식점,몽벨쉘터사상점3,35.1651858608516,128.983525239325,소상공인시장진흥공단_상가업소정보
음식점,음식점,컴포즈커피새벽시장로점,35.1559492860858,128.976881753012,소상공인시장진흥공단_상가업소정보
음식점,음식점,밥구정로데오,35.1937352551885,128.993934746282,소상공인시장진흥공단_상가업소정보
생활편의,소매,의령상회,35.1825861512605,129.000588473303,소상공인시장진흥공단_상가업소정보
음식점,음식점,핑크,35.1647439442873,128.98409613439,소상공인시장진흥공단_상가업소정보
음식점,음식점,킹스라운지부산사상점,35.1640912221073,128.984332678761,소상공인시장진흥공단_상가업소정보
음식점,음식점,내가닭도리탕이다,35.1602160905835,128.98433728805,소상공인시장진흥공단_상가업소정보
음식점,음식점,몽벨쉘터사상점2,35.1651858608516,128.983525239325,소상공인시장진흥공단_상가업소정보
음식점,음식점,꼬들대패,35.1693882862828,128.982244506955,소상공인시장진흥공단_상가업소정보
생활편의,소매,오빠통신,35.1716355283033,128.98369290176,소상공인시장진흥공단_상가업소정보
음식점,음식점,어오케이커피신모라점,35.1892325726589,128.991552373157,소상공인시장진흥공단_상가업소정보
음식점,음식점,소화식당,35.1656519497887,128.983679226089,소상공인시장진흥공단_상가업소정보
음식점,음식점,몽벨쉘터사상점,35.1651858608516,128.983525239325,소상공인시장진흥공단_상가업소정보
음식점,음식점,슈브제빵소,35.1641577673576,128.981920003285,소상공인시장진흥공단_상가업소정보
생활편의,소매,오성에너지,35.1727945053303,128.977849318328,소상공인시장진흥공단_상가업소정보
음식점,음식점,엄닭두마리치킨,35.1485264857319,129.0160694166,소상공인시장진흥공단_상가업소정보
생활편의,소매,부일유통,35.1286773379615,128.964276624237,소상공인시장진흥공단_상가업소정보
음식점,음식점,대박식당,35.1532960056083,128.980976164481,소상공인시장진흥공단_상가업소정보
생활편의,소매,덕포벽지풀칠하는집,35.1765571200661,128.989662557842,소상공인시장진흥공단_상가업소정보
생활편의,보건의료,디지털S치과의원,35.1388212757465,128.978880971768,소상공인시장진흥공단_상가업소정보
생활편의,문화체육,로또복권,35.1589015242983,128.987564434023,소상공인시장진흥공단_상가업소정보
음식점,음식점,루나카페,35.1461745485684,129.005204387117,소상공인시장진흥공단_상가업소정보
음식점,음식점,나인호프,35.1865662052682,128.990389585358,소상공인시장진흥공단_상가업소정보
생활편의,문화체육,전화방성인PC,35.1644417758639,128.983287683952,소상공인시장진흥공단_상가업소정보
생활편의,소매,퍼플컴퍼니,35.159757357537,128.980430562506,소상공인시장진흥공단_상가업소정보
생활편의,소매,인생구제,35.1651217004365,128.983040816689,소상공인시장진흥공단_상가업소정보
생활편의,소매,루바이크,35.1413722494204,128.970549909223,소상공인시장진흥공단_상가업소정보
생활편의,소매,지엔,35.1922476320568,128.989595079777,소상공인시장진흥공단_상가업소정보
생활편의,소매,코모스,35.1643345532276,128.977721218153,소상공인시장진흥공단_상가업소정보
생활편의,소매,온텔레콤,35.1643345532276,128.977721218153,소상공인시장진흥공단_상가업소정보
생활편의,소매,국제표준금거래소부산사상점,35.1621663509222,128.980807217299,소상공인시장진흥공단_상가업소정보
음식점,음식점,부산삼계탕,35.1413403659313,128.984646876573,소상공인시장진흥공단_상가업소정보
생활편의,소매,엄궁주유소,35.123448000712,128.96498463979,소상공인시장진흥공단_상가업소정보
생활편의,소매,동네방네바이크,35.1413722494204,128.970549909223,소상공인시장진흥공단_상가업소정보
생활편의,소매,샘헤어마트,35.1748257396827,128.985888692512,소상공인시장진흥공단_상가업소정보
음식점,음식점,이모카세ANNE앤,35.1502498674248,129.006171197405,소상공인시장진흥공단_상가업소정보
생활편의,소매,오색반찬,35.1754325511999,128.988998564174,소상공인시장진흥공단_상가업소정보
음식점,음식점,알라딘,35.175417598567,128.98881161533,소상공인시장진흥공단_상가업소정보
생활편의,소매,풍창공조,35.1555322802425,128.998992998628,소상공인시장진흥공단_상가업소정보
음식점,음식점,하단끝집사상점,35.1652901853869,128.983758231738,소상공인시장진흥공단_상가업소정보
생활편의,문화체육,오엑스피씨방,35.1307314069442,128.972081473207,소상공인시장진흥공단_상가업소정보
음식점,음식점,부원냉삼집학장동점,35.1380644762649,128.977765594602,소상공인시장진흥공단_상가업소정보
음식점,음식점,조은그늘집,35.1547790221556,128.991655730216,소상공인시장진흥공단_상가업소정보
생활편의,소매,신흥테크,35.1509289465255,128.987941026924,소상공인시장진흥공단_상가업소정보
음식점,음식점,밥을짓다,35.1519614694052,128.990369106256,소상공인시장진흥공단_상가업소정보
생활편의,소매,이진전력자재유통,35.1533474875076,128.973406307864,소상공인시장진흥공단_상가업소정보
음식점,음식점,한울림,35.159757357537,128.980430562506,소상공인시장진흥공단_상가업소정보
음식점,음식점,명성가부산,35.1530790544544,129.014887003195,소상공인시장진흥공단_상가업소정보
음식점,음식점,분식에끌리다,35.1753943559671,128.989129340162,소상공인시장진흥공단_상가업소정보
음식점,음식점,포다리치킨,35.1919846116321,128.986953995056,소상공인시장진흥공단_상가업소정보
생활편의,소매,행복야채,35.1417872552251,128.987071357448,소상공인시장진흥공단_상가업소정보
음식점,음식점,스윗당,35.1250343008845,128.97660583262,소상공인시장진흥공단_상가업소정보
생활편의,문화체육,피트니스382,35.1248015608605,128.975404610233,소상공인시장진흥공단_상가업소정보
음식점,음식점,캄보디아식당,35.1723728340012,128.981592610551,소상공인시장진흥공단_상가업소정보
생활편의,문화체육,부산기원찻집,35.1607937650426,128.98207978712,소상공인시장진흥공단_상가업소정보
음식점,음식점,영커피모라전통,35.1875603607876,128.986374229023,소상공인시장진흥공단_상가업소정보
생활편의,소매,세븐일레븐부산감전역점,35.1556063453184,128.990666395226,소상공인시장진흥공단_상가업소정보
생활편의,소매,연우F.A,35.159757357537,128.980430562506,소상공인시장진흥공단_상가업소정보
생활편의,문화체육,두잇짐,35.1489330869196,129.004602792151,소상공인시장진흥공단_상가업소정보
생활편의,문화체육,엔젤노래연습장,35.1499588892907,129.012846053858,소상공인시장진흥공단_상가업소정보
음식점,음식점,바리스타꿈카페온리더치,35.1661810718504,128.983286029714,소상공인시장진흥공단_상가업소정보
음식점,음식점,손오공,35.19295612202,128.992543462992,소상공인시장진흥공단_상가업소정보
음식점,음식점,수제도시락진지,35.1918206644603,128.987059779654,소상공인시장진흥공단_상가업소정보
생활편의,문화체육,소울보이스노래연습장,35.1502268655123,129.012446687312,소상공인시장진흥공단_상가업소정보
음식점,음식점,꾸이파관-QuyPHANQuAN,35.1725701160662,128.981652275122,소상공인시장진흥공단_상가업소정보
생활편의,소매,라인업온라인,35.1909037859807,128.984721162933,소상공인시장진흥공단_상가업소정보
생활편의,소매,우신충전소,35.1513133035977,128.980982951883,소상공인시장진흥공단_상가업소정보
음식점,음식점,도화지,35.1947084884068,128.993936579789,소상공인시장진흥공단_상가업소정보
생활편의,문화체육,메가빌/오메가당구장,35.194095993476,128.992823801482,소상공인시장진흥공단_상가업소정보
생활편의,문화체육,오엑스피씨방주례역점사무실,35.149141641282,129.000164251399,소상공인시장진흥공단_상가업소정보
음식점,음식점,사상팔도족발,35.1706326588988,128.988245077054,소상공인시장진흥공단_상가업소정보
생활편의,문화체육,파라곤당구클럽,35.1493252530872,129.011930740603,소상공인시장진흥공단_상가업소정보
음식점,음식점,마돈나7080,35.1657418272813,128.983143670239,소상공인시장진흥공단_상가업소정보
음식점,음식점,삼성반점,35.1551521280624,128.98649662292,소상공인시장진흥공단_상가업소정보
음식점,음식점,정성카츠괘법점,35.1672154900832,128.981752779615,소상공인시장진흥공단_상가업소정보
음식점,음식점,바담코다리학장점,35.1414391403009,128.985768316728,소상공인시장진흥공단_상가업소정보
생활편의,소매,부산크메르마트,35.1730790619742,128.98139024776,소상공인시장진흥공단_상가업소정보
생활편의,문화체육,에프원피트니스냉정점,35.151031285157,129.01338816794,소상공인시장진흥공단_상가업소정보
생활편의,소매,빨강여우,35.1643345532276,128.977721218153,소상공인시장진흥공단_상가업소정보
생활편의,문화체육,굿즈원,35.1641661835778,128.984707618103,소상공인시장진흥공단_상가업소정보
음식점,음식점,사상대패,35.1594490469323,128.988247135671,소상공인시장진흥공단_상가업소정보
생활편의,문화체육,테마파크PC방,35.1858853774728,128.990142461586,소상공인시장진흥공단_상가업소정보
생활편의,문화체육,오엑스피씨방주례역점,35.149141641282,129.000164251399,소상공인시장진흥공단_상가업소정보
음식점,음식점,곰,35.1695976574889,128.982666632139,소상공인시장진흥공단_상가업소정보
음식점,음식점,빙고,35.1485612092619,129.0118131804,소상공인시장진흥공단_상가업소정보
음식점,음식점,요거피플사상점,35.1697211668861,128.981177057503,소상공인시장진흥공단_상가업소정보
생활편의,소매,츄베릅엄궁한신점,35.1244664539103,128.970526393526,소상공인시장진흥공단_상가업소정보
음식점,음식점,명품달인김밥,35.1256302757695,128.968229027001,소상공인시장진흥공단_상가업소정보
생활편의,소매,별뷰티,35.1730315183898,128.989785156455,소상공인시장진흥공단_상가업소정보
생활편의,소매,도니돼지,35.1366628826388,128.992355168113,소상공인시장진흥공단_상가업소정보
생활편의,소매,씨유주례동일점,35.1543506321519,128.998514202832,소상공인시장진흥공단_상가업소정보
음식점,음식점,송담추어탕,35.1689604601807,128.980302571823,소상공인시장진흥공단_상가업소정보
음식점,음식점,천라쿵푸마라탕사상점,35.167226652538,128.981621356856,소상공인시장진흥공단_상가업소정보
음식점,음식점,상록수,35.1672201892797,128.98201628098,소상공인시장진흥공단_상가업소정보
음식점,음식점,길림성,35.1544699465553,128.978623541944,소상공인시장진흥공단_상가업소정보
생활편의,소매,이마트24부산동서대점,35.1497513399936,129.012862884928,소상공인시장진흥공단_상가업소정보
음식점,음식점,쟁반,35.1663395725491,128.982411931324,소상공인시장진흥공단_상가업소정보
음식점,음식점,돈복이삼겹살,35.1611996375537,128.985359786936,소상공인시장진흥공단_상가업소정보
음식점,음식점,꾸석지돌판한우,35.1644417758639,128.983287683952,소상공인시장진흥공단_상가업소정보
음식점,음식점,지리산,35.1661810718504,128.983286029714,소상공인시장진흥공단_상가업소정보
생활편의,소매,강고펫마트,35.1305124233891,128.968368479457,소상공인시장진흥공단_상가업소정보
음식점,음식점,피넛빵앗간,35.1595421897467,128.988062854807,소상공인시장진흥공단_상가업소정보
생활편의,소매,하나미트,35.1555715076053,128.985102290584,소상공인시장진흥공단_상가업소정보
생활편의,소매,마커스오토모빌,35.145960511864,129.000163186654,소상공인시장진흥공단_상가업소정보
음식점,음식점,황금노래방,35.1641661835778,128.984707618103,소상공인시장진흥공단_상가업소정보
생활편의,소매,휴대폰성지폰명당,35.1912383076868,128.991787956565,소상공인시장진흥공단_상가업소정보
음식점,음식점,명품원더풀꽈배기,35.1877716533208,128.991066647226,소상공인시장진흥공단_상가업소정보
생활편의,문화체육,남문당구클럽,35.157013714769,128.979025322831,소상공인시장진흥공단_상가업소정보
음식점,음식점,앗싸,35.1699821896525,128.98064562392,소상공인시장진흥공단_상가업소정보
음식점,음식점,꾸브라꼬숯불치킨,35.1487721189248,129.012136559067,소상공인시장진흥공단_상가업소정보
음식점,음식점,김장날,35.1656203242084,128.981757963325,소상공인시장진흥공단_상가업소정보
생활편의,소매,부산1등전자담배,35.1695027501479,128.983509385214,소상공인시장진흥공단_상가업소정보
음식점,음식점,천씨씨커피부산모라점,35.1843609156934,128.993519052904,소상공인시장진흥공단_상가업소정보
음식점,음식점,연자방아,35.1700230669221,128.980350294565,소상공인시장진흥공단_상가업소정보
음식점,음식점,대어도매횟집,35.1850722910626,128.99081417282,소상공인시장진흥공단_상가업소정보
생활편의,보건의료,수치과의원,35.1493392339988,129.01325869647,소상공인시장진흥공단_상가업소정보
생활편의,소매,지에스25주례무지개점,35.1461745485684,129.005204387117,소상공인시장진흥공단_상가업소정보
음식점,음식점,청춘어묵우동,35.1898235641512,128.988493100564,소상공인시장진흥공단_상가업소정보
음식점,음식점,캄보디아식당,35.1636574655604,128.979449686577,소상공인시장진흥공단_상가업소정보
음식점,음식점,디저트39부산모라점,35.1886672794923,128.986467041959,소상공인시장진흥공단_상가업소정보
음식점,음식점,왕자맥주,35.1549327107293,128.991077918942,소상공인시장진흥공단_상가업소정보
음식점,음식점,소문난횟집,35.183345892105,128.993318630753,소상공인시장진흥공단_상가업소정보
생활편의,소매,라온마켓24,35.1279557205073,128.978716717384,소상공인시장진흥공단_상가업소정보
음식점,음식점,황금노래방,35.1641661835778,128.984707618103,소상공인시장진흥공단_상가업소정보
생활편의,문화체육,위온연습실스튜디오사상점,35.1671990185656,128.983859477428,소상공인시장진흥공단_상가업소정보
음식점,음식점,김복남맥주학장점,35.1379159907851,128.977476767955,소상공인시장진흥공단_상가업소정보
음식점,음식점,먹곳하노이,35.1698066911413,128.980356021125,소상공인시장진흥공단_상가업소정보
생활편의,소매,라임,35.1589562930836,128.990813876348,소상공인시장진흥공단_상가업소정보
생활편의,문화체육,투헨클럽,35.1493252530872,129.011930740603,소상공인시장진흥공단_상가업소정보
음식점,음식점,화룡,35.1484552765905,129.012765125627,소상공인시장진흥공단_상가업소정보
음식점,음식점,이가네명인갈비살사상점,35.1658349882242,128.983508084035,소상공인시장진흥공단_상가업소정보
생활편의,소매,맛나상회,35.1512005835934,128.993346006296,소상공인시장진흥공단_상가업소정보
음식점,음식점,오엔호프앤소주,35.1564680051015,128.981535898418,소상공인시장진흥공단_상가업소정보
생활편의,소매,에이플러스마트,35.1670202115141,128.97936658509,소상공인시장진흥공단_상가업소정보
음식점,음식점,영웅시대,35.1862570632297,128.989459974988,소상공인시장진흥공단_상가업소정보
음식점,음식점,향기,35.1920803512785,128.992642827864,소상공인시장진흥공단_상가업소정보
음식점,음식점,둥지,35.1724319965507,128.982933017582,소상공인시장진흥공단_상가업소정보
생활편의,소매,영블리,35.1643345532276,128.977721218153,소상공인시장진흥공단_상가업소정보
음식점,음식점,땡우,35.1637302271136,128.98601390221,소상공인시장진흥공단_상가업소정보
음식점,음식점,승승삼겹덕포점,35.1708409268457,128.988184299315,소상공인시장진흥공단_상가업소정보
생활편의,소매,샤트렌,35.1672775003058,128.982368855424,소상공인시장진흥공단_상가업소정보
생활편의,문화체육,야구아카데미,35.1503278834601,128.986126963761,소상공인시장진흥공단_상가업소정보
생활편의,소매,씨에스컴퍼니,35.1763944330214,128.989691519344,소상공인시장진흥공단_상가업소정보
생활편의,소매,제이뷰티,35.1643345532276,128.977721218153,소상공인시장진흥공단_상가업소정보
생활편의,소매,부영당주례금거래소,35.1500075578429,129.006110387288,소상공인시장진흥공단_상가업소정보
음식점,음식점,소혜반점,35.159757357537,128.980430562506,소상공인시장진흥공단_상가업소정보
생활편의,문화체육,중한령항리더,35.1738976927313,128.984779554919,소상공인시장진흥공단_상가업소정보
생활편의,소매,유준푸드,35.1937076825495,128.986842272049,소상공인시장진흥공단_상가업소정보
음식점,음식점,공원앞빙수집,35.1619579955353,128.988022896493,소상공인시장진흥공단_상가업소정보
생활편의,소매,금이자원,35.1526106249192,128.98045481022,소상공인시장진흥공단_상가업소정보
생활편의,소매,모두의컴퓨터,35.1571081261974,128.975450372573,소상공인시장진흥공단_상가업소정보
음식점,음식점,화프엉노래방,35.1668475909395,128.981656055372,소상공인시장진흥공단_상가업소정보
생활편의,소매,양순수산,35.1541464704966,128.982423239727,소상공인시장진흥공단_상가업소정보
음식점,음식점,해달당,35.1925696537968,128.993028027028,소상공인시장진흥공단_상가업소정보
음식점,음식점,윤식당,35.169894476057,128.981049564924,소상공인시장진흥공단_상가업소정보
생활편의,소매,창진문구,35.1673160039471,128.978912826751,소상공인시장진흥공단_상가업소정보
생활편의,소매,우주게임,35.1534807860112,128.998800155903,소상공인시장진흥공단_상가업소정보
음식점,음식점,짜글이찌개,35.126116668842,128.97101588352,소상공인시장진흥공단_상가업소정보
음식점,음식점,이리로,35.1630167692372,128.985557595919,소상공인시장진흥공단_상가업소정보
음식점,음식점,미진미트디어벨류,35.1512350970868,129.015763195886,소상공인시장진흥공단_상가업소정보
생활편의,소매,화인슈퍼,35.1901574502455,128.993397221071,소상공인시장진흥공단_상가업소정보
음식점,음식점,주왕산삼계탕,35.1501529056223,129.007671996936,소상공인시장진흥공단_상가업소정보
생활편의,소매,대원상회,35.1724823876993,128.989201063769,소상공인시장진흥공단_상가업소정보
생활편의,소매,보미콜렉션,35.1643345532276,128.977721218153,소상공인시장진흥공단_상가업소정보
음식점,음식점,호두:꿈·꽃,35.1693882862828,128.982244506955,소상공인시장진흥공단_상가업소정보
생활편의,소매,다원,35.1448405067791,128.972290228983,소상공인시장진흥공단_상가업소정보
음식점,음식점,아이싱싱회,35.1658058383417,128.980884522945,소상공인시장진흥공단_상가업소정보
음식점,음식점,육일원조명태탕,35.1427018130541,128.97136092065,소상공인시장진흥공단_상가업소정보
음식점,음식점,호담정,35.1655512184377,128.98322683512,소상공인시장진흥공단_상가업소정보
생활편의,소매,보보,35.1643345532276,128.977721218153,소상공인시장진흥공단_상가업소정보
생활편의,소매,씨유신라대점,35.1699579499191,128.988722513422,소상공인시장진흥공단_상가업소정보
생활편의,소매,태가나,35.1643345532276,128.977721218153,소상공인시장진흥공단_상가업소정보
음식점,음식점,꿈의궁전,35.1548792171124,128.982803123984,소상공인시장진흥공단_상가업소정보
생활편의,소매,욱일상회,35.1486506864602,128.979031217208,소상공인시장진흥공단_상가업소정보
음식점,음식점,뚱땡이식당,35.1918016643112,128.9920541995,소상공인시장진흥공단_상가업소정보
음식점,음식점,고향떡집,35.1705562008354,128.980813197993,소상공인시장진흥공단_상가업소정보
생활편의,소매,용근상회,35.1541464704966,128.982423239727,소상공인시장진흥공단_상가업소정보
음식점,음식점,텐퍼센트커피사상건강보험공단점,35.1604769681724,128.984365573348,소상공인시장진흥공단_상가업소정보
생활편의,소매,캐릭터천국,35.1850978569207,128.991451454292,소상공인시장진흥공단_상가업소정보
음식점,음식점,두치상회,35.1749118369522,128.985034698168,소상공인시장진흥공단_상가업소정보
생활편의,소매,제이앤에이치산삼줄기세포,35.192031633346,128.98683438452,소상공인시장진흥공단_상가업소정보
생활편의,소매,민턴초이스,35.1499523789335,129.009982180102,소상공인시장진흥공단_상가업소정보
생활편의,소매,유니코드,35.1643345532276,128.977721218153,소상공인시장진흥공단_상가업소정보
생활편의,소매,철물편의점,35.1469923257598,128.999892206227,소상공인시장진흥공단_상가업소정보
생활편의,소매,부산화영파크골프부산지부,35.1523454302695,128.995513564912,소상공인시장진흥공단_상가업소정보
생활편의,소매,디엠H&N,35.1732727533522,128.981669331028,소상공인시장진흥공단_상가업소정보
생활편의,소매,명성무역,35.1532960056083,128.980976164481,소상공인시장진흥공단_상가업소정보
음식점,음식점,커피로만사상괘법점,35.1677015726254,128.981786526104,소상공인시장진흥공단_상가업소정보
생활편의,문화체육,듀오PC방,35.1510029096407,129.012926635478,소상공인시장진흥공단_상가업소정보
생활편의,소매,플라워마켓秀花사상점,35.1631547397614,128.980984825203,소상공인시장진흥공단_상가업소정보
음식점,음식점,왕대구탕&동태탕,35.1867202694421,128.98704533371,소상공인시장진흥공단_상가업소정보
생활편의,소매,사상전자담배베이프큐사상점,35.1639575375233,128.984241638167,소상공인시장진흥공단_상가업소정보
생활편의,문화체육,오엑스PC모라역점,35.1900094838472,128.989244103683,소상공인시장진흥공단_상가업소정보
생활편의,소매,중고상품소매업,35.1805301717096,128.983689545051,소상공인시장진흥공단_상가업소정보
생활편의,소매,뉴톤보청기사상지사,35.1509111200631,129.004333128009,소상공인시장진흥공단_상가업소정보
생활편의,소매,우리동네플리마켓남영점,35.1704452901148,128.988679509753,소상공인시장진흥공단_상가업소정보
생활편의,소매,주주팩토리,35.1413722494204,128.970549909223,소상공인시장진흥공단_상가업소정보
생활편의,소매,가을이네알뜰마트,35.1480845452144,129.01609142793,소상공인시장진흥공단_상가업소정보
음식점,음식점,털보네사상,35.1675680726683,128.986634020715,소상공인시장진흥공단_상가업소정보
음식점,음식점,신바람,35.161681546861,128.984548472799,소상공인시장진흥공단_상가업소정보
음식점,음식점,바른술집,35.1502498674248,129.006171197405,소상공인시장진흥공단_상가업소정보
음식점,음식점,조돼리,35.1618538581794,128.982281094451,소상공인시장진흥공단_상가업소정보
생활편의,소매,오니네,35.1461095640538,129.001505368829,소상공인시장진흥공단_상가업소정보
음식점,음식점,샌딜리버블사상,35.1486886300407,129.016073417295,소상공인시장진흥공단_상가업소정보
생활편의,소매,하카부산엄궁,35.1268674648272,128.969180205884,소상공인시장진흥공단_상가업소정보
생활편의,문화체육,사상스터디카페,35.1674459617222,128.982537562807,소상공인시장진흥공단_상가업소정보
음식점,음식점,호수,35.1580510502124,128.98392257353,소상공인시장진흥공단_상가업소정보
생활편의,소매,빅뽀텔레콤,35.1664261541623,128.984828392662,소상공인시장진흥공단_상가업소정보
음식점,음식점,그린사이드,35.1802545884146,128.986207377205,소상공인시장진흥공단_상가업소정보
생활편의,소매,다이엘라,35.1562551629208,128.983527820446,소상공인시장진흥공단_상가업소정보
음식점,음식점,구구스시,35.1486566287579,129.013121186499,소상공인시장진흥공단_상가업소정보
생활편의,문화체육,화이트펜슬모라점,35.1866708607933,128.991149556118,소상공인시장진흥공단_상가업소정보
음식점,음식점,아이호프,35.1563379747914,128.982322800718,소상공인시장진흥공단_상가업소정보
생활편의,소매,빨강,35.1643345532276,128.977721218153,소상공인시장진흥공단_상가업소정보
음식점,음식점,비휴,35.1538856434351,129.015696924042,소상공인시장진흥공단_상가업소정보
음식점,음식점,족발이다사상점,35.1638682404909,128.986390374958,소상공인시장진흥공단_상가업소정보
생활편의,소매,사상미싱,35.1668092049026,128.985649809836,소상공인시장진흥공단_상가업소정보
생활편의,소매,달-라,35.1643345532276,128.977721218153,소상공인시장진흥공단_상가업소정보
생활편의,소매,솔잎사상구지점,35.1562551629208,128.983527820446,소상공인시장진흥공단_상가업소정보
생활편의,소매,멍이와냥이,35.1880395646577,128.990667026675,소상공인시장진흥공단_상가업소정보
생활편의,소매,584바이크,35.1413722494204,128.970549909223,소상공인시장진흥공단_상가업소정보
음식점,음식점,하트노래방,35.1632383604075,128.985233765648,소상공인시장진흥공단_상가업소정보
생활편의,소매,국찬방,35.1656061094637,128.982075871724,소상공인시장진흥공단_상가업소정보
생활편의,소매,파충류샵썬즈렙타일,35.1680959574534,128.981916818778,소상공인시장진흥공단_상가업소정보
음식점,음식점,꼬들대패사상점,35.1657418272813,128.983143670239,소상공인시장진흥공단_상가업소정보
생활편의,소매,행복식품,35.1292219411901,128.971803741549,소상공인시장진흥공단_상가업소정보
음식점,음식점,대승산대패명가,35.1722307626146,128.983114707214,소상공인시장진흥공단_상가업소정보
음식점,음식점,기찰반점신라대점,35.1698399427195,128.988225772595,소상공인시장진흥공단_상가업소정보
음식점,음식점,만미정상황버섯삼계탕,35.1919613692247,128.988369563846,소상공인시장진흥공단_상가업소정보
음식점,음식점,오늘도갈비곳간사상점,35.1639451141175,128.984449842787,소상공인시장진흥공단_상가업소정보
생활편의,소매,전동핫플사상점,35.1548584089614,128.981321289836,소상공인시장진흥공단_상가업소정보
음식점,음식점,파리바게뜨부산사상점,35.1642059701835,128.98392942677,소상공인시장진흥공단_상가업소정보
음식점,음식점,한솥도시락신,35.1534807860112,128.998800155903,소상공인시장진흥공단_상가업소정보
음식점,음식점,미감,35.1642552762867,128.97981534741,소상공인시장진흥공단_상가업소정보
생활편의,소매,미소축산물도소매판매장,35.1696600483476,128.980506111513,소상공인시장진흥공단_상가업소정보
음식점,음식점,비움과채움힐링카페,35.1649439925371,128.981785446552,소상공인시장진흥공단_상가업소정보
생활편의,소매,디바,35.1643345532276,128.977721218153,소상공인시장진흥공단_상가업소정보
음식점,음식점,장군식당,35.1865189999261,128.99052015846,소상공인시장진흥공단_상가업소정보
음식점,음식점,춘하추동사계면가,35.1825861512605,129.000588473303,소상공인시장진흥공단_상가업소정보
음식점,음식점,아시아국수,35.1719279562456,128.980692828599,소상공인시장진흥공단_상가업소정보
생활편의,소매,온엔오프,35.1643345532276,128.977721218153,소상공인시장진흥공단_상가업소정보
음식점,음식점,호카호카야타이,35.1654478395614,128.984036417349,소상공인시장진흥공단_상가업소정보
생활편의,소매,지니,35.1643345532276,128.977721218153,소상공인시장진흥공단_상가업소정보
생활편의,소매,나르지오워킹화괘법점,35.1668606099972,128.982512376292,소상공인시장진흥공단_상가업소정보
음식점,음식점,탄광맥주사상점,35.1634518588376,128.985403564997,소상공인시장진흥공단_상가업소정보
생활편의,소매,지에스25구덕대림,35.1356390078327,128.992692231145,소상공인시장진흥공단_상가업소정보
생활편의,소매,벗빛전기상사,35.1532960056083,128.980976164481,소상공인시장진흥공단_상가업소정보
생활편의,소매,신성자원,35.1550479752383,128.9818525836,소상공인시장진흥공단_상가업소정보
음식점,음식점,붕따우쌀국수,35.1488557169154,129.013071231919,소상공인시장진흥공단_상가업소정보
생활편의,소매,경주,35.1320123521558,128.973110617116,소상공인시장진흥공단_상가업소정보
음식점,음식점,봐라봐라만화사상점,35.1626211124237,128.984955388797,소상공인시장진흥공단_상가업소정보
음식점,음식점,처갓집양념치킨,35.1344047726043,128.974506705217,소상공인시장진흥공단_상가업소정보
생활편의,소매,삼성밧데리,35.1456809763033,128.988680107264,소상공인시장진흥공단_상가업소정보
음식점,음식점,눈이부시게,35.1491867088111,129.001800183023,소상공인시장진흥공단_상가업소정보
생활편의,소매,씨유주례롯데,35.1522514922883,128.996838933966,소상공인시장진흥공단_상가업소정보
생활편의,소매,무인옷가게라푼젤,35.1370704092017,128.976830998245,소상공인시장진흥공단_상가업소정보
생활편의,소매,지에스25괘법덕포점,35.1653660471269,128.984078326951,소상공인시장진흥공단_상가업소정보
음식점,음식점,만조커피,35.154965849098,128.979710890232,소상공인시장진흥공단_상가업소정보
생활편의,소매,지에스25엄궁,35.1310317977696,128.972450716049,소상공인시장진흥공단_상가업소정보
음식점,음식점,꿀꿀족발,35.1683579942625,128.983525474128,소상공인시장진흥공단_상가업소정보
생활편의,소매,세븐일레븐부산학감점,35.1552494484817,128.988803287604,소상공인시장진흥공단_상가업소정보
음식점,음식점,우리할매떡볶이사상점,35.1680907195584,128.981686225274,소상공인시장진흥공단_상가업소정보
생활편의,소매,베이베퍼니,35.1895174636593,128.986279170272,소상공인시장진흥공단_상가업소정보
생활편의,문화체육,엘비스노래연습장,35.1542355754954,129.004930405862,소상공인시장진흥공단_상가업소정보
생활편의,소매,신흥커피잡화,35.1663771862266,128.986166073085,소상공인시장진흥공단_상가업소정보
생활편의,소매,별꾸러미상점,35.1885890586429,128.990680433545,소상공인시장진흥공단_상가업소정보
음식점,음식점,스윗앤샷새벽로점,35.1558711145419,128.984966923088,소상공인시장진흥공단_상가업소정보
음식점,음식점,더끌림카페,35.1753801206632,128.989447284317,소상공인시장진흥공단_상가업소정보
생활편의,소매,마리퍼사,35.151020779152,129.014561936547,소상공인시장진흥공단_상가업소정보
음식점,음식점,달달술집사상점,35.1646598519238,128.985378063341,소상공인시장진흥공단_상가업소정보
음식점,음식점,써니7080라이브,35.191963968706,128.992596073978,소상공인시장진흥공단_상가업소정보
생활편의,문화체육,케이당구장,35.1385213899725,128.977930238451,소상공인시장진흥공단_상가업소정보
음식점,음식점,하와이노래방,35.1505643286566,129.000780605052,소상공인시장진흥공단_상가업소정보
생활편의,소매,성황리축산,35.1843609156934,128.993519052904,소상공인시장진흥공단_상가업소정보
생활편의,문화체육,불독짐,35.1411493235764,128.988602752358,소상공인시장진흥공단_상가업소정보
음식점,음식점,곱테랑,35.1604769681724,128.984365573348,소상공인시장진흥공단_상가업소정보
생활편의,소매,학장슈퍼,35.1444254175559,128.991052287481,소상공인시장진흥공단_상가업소정보
음식점,음식점,하린,35.159215322812,128.985465180253,소상공인시장진흥공단_상가업소정보
음식점,음식점,송이샌드앤샐러드,35.1865757747409,128.986514915714,소상공인시장진흥공단_상가업소정보
음식점,음식점,족발의장인족장,35.1490087136856,129.004933806648,소상공인시장진흥공단_상가업소정보
생활편의,소매,부산폰,35.1562551629208,128.983527820446,소상공인시장진흥공단_상가업소정보
음식점,음식점,쿠키사운드,35.1505999177387,129.012774068774,소상공인시장진흥공단_상가업소정보
음식점,음식점,즐거운이모카세,35.1498484619114,129.004833719582,소상공인시장진흥공단_상가업소정보
생활편의,소매,노벨의료기,35.1652611603207,128.983329532673,소상공인시장진흥공단_상가업소정보
음식점,음식점,에그2000,35.1886431414365,128.988486285414,소상공인시장진흥공단_상가업소정보
음식점,음식점,기남윤주막걸리,35.1646003914985,128.9851571355,소상공인시장진흥공단_상가업소정보
음식점,음식점,백양숯불갈비,35.1504255090393,129.011881028599,소상공인시장진흥공단_상가업소정보
음식점,음식점,달인대보칼국수사상점,35.1671227723197,128.983012591934,소상공인시장진흥공단_상가업소정보
음식점,음식점,추억만들기,35.1563379747914,128.982322800718,소상공인시장진흥공단_상가업소정보
생활편의,소매,금보당,35.1658039026647,128.985954592168,소상공인시장진흥공단_상가업소정보
음식점,음식점,베트남노래방,35.1626739194398,128.985582181857,소상공인시장진흥공단_상가업소정보
음식점,음식점,102푸드스타일컴퍼니,35.1394049674617,128.987814304439,소상공인시장진흥공단_상가업소정보
생활편의,문화체육,팡팡컴퍼니,35.1279557205073,128.978716717384,소상공인시장진흥공단_상가업소정보
음식점,음식점,푸주인,35.1647439442873,128.98409613439,소상공인시장진흥공단_상가업소정보
음식점,음식점,후라이드참잘하는집,35.167226652538,128.981621356856,소상공인시장진흥공단_상가업소정보
생활편의,문화체육,스터디231,35.1655692081258,128.982678559684,소상공인시장진흥공단_상가업소정보
생활편의,문화체육,영원노래연습장,35.175417598567,128.98881161533,소상공인시장진흥공단_상가업소정보
음식점,음식점,1989역전꼬마김밥괘법점,35.1631547397614,128.980984825203,소상공인시장진흥공단_상가업소정보
음식점,음식점,우리정식,35.1554333820188,128.987480048132,소상공인시장진흥공단_상가업소정보
음식점,음식점,나이브브류어스,35.1652732890115,128.984789396463,소상공인시장진흥공단_상가업소정보
음식점,음식점,부라보,35.167226652538,128.981621356856,소상공인시장진흥공단_상가업소정보
음식점,음식점,화락,35.1672891378353,128.981107072633,소상공인시장진흥공단_상가업소정보
음식점,음식점,더스토리,35.1544714329826,128.997200431645,소상공인시장진흥공단_상가업소정보
음식점,음식점,엄궁포차,35.1288034550769,128.972045944823,소상공인시장진흥공단_상가업소정보
음식점,음식점,2N원탁가라오케투엔,35.1631292116271,128.986394347031,소상공인시장진흥공단_상가업소정보
음식점,음식점,오케이해물회포차,35.169894476057,128.981049564924,소상공인시장진흥공단_상가업소정보
음식점,음식점,아로큐안Ⅱ,35.1723085497583,128.982216634101,소상공인시장진흥공단_상가업소정보
생활편의,문화체육,드림스타탁구클럽,35.1718370983751,128.982940518327,소상공인시장진흥공단_상가업소정보
음식점,음식점,밀당커피숍,35.1591653689403,128.984114240063,소상공인시장진흥공단_상가업소정보
생활편의,소매,엠에스아트큐레이션,35.1746960439567,128.989397686029,소상공인시장진흥공단_상가업소정보
음식점,음식점,더맛있는뼈해장국,35.1604769681724,128.984365573348,소상공인시장진흥공단_상가업소정보
생활편의,소매,왕통신,35.1485612092619,129.0118131804,소상공인시장진흥공단_상가업소정보
음식점,음식점,이모네식당,35.1301258894463,128.966088484348,소상공인시장진흥공단_상가업소정보
음식점,음식점,메가엠지씨커피부산사상스타힐스점,35.1641577673576,128.981920003285,소상공인시장진흥공단_상가업소정보
음식점,음식점,복댕이포차,35.1886431414365,128.988486285414,소상공인시장진흥공단_상가업소정보
생활편의,소매,봉봉스테이션사상점,35.1649896029856,128.982302339484,소상공인시장진흥공단_상가업소정보
생활편의,소매,타이어팩토리,35.1453801299133,128.970141855498,소상공인시장진흥공단_상가업소정보
생활편의,소매,중앙매점,35.175552086476,128.977850277977,소상공인시장진흥공단_상가업소정보
생활편의,소매,달링아이스크림할인점,35.1544923328933,129.01443906233,소상공인시장진흥공단_상가업소정보
생활편의,문화체육,쩐복권방,35.1672186875735,128.981006593095,소상공인시장진흥공단_상가업소정보
생활편의,소매,제이엘제이,35.1562551629208,128.983527820446,소상공인시장진흥공단_상가업소정보
생활편의,문화체육,엠케이짐,35.1689604601807,128.980302571823,소상공인시장진흥공단_상가업소정보
음식점,음식점,골목뒷고기,35.1544236792461,128.997363854899,소상공인시장진흥공단_상가업소정보
생활편의,소매,휴대폰성지부싼폰,35.16622429028,128.98284810601,소상공인시장진흥공단_상가업소정보
음식점,음식점,백조다방,35.1556171450402,128.987265061076,소상공인시장진흥공단_상가업소정보
생활편의,소매,디어미,35.1643345532276,128.977721218153,소상공인시장진흥공단_상가업소정보
음식점,음식점,꽃돼지국밥,35.1466700737613,129.008475126983,소상공인시장진흥공단_상가업소정보
음식점,음식점,냉정식당,35.1510029096407,129.012926635478,소상공인시장진흥공단_상가업소정보
생활편의,소매,아이스크림할인점엄궁,35.1282709272148,128.974863169806,소상공인시장진흥공단_상가업소정보
음식점,음식점,네잎샐러드,35.1556063453184,128.990666395226,소상공인시장진흥공단_상가업소정보
생활편의,소매,씨유주례냉정점,35.1504783615387,129.012496770488,소상공인시장진흥공단_상가업소정보
생활편의,소매,킴스,35.1305124233891,128.968368479457,소상공인시장진흥공단_상가업소정보
생활편의,소매,동원상사,35.191545729457,128.988985164005,소상공인시장진흥공단_상가업소정보
생활편의,소매,전자담배무인24,35.1498972822348,128.999699976889,소상공인시장진흥공단_상가업소정보
음식점,음식점,제이원카페삼락,35.1934358084485,128.985836652979,소상공인시장진흥공단_상가업소정보
생활편의,문화체육,오션스크린골프존,35.1354302615098,128.970746748112,소상공인시장진흥공단_상가업소정보
음식점,음식점,동서식당,35.1831443317492,128.983643322482,소상공인시장진흥공단_상가업소정보
음식점,음식점,온골국수집,35.1528329532598,128.995459637898,소상공인시장진흥공단_상가업소정보
생활편의,소매,명태물산,35.150873701817,129.003871376723,소상공인시장진흥공단_상가업소정보
생활편의,소매,씨유주례대로점,35.1503300158308,128.997505163337,소상공인시장진흥공단_상가업소정보
생활편의,소매,오로지,35.1643345532276,128.977721218153,소상공인시장진흥공단_상가업소정보
생활편의,소매,이마트24우리동네괘법점,35.1599185547958,128.989290071398,소상공인시장진흥공단_상가업소정보
생활편의,소매,클라라,35.1643345532276,128.977721218153,소상공인시장진흥공단_상가업소정보
음식점,음식점,카페16온스,35.1482924029293,129.012805000993,소상공인시장진흥공단_상가업소정보
음식점,음식점,건아들,35.1653881970248,128.983826458059,소상공인시장진흥공단_상가업소정보
생활편의,문화체육,행운복권,35.1723914948643,128.983755171138,소상공인시장진흥공단_상가업소정보
음식점,음식점,댄싱컵사상공단점,35.1417897510559,128.969813941838,소상공인시장진흥공단_상가업소정보
생활편의,소매,우수종합상사,35.1532763745884,128.981074441847,소상공인시장진흥공단_상가업소정보
생활편의,소매,지에스25괘법공원점,35.163970029137,128.9862282405,소상공인시장진흥공단_상가업소정보
음식점,음식점,태양호프,35.1664581154888,128.982327014303,소상공인시장진흥공단_상가업소정보
음식점,음식점,신촌깻잎떡볶이사상감전점,35.1553087413539,128.980234925015,소상공인시장진흥공단_상가업소정보
생활편의,소매,에이모바일,35.1634294913557,128.984569000673,소상공인시장진흥공단_상가업소정보
생활편의,소매,잔비어마트,35.1692919688406,128.980420359805,소상공인시장진흥공단_상가업소정보
음식점,음식점,카츠토리&도토리다방,35.1516358904857,128.992083834198,소상공인시장진흥공단_상가업소정보
음식점,음식점,사과당학장점,35.141131307217,128.988602314011,소상공인시장진흥공단_상가업소정보
음식점,음식점,골드리버라운지,35.1231153895995,128.966599998437,소상공인시장진흥공단_상가업소정보
음식점,음식점,굽네치킨모라점,35.1877716533208,128.991066647226,소상공인시장진흥공단_상가업소정보
음식점,음식점,내가사케라이브가라오케,35.1618725955738,128.987735500475,소상공인시장진흥공단_상가업소정보
음식점,음식점,런치코트맘마킹,35.1461353881176,129.007024708599,소상공인시장진흥공단_상가업소정보
음식점,음식점,엄궁회초장,35.1290243704959,128.968990820583,소상공인시장진흥공단_상가업소정보
생활편의,소매,라인업온라인,35.1679795693422,128.981870095413,소상공인시장진흥공단_상가업소정보
생활편의,소매,지에스25엄궁농산물,35.1305124233891,128.968368479457,소상공인시장진흥공단_상가업소정보
음식점,음식점,안식처,35.165999650759,128.983358443513,소상공인시장진흥공단_상가업소정보
음식점,음식점,교촌치킨학장점,35.1368382793639,128.976145220063,소상공인시장진흥공단_상가업소정보
생활편의,소매,부영주유소,35.1491022269539,128.971789629228,소상공인시장진흥공단_상가업소정보
음식점,음식점,짬뽕관신라대학교점,35.172035414985,128.997739770651,소상공인시장진흥공단_상가업소정보
생활편의,소매,기온찬,35.161685207055,128.986523831077,소상공인시장진흥공단_상가업소정보
음식점,음식점,낙동숯불갈비,35.1657620244384,128.983561183078,소상공인시장진흥공단_상가업소정보
음식점,음식점,맛집옛집뭉티기사상점,35.164727944368,128.985072443222,소상공인시장진흥공단_상가업소정보
음식점,음식점,유림,35.1657620244384,128.983561183078,소상공인시장진흥공단_상가업소정보
음식점,음식점,하늘커피숍,35.167176794082,128.982465180693,소상공인시장진흥공단_상가업소정보
음식점,음식점,동원재첩국,35.1868267435084,128.988793285148,소상공인시장진흥공단_상가업소정보
생활편의,소매,아미쿠스엠알오,35.1811841884507,128.98447378599,소상공인시장진흥공단_상가업소정보
음식점,음식점,동태랑고등어추어탕,35.1749505673424,128.984871007412,소상공인시장진흥공단_상가업소정보
생활편의,소매,올리비아,35.1664884516103,128.983776367648,소상공인시장진흥공단_상가업소정보
음식점,음식점,엄마밥집,35.1568710402851,128.985539874711,소상공인시장진흥공단_상가업소정보
음식점,음식점,"오,패밀리!",35.1744095753148,128.986537094064,소상공인시장진흥공단_상가업소정보
음식점,음식점,오서방호프,35.1724423539128,128.981199191683,소상공인시장진흥공단_상가업소정보
음식점,음식점,바이칼단란주점,35.1497257190437,129.000266326043,소상공인시장진흥공단_상가업소정보
생활편의,소매,에스와이인더스트리,35.1239839376736,128.964723298641,소상공인시장진흥공단_상가업소정보
생활편의,소매,나이스종합상사,35.1568072882919,128.979525083181,소상공인시장진흥공단_상가업소정보
음식점,음식점,동네빵집,35.1356390078327,128.992692231145,소상공인시장진흥공단_상가업소정보
음식점,음식점,오리바베큐,35.169682980252,128.981307828545,소상공인시장진흥공단_상가업소정보
음식점,음식점,샐러드연구소샐리어트,35.1631457315728,128.980984606691,소상공인시장진흥공단_상가업소정보
음식점,음식점,봄날에보리밥,35.1498057317364,129.003603798307,소상공인시장진흥공단_상가업소정보
음식점,음식점,높은음자리,35.1894912971503,128.991163500556,소상공인시장진흥공단_상가업소정보
생활편의,소매,쑥이네늘찬,35.1710465081273,128.982240867126,소상공인시장진흥공단_상가업소정보
음식점,음식점,부막숯불닭갈비덕포점,35.1737086834909,128.984215217231,소상공인시장진흥공단_상가업소정보
생활편의,소매,주례보청기난청센터,35.1499957441803,129.004102202545,소상공인시장진흥공단_상가업소정보
음식점,음식점,랑야각,35.1466486866525,129.008134480323,소상공인시장진흥공단_상가업소정보
음식점,음식점,삼순이포차,35.1748032246578,128.986162531843,소상공인시장진흥공단_상가업소정보
음식점,음식점,신선자충무김밥,35.1566042759663,128.989165463732,소상공인시장진흥공단_상가업소정보
음식점,음식점,할매국수,35.1557936141774,128.984196934916,소상공인시장진흥공단_상가업소정보
음식점,음식점,하트,35.1726614220002,128.981028904776,소상공인시장진흥공단_상가업소정보
생활편의,소매,이숙,35.1643345532276,128.977721218153,소상공인시장진흥공단_상가업소정보
생활편의,소매,아이스크림과자할인점덕포벽산,35.1750332969484,128.986420566569,소상공인시장진흥공단_상가업소정보
음식점,음식점,대패생각사상점,35.18423726891,128.986787288321,소상공인시장진흥공단_상가업소정보
생활편의,보건의료,주례서현치과의원,35.1534807860112,128.998800155903,소상공인시장진흥공단_상가업소정보
생활편의,소매,헬스트론프라자,35.1607820075892,128.984998479795,소상공인시장진흥공단_상가업소정보
생활편의,문화체육,404피트니스덕포점,35.1718370983751,128.982940518327,소상공인시장진흥공단_상가업소정보
음식점,음식점,051반점,35.1493655562217,129.012217005051,소상공인시장진흥공단_상가업소정보
음식점,음식점,비상,35.122940961784,128.962350972154,소상공인시장진흥공단_상가업소정보
생활편의,문화체육,진달래노래연습장,35.1554688743285,128.979810863879,소상공인시장진흥공단_상가업소정보
음식점,음식점,"장충동왕족발B&F,자갈치곰장어",35.1566473909743,128.983789724643,소상공인시장진흥공단_상가업소정보
음식점,음식점,무지개맥주,35.1634804841749,128.984756797216,소상공인시장진흥공단_상가업소정보
생활편의,소매,이마트24사상한신점,35.1689730562733,128.980083383105,소상공인시장진흥공단_상가업소정보
음식점,음식점,벤티프레소부산사상점,35.1671643425784,128.979370078938,소상공인시장진흥공단_상가업소정보
음식점,음식점,나도밤나무,35.158400101052,128.992303657129,소상공인시장진흥공단_상가업소정보
음식점,음식점,사상설렁탕,35.1626739194398,128.985582181857,소상공인시장진흥공단_상가업소정보
생활편의,소매,휴대폰보이,35.1675514153756,128.983802192234,소상공인시장진흥공단_상가업소정보
음식점,음식점,골목돼지,35.1720186509274,128.988355656677,소상공인시장진흥공단_상가업소정보
생활편의,소매,해인,35.1583883693057,128.985335346015,소상공인시장진흥공단_상가업소정보
음식점,음식점,헬리빈커피주감점,35.1561123225254,128.994420502463,소상공인시장진흥공단_상가업소정보
생활편의,소매,영미포장,35.1541464704966,128.982423239727,소상공인시장진흥공단_상가업소정보
생활편의,소매,매버릭바이크,35.1407310560516,128.970633188955,소상공인시장진흥공단_상가업소정보
생활편의,소매,르네시떼,35.1643345532276,128.977721218153,소상공인시장진흥공단_상가업소정보
생활편의,소매,바로한상,35.1561123225254,128.994420502463,소상공인시장진흥공단_상가업소정보
음식점,음식점,히스피,35.1607465688396,128.987159415926,소상공인시장진흥공단_상가업소정보
음식점,음식점,싸움의고수냉정점,35.1500003889975,129.012517913658,소상공인시장진흥공단_상가업소정보
생활편의,소매,으뜸50안경사상,35.1642059701835,128.98392942677,소상공인시장진흥공단_상가업소정보
음식점,음식점,빡벳커피사상,35.1507448277873,128.990372384165,소상공인시장진흥공단_상가업소정보
생활편의,소매,반시,35.1643345532276,128.977721218153,소상공인시장진흥공단_상가업소정보
음식점,음식점,샤브올사상점,35.1631457315728,128.980984606691,소상공인시장진흥공단_상가업소정보
생활편의,문화체육,뉴핏헬스&PT&필라테스&스피닝사상점,35.1637851437426,128.984862967605,소상공인시장진흥공단_상가업소정보
생활편의,소매,주니펫,35.1543169146723,128.996187165409,소상공인시장진흥공단_상가업소정보
음식점,음식점,컴포즈엄궁초점,35.1286365682724,128.972886556619,소상공인시장진흥공단_상가업소정보
음식점,음식점,천일각,35.1732727533522,128.981669331028,소상공인시장진흥공단_상가업소정보
생활편의,소매,메버릭파쏘,35.1413722494204,128.970549909223,소상공인시장진흥공단_상가업소정보
음식점,음식점,숯양두마리치킨사상점,35.15886567168,128.987552588258,소상공인시장진흥공단_상가업소정보
생활편의,소매,제로스토어냉정역점,35.1503109316378,129.01281083813,소상공인시장진흥공단_상가업소정보
생활편의,소매,부산앤틱,35.1533474875076,128.973406307864,소상공인시장진흥공단_상가업소정보
음식점,음식점,로우타운,35.1500898656958,129.009842924982,소상공인시장진흥공단_상가업소정보
음식점,음식점,호호붕어빵,35.1870211294551,128.989577398747,소상공인시장진흥공단_상가업소정보
음식점,음식점,메가엠지씨커피사상,35.1627753300522,128.984893293903,소상공인시장진흥공단_상가업소정보
음식점,음식점,동백꽃초밥,35.1657418272813,128.983143670239,소상공인시장진흥공단_상가업소정보
음식점,음식점,피크닉바스킷,35.1858749431145,128.98913232627,소상공인시장진흥공단_상가업소정보
음식점,음식점,히든에이스사상점,35.1639451141175,128.984449842787,소상공인시장진흥공단_상가업소정보
음식점,음식점,꼬목살,35.1535352035115,129.011299253828,소상공인시장진흥공단_상가업소정보
음식점,음식점,은하수,35.1695169432016,128.982642722564,소상공인시장진흥공단_상가업소정보
생활편의,소매,하이숑,35.1761948120208,128.989774458756,소상공인시장진흥공단_상가업소정보
생활편의,소매,미래약국,35.1696661029095,128.982339050256,소상공인시장진흥공단_상가업소정보
생활편의,문화체육,사상스크린골프,35.1651989427663,128.979421206128,소상공인시장진흥공단_상가업소정보
음식점,음식점,진미만찬,35.1699009714579,128.981203370203,소상공인시장진흥공단_상가업소정보
생활편의,소매,라인업글로벌,35.1679795693422,128.981870095413,소상공인시장진흥공단_상가업소정보
생활편의,문화체육,끝장인형뽑기,35.1503109316378,129.01281083813,소상공인시장진흥공단_상가업소정보
음식점,음식점,추억의보리밥,35.1743648577336,128.984867741331,소상공인시장진흥공단_상가업소정보
생활편의,소매,한국금융금거래소,35.1514945502679,129.012082909978,소상공인시장진흥공단_상가업소정보
음식점,음식점,아빠가만든육회사상점,35.1688817680379,128.984558844447,소상공인시장진흥공단_상가업소정보
생활편의,소매,제이에이치모바일,35.1716355283033,128.98369290176,소상공인시장진흥공단_상가업소정보
음식점,음식점,한잔할래,35.1876713485639,128.987847877604,소상공인시장진흥공단_상가업소정보
생활편의,소매,키키인포메이션,35.1562551629208,128.983527820446,소상공인시장진흥공단_상가업소정보
생활편의,문화체육,레저로스크린파크골프사상점,35.16319615532,128.98065661185,소상공인시장진흥공단_상가업소정보
음식점,음식점,모라흑염소,35.1883256947409,128.988610276228,소상공인시장진흥공단_상가업소정보
음식점,음식점,영남커피숍,35.1602977807421,128.987049735045,소상공인시장진흥공단_상가업소정보
음식점,음식점,통안에서,35.1614004748062,128.984102695653,소상공인시장진흥공단_상가업소정보
음식점,음식점,밀당1커피숍,35.1693106533659,128.982582839479,소상공인시장진흥공단_상가업소정보
음식점,음식점,냉정부엌,35.1515632303155,129.01283071753,소상공인시장진흥공단_상가업소정보
생활편의,소매,로로핏,35.1482924029293,129.012805000993,소상공인시장진흥공단_상가업소정보
음식점,음식점,율푸드,35.1867202694421,128.98704533371,소상공인시장진흥공단_상가업소정보
음식점,음식점,한덩어리,35.1560593702748,128.981174850877,소상공인시장진흥공단_상가업소정보
음식점,음식점,장호덕손만두부산,35.1492436882966,129.005981912413,소상공인시장진흥공단_상가업소정보
음식점,음식점,하삼동커피부산학장점,35.1377741859259,128.977330720733,소상공인시장진흥공단_상가업소정보
음식점,음식점,연막창사상점,35.1631934812612,128.984673004613,소상공인시장진흥공단_상가업소정보
음식점,음식점,맛나감자탕괘법점,35.1677408367929,128.981589937328,소상공인시장진흥공단_상가업소정보
생활편의,소매,풋테크,35.1664517213834,128.984368090925,소상공인시장진흥공단_상가업소정보
음식점,음식점,한우규담,35.1635577819783,128.984989129242,소상공인시장진흥공단_상가업소정보
음식점,음식점,쑝쑝돈까스모라점,35.189365905746,128.991116530577,소상공인시장진흥공단_상가업소정보
생활편의,소매,대한슈퍼,35.1909463368008,128.98816918203,소상공인시장진흥공단_상가업소정보
음식점,음식점,커피볶는시골커피모덕산업단지점,35.18229898057,128.979682210243,소상공인시장진흥공단_상가업소정보
음식점,음식점,떳다!365,35.1755770250494,128.986236237485,소상공인시장진흥공단_상가업소정보
음식점,음식점,흥팟쌀국수,35.1720333959048,128.981408769587,소상공인시장진흥공단_상가업소정보
생활편의,소매,신앙촌상회,35.1526849162219,129.00496915776,소상공인시장진흥공단_상가업소정보
생활편의,소매,영퀼트,35.1498057317364,129.003603798307,소상공인시장진흥공단_상가업소정보
생활편의,소매,세븐일레븐부산엄궁,35.1256214455769,128.968217845573,소상공인시장진흥공단_상가업소정보
음식점,음식점,만복식당,35.1482330544944,129.01583176801,소상공인시장진흥공단_상가업소정보
음식점,음식점,국시랑김밥,35.1564790625635,128.989107549575,소상공인시장진흥공단_상가업소정보
음식점,음식점,사상초량갈비,35.1646109784277,128.983961214397,소상공인시장진흥공단_상가업소정보
음식점,음식점,밥싸다구사상점,35.1741876292109,128.988529215144,소상공인시장진흥공단_상가업소정보
음식점,음식점,학장119브로이,35.1397811304508,128.98025361654,소상공인시장진흥공단_상가업소정보
생활편의,소매,허그미,35.1703293064872,128.979808977903,소상공인시장진흥공단_상가업소정보
음식점,음식점,초필살돼지구이사상점,35.1634294913557,128.984569000673,소상공인시장진흥공단_상가업소정보
음식점,음식점,본죽&비빔밥부산,35.1499340836266,129.002926675693,소상공인시장진흥공단_상가업소정보
생활편의,소매,으뜸스타안경학장점,35.1366076422688,128.975920237294,소상공인시장진흥공단_상가업소정보
음식점,음식점,영,35.1575415820991,128.984766106291,소상공인시장진흥공단_상가업소정보
생활편의,소매,세븐일레븐부산괘법점,35.1619108542859,128.980449860215,소상공인시장진흥공단_상가업소정보
음식점,음식점,까자집,35.1598032461748,128.988080182552,소상공인시장진흥공단_상가업소정보
생활편의,소매,루에디,35.1503217301596,129.013787623478,소상공인시장진흥공단_상가업소정보
음식점,음식점,행님쪽갈비사상점,35.1636003213468,128.985692497729,소상공인시장진흥공단_상가업소정보
생활편의,문화체육,힐링플러스,35.1585536332716,128.987896140643,소상공인시장진흥공단_상가업소정보
생활편의,소매,세븐중고타이어,35.1287981901927,128.969599657041,소상공인시장진흥공단_상가업소정보
음식점,음식점,와라야키탄요,35.1661695482976,128.983439390405,소상공인시장진흥공단_상가업소정보
생활편의,소매,그린조이신모라점,35.1890880985758,128.99102193159,소상공인시장진흥공단_상가업소정보
음식점,음식점,정원커피숍,35.1604929852876,128.983937993611,소상공인시장진흥공단_상가업소정보
생활편의,소매,덕포아시아마트,35.1727183068987,128.980305921021,소상공인시장진흥공단_상가업소정보
음식점,음식점,함바식당,35.1288071084865,128.972375112804,소상공인시장진흥공단_상가업소정보
생활편의,보건의료,사상애플의원,35.1631457315728,128.980984606691,소상공인시장진흥공단_상가업소정보
생활편의,소매,다솜,35.1643345532276,128.977721218153,소상공인시장진흥공단_상가업소정보
음식점,음식점,톤토리라멘사상,35.1596337118024,128.987977295009,소상공인시장진흥공단_상가업소정보
음식점,음식점,계근상,35.159052111958,128.986075721252,소상공인시장진흥공단_상가업소정보
생활편의,소매,탑훼미리마트,35.1541546708245,129.010897544566,소상공인시장진흥공단_상가업소정보
음식점,음식점,밥플PC,35.1502268655123,129.012446687312,소상공인시장진흥공단_상가업소정보
생활편의,소매,헌옷구제방문수거매장,35.1588187654813,128.98491784733,소상공인시장진흥공단_상가업소정보
생활편의,소매,홍시紅禔,35.1845281197002,128.993215787977,소상공인시장진흥공단_상가업소정보
생활편의,소매,지에스25뉴괘법미래점,35.1661992108447,128.979423504256,소상공인시장진흥공단_상가업소정보
생활편의,소매,에이스노바,35.1532763745884,128.981074441847,소상공인시장진흥공단_상가업소정보
음식점,음식점,사넬,35.1645437874831,128.984211986455,소상공인시장진흥공단_상가업소정보
음식점,음식점,타코비부산사상점,35.1653881970248,128.983826458059,소상공인시장진흥공단_상가업소정보
생활편의,문화체육,한신노래연습장,35.1688073210567,128.980298857616,소상공인시장진흥공단_상가업소정보
생활편의,소매,유원식품,35.1718874368889,128.980966223094,소상공인시장진흥공단_상가업소정보
생활편의,소매,엠케이엘,35.1570538697951,128.978773914146,소상공인시장진흥공단_상가업소정보
음식점,음식점,아이모커피,35.175236634549,128.983912115335,소상공인시장진흥공단_상가업소정보
음식점,음식점,기억하개,35.1920851337944,128.989064182105,소상공인시장진흥공단_상가업소정보
음식점,음식점,노브랜드버거부산,35.1532268858543,128.999441324341,소상공인시장진흥공단_상가업소정보
음식점,음식점,샌드당커피,35.1683579942625,128.983525474128,소상공인시장진흥공단_상가업소정보
생활편의,소매,세븐일레븐센텀,35.1612129421784,128.984548059789,소상공인시장진흥공단_상가업소정보
음식점,음식점,청년숯불두마리치킨,35.167526079668,128.985897707329,소상공인시장진흥공단_상가업소정보
음식점,음식점,다잡아갈치·열기,35.1490579309771,129.001413008616,소상공인시장진흥공단_상가업소정보
음식점,음식점,쎄이실내포장,35.1645227345231,128.984946739778,소상공인시장진흥공단_상가업소정보
음식점,음식점,양지닭한마리,35.1667496884867,128.983782714243,소상공인시장진흥공단_상가업소정보
음식점,음식점,오늘통닭사상점,35.1637851437426,128.984862967605,소상공인시장진흥공단_상가업소정보
음식점,음식점,여기올래라면올래분식,35.1631457315728,128.980984606691,소상공인시장진흥공단_상가업소정보
음식점,음식점,달달식당,35.1854692448523,128.99407302127,소상공인시장진흥공단_상가업소정보
음식점,음식점,네네치킨모라점,35.1917402115701,128.992502786643,소상공인시장진흥공단_상가업소정보
생활편의,소매,서은공방,35.1502498674248,129.006171197405,소상공인시장진흥공단_상가업소정보
음식점,음식점,컴포즈커피부산북부면허시험장점,35.1779970118522,128.982091349471,소상공인시장진흥공단_상가업소정보
음식점,음식점,고래포장센타,35.1634294913557,128.984569000673,소상공인시장진흥공단_상가업소정보
생활편의,문화체육,카이져PC,35.1637851437426,128.984862967605,소상공인시장진흥공단_상가업소정보
음식점,음식점,동원식당,35.1569976690807,128.993739842531,소상공인시장진흥공단_상가업소정보
음식점,음식점,고기꿉는삼촌,35.142021676591,128.988711746112,소상공인시장진흥공단_상가업소정보
생활편의,소매,메가자이언트약국,35.1275926627189,128.968364011655,소상공인시장진흥공단_상가업소정보
생활편의,문화체육,엔제이피트니스냉정점헬스&PT&GX,35.151020779152,129.014561936547,소상공인시장진흥공단_상가업소정보
생활편의,문화체육,프로스판사,35.1488676648108,129.011809753907,소상공인시장진흥공단_상가업소정보
음식점,음식점,메가엠지씨커피부산사상,35.1533838596773,128.989909992969,소상공인시장진흥공단_상가업소정보
음식점,음식점,옥후엔,35.1702206291901,128.979290523201,소상공인시장진흥공단_상가업소정보
생활편의,소매,융시스템,35.1932183306506,128.990299387773,소상공인시장진흥공단_상가업소정보
음식점,음식점,만복밀냉면,35.1567464256644,128.97994058483,소상공인시장진흥공단_상가업소정보
음식점,음식점,커피볶는시골커피감전낙동점,35.1426852283883,128.970164660154,소상공인시장진흥공단_상가업소정보
생활편의,소매,바오안전기자전거,35.171887542774,128.979857740269,소상공인시장진흥공단_상가업소정보
음식점,음식점,밥심,35.1554946043385,128.985945334003,소상공인시장진흥공단_상가업소정보
생활편의,소매,"아이스크림,과자24시",35.1379384159311,128.978311071717,소상공인시장진흥공단_상가업소정보
음식점,음식점,올리브정원,35.1693880788671,128.98665635441,소상공인시장진흥공단_상가업소정보
음식점,음식점,닭다구리,35.1467595107068,129.00797262889,소상공인시장진흥공단_상가업소정보
음식점,음식점,상상오리사상점,35.1591360081332,128.98425618076,소상공인시장진흥공단_상가업소정보
음식점,음식점,사철밀면,35.1922580067439,128.992251965837,소상공인시장진흥공단_상가업소정보
생활편의,소매,허쉬허쉬2호,35.1643345532276,128.977721218153,소상공인시장진흥공단_상가업소정보
음식점,음식점,뼈굿감자탕&뼈구이사상점,35.163541967483,128.986503152414,소상공인시장진흥공단_상가업소정보
음식점,음식점,우아우아,35.164122452743,128.981875250003,소상공인시장진흥공단_상가업소정보
음식점,음식점,달로움,35.191545729457,128.988985164005,소상공인시장진흥공단_상가업소정보
생활편의,문화체육,플러스84빌락,35.1724423539128,128.981199191683,소상공인시장진흥공단_상가업소정보
음식점,음식점,모라카이공원,35.1913264209688,128.991361977723,소상공인시장진흥공단_상가업소정보
생활편의,소매,스피드메이트이마트사상점,35.1642343045877,128.978893016647,소상공인시장진흥공단_상가업소정보
생활편의,문화체육,쓰리팝피시방,35.1504783615387,129.012496770488,소상공인시장진흥공단_상가업소정보
음식점,음식점,영숙씨,35.1656152566016,128.985368369163,소상공인시장진흥공단_상가업소정보
음식점,음식점,그레이핍플사상,35.1519726424716,128.989689089523,소상공인시장진흥공단_상가업소정보
생활편의,소매,제이,35.1643345532276,128.977721218153,소상공인시장진흥공단_상가업소정보
생활편의,소매,봄푸드,35.1946288492705,128.988368715379,소상공인시장진흥공단_상가업소정보
음식점,음식점,동궁카페,35.1583568316591,128.98506024767,소상공인시장진흥공단_상가업소정보
음식점,음식점,신사동찌개마을사상점,35.1587723419488,128.987199170889,소상공인시장진흥공단_상가업소정보
음식점,음식점,마마라,35.140305165147,128.981824173755,소상공인시장진흥공단_상가업소정보
음식점,음식점,부산짬뽕다래성,35.1884943246513,128.986572604248,소상공인시장진흥공단_상가업소정보
음식점,음식점,뉴이,35.1495258721179,129.004178453832,소상공인시장진흥공단_상가업소정보
음식점,음식점,제이엠제이컴퍼니,35.1616847349942,128.983253651054,소상공인시장진흥공단_상가업소정보
음식점,음식점,싸이공나이트푸드,35.1632383604075,128.985233765648,소상공인시장진흥공단_상가업소정보
생활편의,소매,더모프아카이브,35.1411606559942,128.982963955545,소상공인시장진흥공단_상가업소정보
음식점,음식점,123요,35.1500003889975,129.012517913658,소상공인시장진흥공단_상가업소정보
생활편의,문화체육,바로움PT,35.1556063453184,128.990666395226,소상공인시장진흥공단_상가업소정보
음식점,음식점,사상뷔페,35.1464748837634,128.994108456089,소상공인시장진흥공단_상가업소정보
음식점,음식점,고릴라,35.1725372429841,128.983659936085,소상공인시장진흥공단_상가업소정보
생활편의,소매,벨루스톤힐링카페,35.1887097836851,128.989914964904,소상공인시장진흥공단_상가업소정보
음식점,음식점,원더걸스,35.1644619949975,128.984253895459,소상공인시장진흥공단_상가업소정보
음식점,음식점,힘짱민물장어,35.187253346522,128.990252667331,소상공인시장진흥공단_상가업소정보
음식점,음식점,사계절포차,35.1934223497189,128.993235485516,소상공인시장진흥공단_상가업소정보
음식점,음식점,구땡식당사상점,35.1636833872719,128.986122502966,소상공인시장진흥공단_상가업소정보
생활편의,소매,제로연구소사상센트럴스타힐스점,35.1651295736853,128.982009434143,소상공인시장진흥공단_상가업소정보
음식점,음식점,프레쉬중국요리,35.1536493935518,129.011477626429,소상공인시장진흥공단_상가업소정보
생활편의,소매,별아이스학장점,35.1381172724233,128.977843665977,소상공인시장진흥공단_상가업소정보
음식점,음식점,밥풀떼기,35.1640736287165,128.986505111208,소상공인시장진흥공단_상가업소정보
생활편의,소매,씨유학장세원점,35.1417218859823,128.98885804586,소상공인시장진흥공단_상가업소정보
생활편의,소매,영상회,35.1305124233891,128.968368479457,소상공인시장진흥공단_상가업소정보
생활편의,소매,과일내음부산청과2번,35.1671251330331,128.983418704125,소상공인시장진흥공단_상가업소정보
생활편의,소매,정관장괘법점,35.1646410336142,128.983226678503,소상공인시장진흥공단_상가업소정보
생활편의,소매,아이스크림할인점주례반도점,35.1535352035115,129.011299253828,소상공인시장진흥공단_상가업소정보
음식점,음식점,슈가,35.1503269427211,129.012931925986,소상공인시장진흥공단_상가업소정보
생활편의,소매,개인택시사상엘피지충전소,35.1350414545364,128.973041110472,소상공인시장진흥공단_상가업소정보
생활편의,소매,휴대폰성지정직폰사상점,35.1643345532276,128.977721218153,소상공인시장진흥공단_상가업소정보
생활편의,소매,현대상사,35.1532763745884,128.981074441847,소상공인시장진흥공단_상가업소정보
음식점,음식점,멘사무소부산서부,35.1631457315728,128.980984606691,소상공인시장진흥공단_상가업소정보
음식점,음식점,영광식당,35.1475814957697,128.987091558902,소상공인시장진흥공단_상가업소정보
음식점,음식점,앵두,35.1644619949975,128.984253895459,소상공인시장진흥공단_상가업소정보
생활편의,문화체육,씨씨당구클럽,35.149181828907,129.012969546707,소상공인시장진흥공단_상가업소정보
음식점,음식점,주례면과밥,35.1475683850574,129.00102542712,소상공인시장진흥공단_상가업소정보
생활편의,문화체육,션피싱,35.1929405094921,128.990753681863,소상공인시장진흥공단_상가업소정보
음식점,음식점,계주숯불닭갈비,35.1651100438643,128.984302564725,소상공인시장진흥공단_상가업소정보
음식점,음식점,그시절그떡볶이,35.141131307217,128.988602314011,소상공인시장진흥공단_상가업소정보
생활편의,문화체육,화이트펜슬사상,35.1658960168523,128.98253285457,소상공인시장진흥공단_상가업소정보
음식점,음식점,막회와숙성광어,35.1697674288063,128.98055261552,소상공인시장진흥공단_상가업소정보
생활편의,소매,서부충전소,35.1838126725122,128.976941822829,소상공인시장진흥공단_상가업소정보
음식점,음식점,땡기는맛집,35.1704932091488,128.981909161028,소상공인시장진흥공단_상가업소정보
생활편의,소매,엠바이크,35.1555784892271,128.980823028099,소상공인시장진흥공단_상가업소정보
음식점,음식점,가마솥돼지순대국밥,35.1702603665589,128.980718221567,소상공인시장진흥공단_상가업소정보
음식점,음식점,으뜸국밥부,35.1499655277664,129.012988854442,소상공인시장진흥공단_상가업소정보
생활편의,소매,간지,35.1379384159311,128.978311071717,소상공인시장진흥공단_상가업소정보
음식점,음식점,수맥집,35.1652451774772,128.981002613009,소상공인시장진흥공단_상가업소정보
생활편의,소매,가나어패럴,35.1920643654964,128.983739439558,소상공인시장진흥공단_상가업소정보
음식점,음식점,굽네치킨,35.1329206574359,128.973779760198,소상공인시장진흥공단_상가업소정보
생활편의,소매,상신상사,35.1496483529242,129.007121968663,소상공인시장진흥공단_상가업소정보
음식점,음식점,쿄우참치,35.1637302271136,128.98601390221,소상공인시장진흥공단_상가업소정보
음식점,음식점,우리동네휴게소,35.1909134928148,128.99126407723,소상공인시장진흥공단_상가업소정보
음식점,음식점,도깨비중국집,35.1500003889975,129.012517913658,소상공인시장진흥공단_상가업소정보
음식점,음식점,인쇄타운식당,35.1866758714441,128.979854260344,소상공인시장진흥공단_상가업소정보
음식점,음식점,명객양꼬치,35.1643250749911,128.984360309315,소상공인시장진흥공단_상가업소정보
음식점,음식점,진돼지곰탕사상,35.1624839786039,128.978466519488,소상공인시장진흥공단_상가업소정보
생활편의,소매,아로마스포츠,35.1636862509405,128.985398289454,소상공인시장진흥공단_상가업소정보
음식점,음식점,델피하우스,35.155448841696,128.979382435545,소상공인시장진흥공단_상가업소정보
음식점,음식점,아늑,35.1868267435084,128.988793285148,소상공인시장진흥공단_상가업소정보
음식점,음식점,슬라이스잇주례지점,35.145350291572,129.002188947373,소상공인시장진흥공단_상가업소정보
생활편의,소매,가죽공방현,35.1739560384055,128.983968795933,소상공인시장진흥공단_상가업소정보
음식점,음식점,진주육전밀면,35.1753912918595,128.989315849926,소상공인시장진흥공단_상가업소정보
음식점,음식점,무가나닭도리탕,35.1674070552877,128.982712210082,소상공인시장진흥공단_상가업소정보
음식점,음식점,영커피부산사상시니어클럽괘법점,35.1640219189752,128.986361190942,소상공인시장진흥공단_상가업소정보
음식점,음식점,고기덮밥사상점,35.1631457315728,128.980984606691,소상공인시장진흥공단_상가업소정보
생활편의,문화체육,덕포중흥당구클럽,35.1723904364075,128.984369754513,소상공인시장진흥공단_상가업소정보
생활편의,소매,호연테크,35.1932183306506,128.990299387773,소상공인시장진흥공단_상가업소정보
음식점,음식점,밥심,35.1874219749189,128.99041046102,소상공인시장진흥공단_상가업소정보
음식점,음식점,60계부산,35.1291236480733,128.972305962418,소상공인시장진흥공단_상가업소정보
음식점,음식점,복천안주마을사상점,35.1629025406454,128.985379236575,소상공인시장진흥공단_상가업소정보
음식점,음식점,옹가아구찜,35.1854203254455,128.992117938226,소상공인시장진흥공단_상가업소정보
음식점,음식점,커피볶는시골커피괘법한신점,35.1690227194633,128.979250508854,소상공인시장진흥공단_상가업소정보
음식점,음식점,돈헤븐,35.164140615487,128.985167906817,소상공인시장진흥공단_상가업소정보
음식점,음식점,그레이핍플사상괘법점,35.1647509833793,128.980913805446,소상공인시장진흥공단_상가업소정보
생활편의,소매,씨유부산신라대점,35.172035414985,128.997739770651,소상공인시장진흥공단_상가업소정보
음식점,음식점,엄마손김밥,35.1583496008735,128.984401675644,소상공인시장진흥공단_상가업소정보
음식점,음식점,성원뒷고기,35.1409635524742,128.982893347925,소상공인시장진흥공단_상가업소정보
생활편의,소매,마디,35.1244008991542,128.970678376414,소상공인시장진흥공단_상가업소정보
생활편의,소매,지에스25삼락공단점,35.18229898057,128.979682210243,소상공인시장진흥공단_상가업소정보
생활편의,문화체육,메가톤빌리아드,35.1530206525639,129.011352420854,소상공인시장진흥공단_상가업소정보
생활편의,문화체육,장난감세상,35.1692919688406,128.980420359805,소상공인시장진흥공단_상가업소정보
생활편의,소매,우리상회,35.1449615437219,129.004988108652,소상공인시장진흥공단_상가업소정보
음식점,음식점,본가의참맛가야밀면,35.1742909772668,128.984426928273,소상공인시장진흥공단_상가업소정보
음식점,음식점,솔잎한식뷔페,35.1373061253753,128.970660325403,소상공인시장진흥공단_상가업소정보
음식점,음식점,굽네치킨주례,35.1489157799121,129.012710637711,소상공인시장진흥공단_상가업소정보
음식점,음식점,헤즈업사상점,35.1634518588376,128.985403564997,소상공인시장진흥공단_상가업소정보
생활편의,문화체육,황금로또사상,35.1519614694052,128.990369106256,소상공인시장진흥공단_상가업소정보
생활편의,소매,크러쉬,35.1643345532276,128.977721218153,소상공인시장진흥공단_상가업소정보
음식점,음식점,후이퍼,35.1701408520675,128.979760508599,소상공인시장진흥공단_상가업소정보
음식점,음식점,먹방오늘의반찬,35.1559143419591,128.981226198284,소상공인시장진흥공단_상가업소정보
생활편의,문화체육,에이피엠다이어트댄스,35.1914864897604,128.993682182822,소상공인시장진흥공단_상가업소정보
생활편의,문화체육,스타디움코인노래연습장,35.1504783615387,129.012496770488,소상공인시장진흥공단_상가업소정보
음식점,음식점,오방칼국수,35.185081406531,128.992998789057,소상공인시장진흥공단_상가업소정보
생활편의,소매,해리포터,35.1643345532276,128.977721218153,소상공인시장진흥공단_상가업소정보
음식점,음식점,맹여사육전육회,35.1658349882242,128.983508084035,소상공인시장진흥공단_상가업소정보
생활편의,문화체육,백양당구장,35.1536981461065,128.997642376732,소상공인시장진흥공단_상가업소정보
생활편의,소매,씨유사상모라점,35.1892103619144,128.992902052287,소상공인시장진흥공단_상가업소정보
음식점,음식점,조이디저트,35.1576823307947,128.986075334718,소상공인시장진흥공단_상가업소정보
음식점,음식점,펀비어킹학장더,35.1416143584121,128.983874587151,소상공인시장진흥공단_상가업소정보
생활편의,소매,대림주유소,35.1779149983905,128.976634327284,소상공인시장진흥공단_상가업소정보
음식점,음식점,아덴블랑제리시그니처학장점,35.1416143584121,128.983874587151,소상공인시장진흥공단_상가업소정보
생활편의,소매,오누이바이크,35.1413722494204,128.970549909223,소상공인시장진흥공단_상가업소정보
음식점,음식점,규마루,35.1482709238183,129.013012937086,소상공인시장진흥공단_상가업소정보
생활편의,소매,리틀포레스트,35.1328768728322,128.965386743731,소상공인시장진흥공단_상가업소정보
음식점,음식점,연가네돼지국밥,35.1556171450402,128.987265061076,소상공인시장진흥공단_상가업소정보
음식점,음식점,사상숯불민물장어,35.164122452743,128.981875250003,소상공인시장진흥공단_상가업소정보
음식점,음식점,신박해장국,35.1499749380776,129.004814878757,소상공인시장진흥공단_상가업소정보
음식점,음식점,라라식당,35.1405104547402,128.987994781904,소상공인시장진흥공단_상가업소정보
음식점,음식점,신라밀면,35.1571257480172,128.994170919022,소상공인시장진흥공단_상가업소정보
생활편의,소매,씨유사상지하철역점,35.1624641791146,128.98463333359,소상공인시장진흥공단_상가업소정보
음식점,음식점,젓가락질잘해야만밥을먹나요,35.1554531897838,128.991759949766,소상공인시장진흥공단_상가업소정보
음식점,음식점,감전돼지국밥,35.1547521524795,128.992741379454,소상공인시장진흥공단_상가업소정보
음식점,음식점,미라온도시락부산모라점,35.1896549009677,128.990530800058,소상공인시장진흥공단_상가업소정보
음식점,음식점,오렌지,35.1562109298355,128.981825933143,소상공인시장진흥공단_상가업소정보
생활편의,소매,아엔POST,35.1719279562456,128.980692828599,소상공인시장진흥공단_상가업소정보
음식점,음식점,폴라니포케사상점,35.1619672851042,128.978651530356,소상공인시장진흥공단_상가업소정보
음식점,음식점,가온밀면모라점,35.1925124880285,128.987735302858,소상공인시장진흥공단_상가업소정보
음식점,음식점,정숙이식당,35.1476605085393,129.000358403396,소상공인시장진흥공단_상가업소정보
음식점,음식점,오늘닭발해,35.1485146875721,129.012986026806,소상공인시장진흥공단_상가업소정보
음식점,음식점,마장동고기집모라점,35.1867065463291,128.990623527366,소상공인시장진흥공단_상가업소정보
생활편의,소매,빵집오빠사상점,35.1663698580252,128.982763845952,소상공인시장진흥공단_상가업소정보
생활편의,소매,제이,35.1643345532276,128.977721218153,소상공인시장진흥공단_상가업소정보
음식점,음식점,양정명동찌개마을사상점,35.1538898543664,128.9848858643,소상공인시장진흥공단_상가업소정보
음식점,음식점,도담돼지국밥&매운뼈찜,35.1414391403009,128.985768316728,소상공인시장진흥공단_상가업소정보
음식점,음식점,동원홈푸드동서대학교글로벌빌리지,35.1461353881176,129.007024708599,소상공인시장진흥공단_상가업소정보
생활편의,소매,무인아이스크림할인점,35.1245242353645,128.969189597103,소상공인시장진흥공단_상가업소정보
생활편의,문화체육,우리골프,35.1410129638281,128.983728338407,소상공인시장진흥공단_상가업소정보
음식점,음식점,미지,35.150873701817,129.003871376723,소상공인시장진흥공단_상가업소정보
생활편의,소매,아시아마트,35.1715853208602,128.981255219039,소상공인시장진흥공단_상가업소정보
생활편의,문화체육,비트코인노래연습장,35.1416143584121,128.983874587151,소상공인시장진흥공단_상가업소정보
생활편의,문화체육,플레이온홀덤펍사상점,35.1634518588376,128.985403564997,소상공인시장진흥공단_상가업소정보
음식점,음식점,라벨스하이디엄궁갤러리점,35.1302100803427,128.969227793642,소상공인시장진흥공단_상가업소정보
음식점,음식점,푸라닭부산,35.1493003321385,129.011260835338,소상공인시장진흥공단_상가업소정보
음식점,음식점,베트남식당,35.1875508174048,128.986955788176,소상공인시장진흥공단_상가업소정보
음식점,음식점,연지곤지실내포장센터,35.1653881970248,128.983826458059,소상공인시장진흥공단_상가업소정보
생활편의,소매,부산배터리매니저학장점,35.1464628809295,128.988260269092,소상공인시장진흥공단_상가업소정보
음식점,음식점,캄보디아주점,35.1595965034453,128.984201527282,소상공인시장진흥공단_상가업소정보
음식점,음식점,히스피,35.1490450876455,129.000008280038,소상공인시장진흥공단_상가업소정보
생활편의,소매,이소약국,35.1615738083161,128.984523907415,소상공인시장진흥공단_상가업소정보
음식점,음식점,갤러리카페,35.1631457315728,128.980984606691,소상공인시장진흥공단_상가업소정보
음식점,음식점,딸기,35.192839739437,128.992496708683,소상공인시장진흥공단_상가업소정보
음식점,음식점,용문각,35.1551393771989,128.982875275654,소상공인시장진흥공단_상가업소정보
음식점,음식점,케이찹사라다사상점,35.1642059701835,128.98392942677,소상공인시장진흥공단_상가업소정보
음식점,음식점,슬로우드립사상무인프린트,35.1661810718504,128.983286029714,소상공인시장진흥공단_상가업소정보
음식점,음식점,껌꾸에미엔떠이,35.1729713229548,128.981365682346,소상공인시장진흥공단_상가업소정보
음식점,음식점,천미커피숍,35.1595965034453,128.984201527282,소상공인시장진흥공단_상가업소정보
생활편의,문화체육,바이킹노래연습장,35.1712846671898,128.988052430436,소상공인시장진흥공단_상가업소정보
음식점,음식점,제주대패랑옛날갈비,35.1564177593223,128.981852897111,소상공인시장진흥공단_상가업소정보
생활편의,문화체육,제이에스피시,35.1570825438347,128.985281661398,소상공인시장진흥공단_상가업소정보
음식점,음식점,원두콩,35.1591892305487,128.982106689655,소상공인시장진흥공단_상가업소정보
음식점,음식점,옛날통닭,35.1843609156934,128.993519052904,소상공인시장진흥공단_상가업소정보
생활편의,소매,아시안마트2,35.1719268041473,128.979661140428,소상공인시장진흥공단_상가업소정보
음식점,음식점,반주,35.1394789736608,128.979993969106,소상공인시장진흥공단_상가업소정보
생활편의,소매,이도바이크,35.1413722494204,128.970549909223,소상공인시장진흥공단_상가업소정보
음식점,음식점,골드,35.191545729457,128.988985164005,소상공인시장진흥공단_상가업소정보
음식점,음식점,백채김치찌개부산사상역점,35.1618538581794,128.982281094451,소상공인시장진흥공단_상가업소정보
음식점,음식점,라임,35.1681858596651,128.981929975572,소상공인시장진흥공단_상가업소정보
음식점,음식점,철구공탄,35.1923039276334,128.992747089425,소상공인시장진흥공단_상가업소정보
생활편의,소매,승학모터스,35.1354622066957,128.974872321569,소상공인시장진흥공단_상가업소정보
생활편의,소매,피피플리츠,35.1643345532276,128.977721218153,소상공인시장진흥공단_상가업소정보
음식점,음식점,모람,35.1857369289878,128.989853440364,소상공인시장진흥공단_상가업소정보
생활편의,소매,몽글하니,35.1701799797901,128.983427064107,소상공인시장진흥공단_상가업소정보
생활편의,문화체육,부기부기노래연습장,35.1924291375668,128.992805037223,소상공인시장진흥공단_상가업소정보
생활편의,소매,썬브라더,35.1542454391594,128.983533886445,소상공인시장진흥공단_상가업소정보
음식점,음식점,새벽시장뚝배기대구탕,35.1644182500939,128.985273422716,소상공인시장진흥공단_상가업소정보
음식점,음식점,누리마을감자탕,35.1525678793649,129.001147872011,소상공인시장진흥공단_상가업소정보
생활편의,보건의료,덕포공감치과의원,35.1718370983751,128.982940518327,소상공인시장진흥공단_상가업소정보
음식점,음식점,손이가네김치찜,35.1696456282678,128.97808033011,소상공인시장진흥공단_상가업소정보
음식점,음식점,하삼동커피동서대점,35.1493392339988,129.01325869647,소상공인시장진흥공단_상가업소정보
음식점,음식점,문토스트부산서부버스,35.1631457315728,128.980984606691,소상공인시장진흥공단_상가업소정보
생활편의,소매,뉴가구이즈,35.1643345532276,128.977721218153,소상공인시장진흥공단_상가업소정보
음식점,음식점,육월이일,35.150423687171,129.011990705178,소상공인시장진흥공단_상가업소정보
생활편의,소매,고도종합상사,35.159757357537,128.980430562506,소상공인시장진흥공단_상가업소정보
음식점,음식점,남도락,35.1471927624126,129.000851652776,소상공인시장진흥공단_상가업소정보
음식점,음식점,교촌치킨사상역점,35.1683432388909,128.980572942299,소상공인시장진흥공단_상가업소정보
음식점,음식점,별난돼지별관,35.1545024362477,128.996959789629,소상공인시장진흥공단_상가업소정보
생활편의,소매,더은하온누리약국,35.150660643847,129.00857322029,소상공인시장진흥공단_상가업소정보
음식점,음식점,노타이틀,35.1294412586114,128.9721710209,소상공인시장진흥공단_상가업소정보
생활편의,문화체육,김삿갓노래연습장,35.1849533063227,128.993116405497,소상공인시장진흥공단_상가업소정보
음식점,음식점,구포집,35.1797050821186,128.985645197181,소상공인시장진흥공단_상가업소정보
음식점,음식점,백양숯불갈비학장점,35.1393393228384,128.979716318108,소상공인시장진흥공단_상가업소정보
음식점,음식점,컴포즈커피덕포덕상초점,35.1721245866895,128.988489938192,소상공인시장진흥공단_상가업소정보
생활편의,문화체육,사상구청브라보캐롬클럽,35.1573721307974,128.989052484825,소상공인시장진흥공단_상가업소정보
생활편의,소매,메디언스바이오,35.1776321542179,128.987307001856,소상공인시장진흥공단_상가업소정보
생활편의,소매,이마트24엄궁하늘채점,35.1260700747347,128.978298147312,소상공인시장진흥공단_상가업소정보
생활편의,소매,그린힐,35.1643345532276,128.977721218153,소상공인시장진흥공단_상가업소정보
음식점,음식점,도즈,35.164122452743,128.981875250003,소상공인시장진흥공단_상가업소정보
음식점,음식점,온밥,35.1370704092017,128.976830998245,소상공인시장진흥공단_상가업소정보
음식점,음식점,토핑몬스터피자,35.1488635541485,129.01259963192,소상공인시장진흥공단_상가업소정보
음식점,음식점,밀양국밥,35.1845281197002,128.993215787977,소상공인시장진흥공단_상가업소정보
생활편의,소매,대륜한우,35.1702130868945,128.982505979157,소상공인시장진흥공단_상가업소정보
생활편의,소매,부산중고에어컨매입판매철거설치수리점,35.1588791943913,128.988924584188,소상공인시장진흥공단_상가업소정보
음식점,음식점,수뿔,35.1543069355584,128.997339055147,소상공인시장진흥공단_상가업소정보
생활편의,소매,레봉,35.1569534020096,128.986562373218,소상공인시장진흥공단_상가업소정보
음식점,음식점,화덕으로간고등어,35.1679900319674,128.988926996049,소상공인시장진흥공단_상가업소정보
음식점,음식점,카페란,35.1466754444885,129.008694691945,소상공인시장진흥공단_상가업소정보
음식점,음식점,해뜰날실내포장,35.1502113392034,129.003054165842,소상공인시장진흥공단_상가업소정보
생활편의,문화체육,벤빌리어드,35.194095993476,128.992823801482,소상공인시장진흥공단_상가업소정보
음식점,음식점,예쁜할매국수5000,35.1671496419299,128.983572941874,소상공인시장진흥공단_상가업소정보
음식점,음식점,커피바라,35.146523876657,128.994416858129,소상공인시장진흥공단_상가업소정보
음식점,음식점,파슷타애요사상점,35.168268743643,128.988417979088,소상공인시장진흥공단_상가업소정보
음식점,음식점,불닭발땡초동대문엽기떡볶이부산,35.1278804607333,128.974491756304,소상공인시장진흥공단_상가업소정보
생활편의,문화체육,404피트니스헬스&PT모라점,35.194095993476,128.992823801482,소상공인시장진흥공단_상가업소정보
음식점,음식점,레라카페,35.1488487139294,129.012950368158,소상공인시장진흥공단_상가업소정보
생활편의,소매,대한표준금거래소,35.1310317977696,128.972450716049,소상공인시장진흥공단_상가업소정보
음식점,음식점,미스터김치왕사상점,35.1672029941919,128.984166859022,소상공인시장진흥공단_상가업소정보
생활편의,소매,투안티엔모바일부산,35.1508285814021,129.012571230219,소상공인시장진흥공단_상가업소정보
음식점,음식점,엉클,35.1633625416568,128.98755228622,소상공인시장진흥공단_상가업소정보
생활편의,소매,소망사,35.1441547849586,128.992713338714,소상공인시장진흥공단_상가업소정보
음식점,음식점,청솔로9사상점,35.1693952223775,128.980719183005,소상공인시장진흥공단_상가업소정보
생활편의,소매,민들레,35.1695169432016,128.982642722564,소상공인시장진흥공단_상가업소정보
생활편의,소매,센텀화장품,35.1275926627189,128.968364011655,소상공인시장진흥공단_상가업소정보
음식점,음식점,비케이알버거킹부산,35.1504018790364,129.005154519443,소상공인시장진흥공단_상가업소정보
음식점,음식점,버거킹부산서부비케이알,35.1631457315728,128.980984606691,소상공인시장진흥공단_상가업소정보
음식점,음식점,롯데리아부산사상,35.1639713745536,128.983396974066,소상공인시장진흥공단_상가업소정보
음식점,음식점,위드유감전카페,35.1524406110716,128.977071161882,소상공인시장진흥공단_상가업소정보
음식점,음식점,세라젬웰카페부산사상점,35.1642417994374,128.98339256794,소상공인시장진흥공단_상가업소정보
음식점,음식점,케이에프씨KFC사상역,35.1629601677363,128.984612465139,소상공인시장진흥공단_상가업소정보
생활편의,소매,크로커다일레이디,35.1302054507763,128.971728732883,소상공인시장진흥공단_상가업소정보
생활편의,소매,이마트사상점,35.1642343045877,128.978893016647,소상공인시장진흥공단_상가업소정보
생활편의,소매,위비스지센부산사상점,35.1655512184377,128.98322683512,소상공인시장진흥공단_상가업소정보
음식점,음식점,할리스커피부산백양대로점,35.1629270865128,128.990471713728,소상공인시장진흥공단_상가업소정보
음식점,음식점,앤티앤스,35.1642343045877,128.978893016647,소상공인시장진흥공단_상가업소정보
음식점,음식점,씨앤코컴퍼니블루포트신라대학교점,35.172035414985,128.997739770651,소상공인시장진흥공단_상가업소정보
음식점,음식점,롯데시네마사상엔제리너스,35.1631457315728,128.980984606691,소상공인시장진흥공단_상가업소정보
음식점,음식점,한옥마을전주비빔밥애플점,35.1631457315728,128.980984606691,소상공인시장진흥공단_상가업소정보
생활편의,문화체육,한솔메딕스,35.1471927624126,129.000851652776,소상공인시장진흥공단_상가업소정보
음식점,음식점,구포나루,35.1864678557607,128.989245573601,소상공인시장진흥공단_상가업소정보
생활편의,소매,올리비아로렌,35.1502367309844,129.00315353759,소상공인시장진흥공단_상가업소정보
생활편의,소매,세븐일레븐문정홈즈타워,35.1472350632741,128.988432662247,소상공인시장진흥공단_상가업소정보
생활편의,소매,사상점문화비,35.1275926627189,128.968364011655,소상공인시장진흥공단_상가업소정보
생활편의,소매,협신자동차서비스사상사업소,35.1494049251265,128.992391518174,소상공인시장진흥공단_상가업소정보
생활편의,소매,극동유화주례충전소,35.1502262208867,128.994507227809,소상공인시장진흥공단_상가업소정보
생활편의,소매,극동유화감전충전소,35.1388902422043,128.97133481552,소상공인시장진흥공단_상가업소정보
생활편의,소매,씨엔에스컴퍼니-나인온스모라점,35.1876084388651,128.990579667698,소상공인시장진흥공단_상가업소정보
음식점,음식점,본가정항우케익주례역점,35.1505073363478,129.003138227696,소상공인시장진흥공단_상가업소정보
음식점,음식점,본가정항우케익냉정역,35.1512618782146,129.012527042383,소상공인시장진흥공단_상가업소정보
음식점,음식점,본가정항우케익모덕역점,35.1803913200309,128.985563106895,소상공인시장진흥공단_상가업소정보
생활편의,소매,씨제이올리브영부산사상점,35.1633696698167,128.984370015884,소상공인시장진흥공단_상가업소정보
생활편의,소매,씨제이올리브영부산애플,35.1631457315728,128.980984606691,소상공인시장진흥공단_상가업소정보
생활편의,소매,씨제이올리브영경남정보대점,35.1493501703153,129.012600646092,소상공인시장진흥공단_상가업소정보
생활편의,소매,학장동한우촌,35.1408945572532,128.987653054934,소상공인시장진흥공단_상가업소정보
음식점,음식점,바겟버거신라대학교점,35.172035414985,128.997739770651,소상공인시장진흥공단_상가업소정보
음식점,음식점,위잉로봇치킨,35.1436062752445,128.9844056761,소상공인시장진흥공단_상가업소정보
생활편의,소매,이마트24감전LH점,35.1561123225254,128.994420502463,소상공인시장진흥공단_상가업소정보
생활편의,소매,현대모비스서부산부품센,35.1457113710997,128.971938212488,소상공인시장진흥공단_상가업소정보
생활편의,소매,현대모비스사상부품,35.150376702718,128.982046491743,소상공인시장진흥공단_상가업소정보
생활편의,소매,현대모비스부산부품K,35.1499465222548,128.98849864702,소상공인시장진흥공단_상가업소정보
생활편의,소매,롯데제과(육가공)푸,35.1842881350974,128.977074086141,소상공인시장진흥공단_상가업소정보
생활편의,소매,디지털컴텍,35.1517283990953,129.014820775804,소상공인시장진흥공단_상가업소정보
음식점,음식점,스타벅스,35.1548584864308,128.996134562398,소상공인시장진흥공단_상가업소정보
음식점,음식점,스타벅스,35.1276509270673,128.969769469258,소상공인시장진흥공단_상가업소정보
음식점,음식점,스타벅스,35.1507660153615,129.0098266411,소상공인시장진흥공단_상가업소정보
음식점,음식점,스타벅스,35.1639803827278,128.98339719285,소상공인시장진흥공단_상가업소정보
생활편의,소매,네이처리퍼블릭메트로주례역,35.1505073363478,129.003138227696,소상공인시장진흥공단_상가업소정보
음식점,음식점,크리스피크림도넛부산사상역,35.1623189697732,128.984695647688,소상공인시장진흥공단_상가업소정보
생활편의,소매,화장품물류,35.1719175462579,128.981329132164,소상공인시장진흥공단_상가업소정보
생활편의,소매,씨유현대낙동로점,35.1740613355241,128.976980028166,소상공인시장진흥공단_상가업소정보
생활편의,소매,우정축산물직판장,35.1539023284625,128.996736639973,소상공인시장진흥공단_상가업소정보
생활편의,소매,비비컴퍼니,35.1643345532276,128.977721218153,소상공인시장진흥공단_상가업소정보
음식점,음식점,통뼈감자탕&삼겹살,35.1530206525639,129.011352420854,소상공인시장진흥공단_상가업소정보
생활편의,소매,올리비아로렌웰메이드,35.1509331936352,129.0035436689,소상공인시장진흥공단_상가업소정보
생활편의,소매,주례플랩스타디움,35.1505450878252,128.998124864188,소상공인시장진흥공단_상가업소정보
생활편의,소매,아날도바시니부산사상점,35.16622429028,128.98284810601,소상공인시장진흥공단_상가업소정보
생활편의,소매,아날도바시니부산모라점,35.1884074532066,128.990763821024,소상공인시장진흥공단_상가업소정보
생활편의,소매,짱탁구장,35.1282349450182,128.969322828303,소상공인시장진흥공단_상가업소정보
생활편의,소매,가온에너지더힘대로주유소,35.1740613355241,128.976980028166,소상공인시장진흥공단_상가업소정보
음식점,음식점,교촌치킨신,35.1538856434351,129.015696924042,소상공인시장진흥공단_상가업소정보
생활편의,소매,이마트24학장목화,35.1388013379092,128.979549699102,소상공인시장진흥공단_상가업소정보
생활편의,소매,우정축산모라점,35.1859193987075,128.991361734913,소상공인시장진흥공단_상가업소정보
음식점,음식점,센트부산신라대인문관점차차커피코,35.172035414985,128.997739770651,소상공인시장진흥공단_상가업소정보
생활편의,소매,신라대도서관점,35.172035414985,128.997739770651,소상공인시장진흥공단_상가업소정보
음식점,음식점,스타벅스,35.1624135727338,128.978914740978,소상공인시장진흥공단_상가업소정보
음식점,음식점,스타벅스,35.1642343045877,128.978893016647,소상공인시장진흥공단_상가업소정보
음식점,음식점,스타벅스,35.1768046624223,128.976750124067,소상공인시장진흥공단_상가업소정보
음식점,음식점,스타벅스,35.1629601677363,128.984612465139,소상공인시장진흥공단_상가업소정보
음식점,음식점,돼지팥빙수,35.1714490590622,128.978014273792,소상공인시장진흥공단_상가업소정보
생활편의,소매,푸드바스켓사상역점,35.1642417994374,128.98339256794,소상공인시장진흥공단_상가업소정보
생활편의,소매,씨제이올리브영부산사상,35.1634902971366,128.979752905947,소상공인시장진흥공단_상가업소정보
생활편의,소매,이마트24모라화인점,35.1901574502455,128.993397221071,소상공인시장진흥공단_상가업소정보
생활편의,소매,한영주례지점,35.1527499949447,129.013540248476,소상공인시장진흥공단_상가업소정보
생활편의,소매,프로유통,35.1743466246632,128.983780730911,소상공인시장진흥공단_상가업소정보
생활편의,소매,아라마크LG유플러스부산감전,35.1524406110716,128.977071161882,소상공인시장진흥공단_상가업소정보
생활편의,문화체육,온파크스크린골프학장,35.1407093546848,128.987955736091,소상공인시장진흥공단_상가업소정보
음식점,음식점,외식의달인부,35.1233832099776,128.973406973697,소상공인시장진흥공단_상가업소정보
생활편의,소매,한국금거래소사상점,35.161681546861,128.984548472799,소상공인시장진흥공단_상가업소정보
생활편의,소매,에크라,35.1643345532276,128.977721218153,소상공인시장진흥공단_상가업소정보
생활편의,소매,사랑의편의점,35.1316480128584,128.9727946729,소상공인시장진흥공단_상가업소정보
생활편의,소매,씨유감전,35.1541893454145,128.986956010303,소상공인시장진흥공단_상가업소정보
음식점,음식점,처갓집양념치킨덕포,35.174753504607,128.986446684466,소상공인시장진흥공단_상가업소정보
음식점,음식점,하삼동커피부산벤처,35.1909037859807,128.984721162933,소상공인시장진흥공단_상가업소정보
생활편의,소매,봉쥬르,35.152345220948,128.996073154196,소상공인시장진흥공단_상가업소정보
음식점,음식점,인나포차,35.1695639308507,128.981974401629,소상공인시장진흥공단_상가업소정보
생활편의,소매,GS25강변동원점,35.1673160039471,128.978912826751,소상공인시장진흥공단_상가업소정보
생활편의,소매,세븐일레븐부산신모라점,35.1858671691341,128.990701842583,소상공인시장진흥공단_상가업소정보
음식점,음식점,배스킨라빈스부산덕포역,35.1727503610954,128.983302932516,소상공인시장진흥공단_상가업소정보
생활편의,문화체육,백조노래연습장,35.1864674951731,128.989267518903,소상공인시장진흥공단_상가업소정보
음식점,음식점,호식이두마리치킨감전점,35.1580587295902,128.988399837609,소상공인시장진흥공단_상가업소정보
음식점,음식점,섹시,35.1658058383417,128.980884522945,소상공인시장진흥공단_상가업소정보
음식점,음식점,황금소,35.1573153178842,128.985375103867,소상공인시장진흥공단_상가업소정보
생활편의,소매,싱싱과일,35.1369239390856,128.992372501087,소상공인시장진흥공단_상가업소정보
